{
  "original_uri": "https://www.francetvinfo.fr/monde/usa/presidentielle/donald-trump/etats-unis-une-note-explosive-et-secrete-sur-des-ecoutes-oppose-trump-au-fbi_2589760.html",
  "self": "https://memgator.cs.odu.edu/timemap/json/https://www.francetvinfo.fr/monde/usa/presidentielle/donald-trump/etats-unis-une-note-explosive-et-secrete-sur-des-ecoutes-oppose-trump-au-fbi_2589760.html",
  "mementos": {
    "list": [
      {
        "datetime": "2018-02-01T23:31:02Z",
        "uri": "http://web.archive.org/web/20180201233102/https://www.francetvinfo.fr/monde/usa/presidentielle/donald-trump/etats-unis-une-note-explosive-et-secrete-sur-des-ecoutes-oppose-trump-au-fbi_2589760.html"
      },
      {
        "datetime": "2018-02-02T20:57:55Z",
        "uri": "http://web.archive.org/web/20180202205755/https://www.francetvinfo.fr/monde/usa/presidentielle/donald-trump/etats-unis-une-note-explosive-et-secrete-sur-des-ecoutes-oppose-trump-au-fbi_2589760.html"
      },
      {
        "datetime": "2018-02-04T14:28:12Z",
        "uri": "http://web.archive.org/web/20180204142812/https://www.francetvinfo.fr/monde/usa/presidentielle/donald-trump/etats-unis-une-note-explosive-et-secrete-sur-des-ecoutes-oppose-trump-au-fbi_2589760.html"
      },
      {
        "datetime": "2018-02-05T12:54:39Z",
        "uri": "http://web.archive.org/web/20180205125439/https://www.francetvinfo.fr/monde/usa/presidentielle/donald-trump/etats-unis-une-note-explosive-et-secrete-sur-des-ecoutes-oppose-trump-au-fbi_2589760.html"
      },
      {
        "datetime": "2018-02-06T15:47:44Z",
        "uri": "http://web.archive.org/web/20180206154744/https://www.francetvinfo.fr/monde/usa/presidentielle/donald-trump/etats-unis-une-note-explosive-et-secrete-sur-des-ecoutes-oppose-trump-au-fbi_2589760.html"
      }
    ],
    "first": {
      "datetime": "2018-02-01T23:31:02Z",
      "uri": "http://web.archive.org/web/20180201233102/https://www.francetvinfo.fr/monde/usa/presidentielle/donald-trump/etats-unis-une-note-explosive-et-secrete-sur-des-ecoutes-oppose-trump-au-fbi_2589760.html"
    },
    "last": {
      "datetime": "2018-02-06T15:47:44Z",
      "uri": "http://web.archive.org/web/20180206154744/https://www.francetvinfo.fr/monde/usa/presidentielle/donald-trump/etats-unis-une-note-explosive-et-secrete-sur-des-ecoutes-oppose-trump-au-fbi_2589760.html"
    }
  },
  "timemap_uri": {
    "link_format": "https://memgator.cs.odu.edu/timemap/link/https://www.francetvinfo.fr/monde/usa/presidentielle/donald-trump/etats-unis-une-note-explosive-et-secrete-sur-des-ecoutes-oppose-trump-au-fbi_2589760.html",
    "json_format": "https://memgator.cs.odu.edu/timemap/json/https://www.francetvinfo.fr/monde/usa/presidentielle/donald-trump/etats-unis-une-note-explosive-et-secrete-sur-des-ecoutes-oppose-trump-au-fbi_2589760.html",
    "cdxj_format": "https://memgator.cs.odu.edu/timemap/cdxj/https://www.francetvinfo.fr/monde/usa/presidentielle/donald-trump/etats-unis-une-note-explosive-et-secrete-sur-des-ecoutes-oppose-trump-au-fbi_2589760.html"
  },
  "timegate_uri": "https://memgator.cs.odu.edu/timegate/https://www.francetvinfo.fr/monde/usa/presidentielle/donald-trump/etats-unis-une-note-explosive-et-secrete-sur-des-ecoutes-oppose-trump-au-fbi_2589760.html"
}