{
  "original_uri": "http://www.daruma-ito.co.jp/news/",
  "self": "https://memgator.cs.odu.edu/timemap/json/http://www.daruma-ito.co.jp/news/",
  "mementos": {
    "list": [
      {
        "datetime": "2015-03-07T13:28:53Z",
        "uri": "http://web.archive.org/web/20150307132853/http://www.daruma-ito.co.jp:80/news/"
      },
      {
        "datetime": "2015-03-07T13:28:53Z",
        "uri": "http://web.archive.org/web/20150307132853/http://www.daruma-ito.co.jp:80/news"
      },
      {
        "datetime": "2015-03-09T03:37:06Z",
        "uri": "http://web.archive.org/web/20150309033706/http://www.daruma-ito.co.jp:80/news/"
      },
      {
        "datetime": "2015-03-14T23:53:15Z",
        "uri": "http://web.archive.org/web/20150314235315/http://daruma-ito.co.jp/news/"
      },
      {
        "datetime": "2015-04-07T02:06:57Z",
        "uri": "http://web.archive.org/web/20150407020657/http://www.daruma-ito.co.jp:80/news/"
      },
      {
        "datetime": "2015-04-07T02:06:57Z",
        "uri": "http://web.archive.org/web/20150407020657/http://www.daruma-ito.co.jp:80/news"
      },
      {
        "datetime": "2015-05-08T00:49:00Z",
        "uri": "http://web.archive.org/web/20150508004900/http://www.daruma-ito.co.jp:80/news/"
      },
      {
        "datetime": "2015-05-08T00:49:00Z",
        "uri": "http://web.archive.org/web/20150508004900/http://www.daruma-ito.co.jp:80/news"
      },
      {
        "datetime": "2015-05-09T14:15:58Z",
        "uri": "http://web.archive.org/web/20150509141558/http://www.daruma-ito.co.jp:80/news/"
      },
      {
        "datetime": "2015-06-07T16:20:43Z",
        "uri": "http://web.archive.org/web/20150607162043/http://www.daruma-ito.co.jp:80/news/"
      },
      {
        "datetime": "2015-06-07T16:20:43Z",
        "uri": "http://web.archive.org/web/20150607162043/http://www.daruma-ito.co.jp:80/news"
      },
      {
        "datetime": "2015-07-08T08:56:21Z",
        "uri": "http://web.archive.org/web/20150708085621/http://www.daruma-ito.co.jp:80/news/"
      },
      {
        "datetime": "2015-07-08T08:56:21Z",
        "uri": "http://web.archive.org/web/20150708085621/http://www.daruma-ito.co.jp:80/news"
      },
      {
        "datetime": "2015-08-08T03:53:29Z",
        "uri": "http://web.archive.org/web/20150808035329/http://www.daruma-ito.co.jp:80/news/"
      },
      {
        "datetime": "2015-08-08T03:53:29Z",
        "uri": "http://web.archive.org/web/20150808035329/http://www.daruma-ito.co.jp:80/news"
      },
      {
        "datetime": "2015-09-08T02:51:37Z",
        "uri": "http://web.archive.org/web/20150908025137/http://www.daruma-ito.co.jp:80/news/"
      },
      {
        "datetime": "2015-09-08T02:51:37Z",
        "uri": "http://web.archive.org/web/20150908025137/http://www.daruma-ito.co.jp:80/news"
      },
      {
        "datetime": "2015-10-09T04:43:08Z",
        "uri": "http://web.archive.org/web/20151009044308/http://www.daruma-ito.co.jp:80/news/"
      },
      {
        "datetime": "2015-10-09T04:43:08Z",
        "uri": "http://web.archive.org/web/20151009044308/http://www.daruma-ito.co.jp:80/news"
      },
      {
        "datetime": "2015-11-09T10:35:13Z",
        "uri": "http://web.archive.org/web/20151109103513/http://www.daruma-ito.co.jp:80/news/"
      },
      {
        "datetime": "2015-11-09T10:35:13Z",
        "uri": "http://web.archive.org/web/20151109103513/http://www.daruma-ito.co.jp:80/news"
      },
      {
        "datetime": "2015-12-10T08:04:17Z",
        "uri": "http://web.archive.org/web/20151210080417/http://www.daruma-ito.co.jp:80/news/"
      },
      {
        "datetime": "2015-12-10T08:04:17Z",
        "uri": "http://web.archive.org/web/20151210080417/http://www.daruma-ito.co.jp:80/news"
      },
      {
        "datetime": "2015-12-12T22:08:59Z",
        "uri": "http://web.archive.org/web/20151212220859/http://www.daruma-ito.co.jp:80/news/"
      },
      {
        "datetime": "2016-01-10T10:56:00Z",
        "uri": "http://web.archive.org/web/20160110105600/http://www.daruma-ito.co.jp:80/news/"
      },
      {
        "datetime": "2016-01-10T10:56:00Z",
        "uri": "http://web.archive.org/web/20160110105600/http://www.daruma-ito.co.jp:80/news"
      },
      {
        "datetime": "2016-01-25T12:35:24Z",
        "uri": "http://web.archive.org/web/20160125123524/http://daruma-ito.co.jp/news/"
      },
      {
        "datetime": "2016-02-06T08:53:43Z",
        "uri": "http://web.archive.org/web/20160206085343/http://www.daruma-ito.co.jp:80/news/"
      },
      {
        "datetime": "2016-02-06T08:53:43Z",
        "uri": "http://web.archive.org/web/20160206085343/http://www.daruma-ito.co.jp:80/news"
      },
      {
        "datetime": "2016-02-11T11:59:09Z",
        "uri": "http://web.archive.org/web/20160211115909/http://www.daruma-ito.co.jp:80/news/"
      },
      {
        "datetime": "2016-02-12T06:22:53Z",
        "uri": "http://web.archive.org/web/20160212062253/http://www.daruma-ito.co.jp:80/news/"
      },
      {
        "datetime": "2016-03-08T08:17:48Z",
        "uri": "http://web.archive.org/web/20160308081748/http://www.daruma-ito.co.jp:80/news/"
      },
      {
        "datetime": "2016-03-08T08:17:48Z",
        "uri": "http://web.archive.org/web/20160308081748/http://www.daruma-ito.co.jp:80/news"
      },
      {
        "datetime": "2016-03-18T06:23:06Z",
        "uri": "http://web.archive.org/web/20160318062306/http://daruma-ito.co.jp/news/"
      },
      {
        "datetime": "2016-04-08T17:11:41Z",
        "uri": "http://web.archive.org/web/20160408171141/http://www.daruma-ito.co.jp:80/news/"
      },
      {
        "datetime": "2016-04-08T17:11:41Z",
        "uri": "http://web.archive.org/web/20160408171141/http://www.daruma-ito.co.jp:80/news"
      },
      {
        "datetime": "2016-05-09T20:47:05Z",
        "uri": "http://web.archive.org/web/20160509204705/http://www.daruma-ito.co.jp:80/news/"
      },
      {
        "datetime": "2016-05-09T20:47:05Z",
        "uri": "http://web.archive.org/web/20160509204705/http://www.daruma-ito.co.jp:80/news"
      },
      {
        "datetime": "2016-05-25T16:07:16Z",
        "uri": "http://web.archive.org/web/20160525160716/http://www.daruma-ito.co.jp:80/news/"
      },
      {
        "datetime": "2016-06-10T01:38:35Z",
        "uri": "http://web.archive.org/web/20160610013835/http://www.daruma-ito.co.jp:80/news/"
      },
      {
        "datetime": "2016-06-10T01:38:35Z",
        "uri": "http://web.archive.org/web/20160610013835/http://www.daruma-ito.co.jp:80/news"
      },
      {
        "datetime": "2016-07-10T21:55:48Z",
        "uri": "http://web.archive.org/web/20160710215548/http://www.daruma-ito.co.jp:80/news/"
      },
      {
        "datetime": "2016-07-10T21:55:48Z",
        "uri": "http://web.archive.org/web/20160710215548/http://www.daruma-ito.co.jp:80/news"
      },
      {
        "datetime": "2016-07-26T20:17:37Z",
        "uri": "http://web.archive.org/web/20160726201737/http://www.daruma-ito.co.jp:80/news/"
      },
      {
        "datetime": "2016-08-10T22:30:06Z",
        "uri": "http://web.archive.org/web/20160810223006/http://www.daruma-ito.co.jp:80/news/"
      },
      {
        "datetime": "2016-08-10T22:30:06Z",
        "uri": "http://web.archive.org/web/20160810223006/http://www.daruma-ito.co.jp:80/news"
      },
      {
        "datetime": "2016-08-12T00:23:32Z",
        "uri": "http://web.archive.org/web/20160812002332/http://www.daruma-ito.co.jp:80/news/"
      },
      {
        "datetime": "2016-08-12T00:23:32Z",
        "uri": "http://web.archive.org/web/20160812002332/http://www.daruma-ito.co.jp:80/news"
      },
      {
        "datetime": "2016-09-12T10:43:02Z",
        "uri": "http://web.archive.org/web/20160912104302/http://www.daruma-ito.co.jp:80/news/"
      },
      {
        "datetime": "2016-09-12T10:43:02Z",
        "uri": "http://web.archive.org/web/20160912104302/http://www.daruma-ito.co.jp:80/news"
      },
      {
        "datetime": "2016-09-26T06:21:20Z",
        "uri": "http://web.archive.org/web/20160926062120/http://www.daruma-ito.co.jp:80/news/"
      },
      {
        "datetime": "2016-10-13T21:38:58Z",
        "uri": "http://web.archive.org/web/20161013213858/http://www.daruma-ito.co.jp:80/news/"
      },
      {
        "datetime": "2016-10-13T21:38:58Z",
        "uri": "http://web.archive.org/web/20161013213858/http://www.daruma-ito.co.jp:80/news"
      },
      {
        "datetime": "2016-10-14T23:01:12Z",
        "uri": "http://web.archive.org/web/20161014230112/http://www.daruma-ito.co.jp:80/news/"
      },
      {
        "datetime": "2016-10-14T23:01:12Z",
        "uri": "http://web.archive.org/web/20161014230112/http://www.daruma-ito.co.jp:80/news"
      },
      {
        "datetime": "2016-11-07T17:26:46Z",
        "uri": "http://web.archive.org/web/20161107172646/http://daruma-ito.co.jp/news/"
      },
      {
        "datetime": "2016-11-15T20:14:29Z",
        "uri": "http://web.archive.org/web/20161115201429/http://www.daruma-ito.co.jp:80/news/"
      },
      {
        "datetime": "2016-11-15T20:14:29Z",
        "uri": "http://web.archive.org/web/20161115201429/http://www.daruma-ito.co.jp:80/news"
      },
      {
        "datetime": "2016-12-09T07:53:49Z",
        "uri": "http://web.archive.org/web/20161209075349/http://www.daruma-ito.co.jp:80/news/"
      },
      {
        "datetime": "2016-12-09T07:53:49Z",
        "uri": "http://web.archive.org/web/20161209075349/http://www.daruma-ito.co.jp:80/news"
      },
      {
        "datetime": "2016-12-15T05:21:22Z",
        "uri": "http://web.archive.org/web/20161215052122/http://www.daruma-ito.co.jp:80/news/"
      }
    ],
    "first": {
      "datetime": "2015-03-07T13:28:53Z",
      "uri": "http://web.archive.org/web/20150307132853/http://www.daruma-ito.co.jp:80/news/"
    },
    "last": {
      "datetime": "2016-12-15T05:21:22Z",
      "uri": "http://web.archive.org/web/20161215052122/http://www.daruma-ito.co.jp:80/news/"
    }
  },
  "timemap_uri": {
    "link_format": "https://memgator.cs.odu.edu/timemap/link/http://www.daruma-ito.co.jp/news/",
    "json_format": "https://memgator.cs.odu.edu/timemap/json/http://www.daruma-ito.co.jp/news/",
    "cdxj_format": "https://memgator.cs.odu.edu/timemap/cdxj/http://www.daruma-ito.co.jp/news/"
  },
  "timegate_uri": "https://memgator.cs.odu.edu/timegate/http://www.daruma-ito.co.jp/news/"
}