{
  "original_uri": "http://jvhradio.net/gold-hits-radio.html",
  "self": "https://memgator.cs.odu.edu/timemap/json/http://jvhradio.net/gold-hits-radio.html",
  "mementos": {
    "list": [
      {
        "datetime": "2016-07-14T15:59:00Z",
        "uri": "http://web.archive.org/web/20160714155900/http://jvhradio.net:80/gold-hits-radio.html"
      },
      {
        "datetime": "2016-08-15T08:44:29Z",
        "uri": "http://web.archive.org/web/20160815084429/http://jvhradio.net:80/gold-hits-radio.html"
      },
      {
        "datetime": "2016-09-18T03:01:24Z",
        "uri": "http://web.archive.org/web/20160918030124/http://jvhradio.net:80/gold-hits-radio.html"
      },
      {
        "datetime": "2016-09-19T13:14:27Z",
        "uri": "http://web.archive.org/web/20160919131427/http://jvhradio.net:80/gold-hits-radio.html"
      },
      {
        "datetime": "2017-03-22T06:07:28Z",
        "uri": "http://web.archive.org/web/20170322060728/http://jvhradio.net:80/gold-hits-radio.html"
      },
      {
        "datetime": "2017-08-29T23:47:55Z",
        "uri": "http://web.archive.org/web/20170829234755/http://jvhradio.net/gold-hits-radio.html"
      },
      {
        "datetime": "2017-11-19T22:50:30Z",
        "uri": "http://web.archive.org/web/20171119225030/http://jvhradio.net/gold-hits-radio.html"
      }
    ],
    "first": {
      "datetime": "2016-07-14T15:59:00Z",
      "uri": "http://web.archive.org/web/20160714155900/http://jvhradio.net:80/gold-hits-radio.html"
    },
    "last": {
      "datetime": "2017-11-19T22:50:30Z",
      "uri": "http://web.archive.org/web/20171119225030/http://jvhradio.net/gold-hits-radio.html"
    }
  },
  "timemap_uri": {
    "link_format": "https://memgator.cs.odu.edu/timemap/link/http://jvhradio.net/gold-hits-radio.html",
    "json_format": "https://memgator.cs.odu.edu/timemap/json/http://jvhradio.net/gold-hits-radio.html",
    "cdxj_format": "https://memgator.cs.odu.edu/timemap/cdxj/http://jvhradio.net/gold-hits-radio.html"
  },
  "timegate_uri": "https://memgator.cs.odu.edu/timegate/http://jvhradio.net/gold-hits-radio.html"
}