{
  "original_uri": "https://www.reddit.com/user/washingtonpost/",
  "self": "https://memgator.cs.odu.edu/timemap/json/https://www.reddit.com/user/washingtonpost/",
  "mementos": {
    "list": [
      {
        "datetime": "2017-05-17T23:34:07Z",
        "uri": "http://archive.is/20170517233407/https://www.reddit.com/user/washingtonpost/"
      },
      {
        "datetime": "2017-05-20T09:40:51Z",
        "uri": "http://web.archive.org/web/20170520094051/https://www.reddit.com/user/washingtonpost"
      },
      {
        "datetime": "2017-05-20T09:40:52Z",
        "uri": "http://web.archive.org/web/20170520094052/https://www.reddit.com/user/washingtonpost/"
      },
      {
        "datetime": "2017-05-21T10:07:09Z",
        "uri": "http://web.archive.org/web/20170521100709/https://www.reddit.com/user/washingtonpost"
      },
      {
        "datetime": "2017-05-21T12:04:39Z",
        "uri": "http://web.archive.org/web/20170521120439/http://www.reddit.com/user/washingtonpost"
      },
      {
        "datetime": "2017-05-21T12:04:40Z",
        "uri": "http://web.archive.org/web/20170521120440/https://www.reddit.com/user/washingtonpost"
      },
      {
        "datetime": "2017-05-27T02:04:32Z",
        "uri": "http://web.archive.org/web/20170527020432/https://www.reddit.com/user/washingtonpost/"
      },
      {
        "datetime": "2017-05-27T11:40:46Z",
        "uri": "http://web.archive.org/web/20170527114046/https://www.reddit.com/user/washingtonpost"
      },
      {
        "datetime": "2017-07-01T11:16:39Z",
        "uri": "http://web.archive.org/web/20170701111639/https://www.reddit.com/user/washingtonpost"
      },
      {
        "datetime": "2017-07-08T10:06:33Z",
        "uri": "http://web.archive.org/web/20170708100633/https://www.reddit.com/user/washingtonpost"
      },
      {
        "datetime": "2017-08-05T08:05:25Z",
        "uri": "http://web.archive.org/web/20170805080525/https://www.reddit.com/user/washingtonpost"
      },
      {
        "datetime": "2017-08-05T12:06:52Z",
        "uri": "http://web.archive.org/web/20170805120652/https://www.reddit.com/user/washingtonpost"
      },
      {
        "datetime": "2017-08-12T08:33:10Z",
        "uri": "http://web.archive.org/web/20170812083310/https://www.reddit.com/user/washingtonpost"
      },
      {
        "datetime": "2017-08-12T14:02:20Z",
        "uri": "http://web.archive.org/web/20170812140220/https://www.reddit.com/user/washingtonpost"
      },
      {
        "datetime": "2017-09-09T09:29:55Z",
        "uri": "http://web.archive.org/web/20170909092955/https://www.reddit.com/user/washingtonpost/"
      },
      {
        "datetime": "2017-09-16T10:21:27Z",
        "uri": "http://web.archive.org/web/20170916102127/https://www.reddit.com/user/washingtonpost/"
      },
      {
        "datetime": "2017-09-16T17:27:36Z",
        "uri": "http://web.archive.org/web/20170916172736/https://www.reddit.com/user/washingtonpost"
      },
      {
        "datetime": "2017-10-04T00:00:01Z",
        "uri": "http://web.archive.org/web/20171004000001/https://www.reddit.com/user/washingtonpost/"
      },
      {
        "datetime": "2017-10-05T16:56:21Z",
        "uri": "http://archive.is/20171005165621/https://www.reddit.com/user/washingtonpost/"
      },
      {
        "datetime": "2017-10-16T06:25:20Z",
        "uri": "http://web.archive.org/web/20171016062520/https://www.reddit.com/user/washingtonpost"
      },
      {
        "datetime": "2017-10-17T17:22:51Z",
        "uri": "http://web.archive.org/web/20171017172251/https://www.reddit.com/user/washingtonpost/"
      },
      {
        "datetime": "2017-11-01T20:55:27Z",
        "uri": "http://web.archive.org/web/20171101205527/https://www.reddit.com/user/washingtonpost/"
      },
      {
        "datetime": "2017-11-06T13:33:05Z",
        "uri": "http://archive.is/20171106133305/https://www.reddit.com/user/washingtonpost/"
      },
      {
        "datetime": "2017-11-08T21:09:08Z",
        "uri": "http://web.archive.org/web/20171108210908/https://www.reddit.com/user/washingtonpost/"
      },
      {
        "datetime": "2017-11-15T21:53:16Z",
        "uri": "http://web.archive.org/web/20171115215316/https://www.reddit.com/user/washingtonpost/"
      },
      {
        "datetime": "2017-11-16T17:12:20Z",
        "uri": "http://web.archive.org/web/20171116171220/https://www.reddit.com/user/washingtonpost"
      },
      {
        "datetime": "2017-11-22T22:18:49Z",
        "uri": "http://web.archive.org/web/20171122221849/https://www.reddit.com/user/washingtonpost/"
      },
      {
        "datetime": "2017-11-29T23:00:09Z",
        "uri": "http://web.archive.org/web/20171129230009/https://www.reddit.com/user/washingtonpost/"
      },
      {
        "datetime": "2017-12-06T23:14:29Z",
        "uri": "http://web.archive.org/web/20171206231429/https://www.reddit.com/user/washingtonpost/"
      },
      {
        "datetime": "2017-12-14T00:01:53Z",
        "uri": "http://web.archive.org/web/20171214000153/https://www.reddit.com/user/washingtonpost/"
      },
      {
        "datetime": "2017-12-21T00:31:25Z",
        "uri": "http://web.archive.org/web/20171221003125/https://www.reddit.com/user/washingtonpost/"
      },
      {
        "datetime": "2017-12-23T10:44:59Z",
        "uri": "http://web.archive.org/web/20171223104459/https://www.reddit.com/user/washingtonpost/"
      },
      {
        "datetime": "2018-01-11T01:52:12Z",
        "uri": "http://web.archive.org/web/20180111015212/https://www.reddit.com/user/washingtonpost/"
      },
      {
        "datetime": "2018-01-18T02:42:34Z",
        "uri": "http://web.archive.org/web/20180118024234/https://www.reddit.com/user/washingtonpost/"
      },
      {
        "datetime": "2018-01-25T03:16:02Z",
        "uri": "http://web.archive.org/web/20180125031602/https://www.reddit.com/user/washingtonpost/"
      },
      {
        "datetime": "2018-02-01T04:20:16Z",
        "uri": "http://web.archive.org/web/20180201042016/https://www.reddit.com/user/washingtonpost/"
      }
    ],
    "first": {
      "datetime": "2017-05-17T23:34:07Z",
      "uri": "http://archive.is/20170517233407/https://www.reddit.com/user/washingtonpost/"
    },
    "last": {
      "datetime": "2018-02-01T04:20:16Z",
      "uri": "http://web.archive.org/web/20180201042016/https://www.reddit.com/user/washingtonpost/"
    }
  },
  "timemap_uri": {
    "link_format": "https://memgator.cs.odu.edu/timemap/link/https://www.reddit.com/user/washingtonpost/",
    "json_format": "https://memgator.cs.odu.edu/timemap/json/https://www.reddit.com/user/washingtonpost/",
    "cdxj_format": "https://memgator.cs.odu.edu/timemap/cdxj/https://www.reddit.com/user/washingtonpost/"
  },
  "timegate_uri": "https://memgator.cs.odu.edu/timegate/https://www.reddit.com/user/washingtonpost/"
}