{
  "original_uri": "http://twitch.tv/freiguy86",
  "self": "https://memgator.cs.odu.edu/timemap/json/http://twitch.tv/freiguy86",
  "mementos": {
    "list": [
      {
        "datetime": "2018-01-23T09:18:10Z",
        "uri": "http://web.archive.org/web/20180123091810/https://www.twitch.tv/freiguy86"
      },
      {
        "datetime": "2018-02-04T04:52:47Z",
        "uri": "http://web.archive.org/web/20180204045247/http://twitch.tv/freiguy86"
      },
      {
        "datetime": "2018-02-04T04:52:49Z",
        "uri": "http://web.archive.org/web/20180204045249/http://www.twitch.tv/freiguy86"
      },
      {
        "datetime": "2018-02-04T04:52:53Z",
        "uri": "http://web.archive.org/web/20180204045253/https://www.twitch.tv/freiguy86"
      }
    ],
    "first": {
      "datetime": "2018-01-23T09:18:10Z",
      "uri": "http://web.archive.org/web/20180123091810/https://www.twitch.tv/freiguy86"
    },
    "last": {
      "datetime": "2018-02-04T04:52:53Z",
      "uri": "http://web.archive.org/web/20180204045253/https://www.twitch.tv/freiguy86"
    }
  },
  "timemap_uri": {
    "link_format": "https://memgator.cs.odu.edu/timemap/link/http://twitch.tv/freiguy86",
    "json_format": "https://memgator.cs.odu.edu/timemap/json/http://twitch.tv/freiguy86",
    "cdxj_format": "https://memgator.cs.odu.edu/timemap/cdxj/http://twitch.tv/freiguy86"
  },
  "timegate_uri": "https://memgator.cs.odu.edu/timegate/http://twitch.tv/freiguy86"
}