{
  "original_uri": "http://truthfeednews.com/judicial-watch-reveals-theres-plenty-of-evidence-to-lock-up-hillary-right-now/",
  "self": "https://memgator.cs.odu.edu/timemap/json/http://truthfeednews.com/judicial-watch-reveals-theres-plenty-of-evidence-to-lock-up-hillary-right-now/",
  "mementos": {
    "list": [
      {
        "datetime": "2018-02-02T15:07:48Z",
        "uri": "http://web.archive.org/web/20180202150748/http://truthfeednews.com/judicial-watch-reveals-theres-plenty-of-evidence-to-lock-up-hillary-right-now/"
      }
    ],
    "first": {
      "datetime": "2018-02-02T15:07:48Z",
      "uri": "http://web.archive.org/web/20180202150748/http://truthfeednews.com/judicial-watch-reveals-theres-plenty-of-evidence-to-lock-up-hillary-right-now/"
    },
    "last": {
      "datetime": "2018-02-02T15:07:48Z",
      "uri": "http://web.archive.org/web/20180202150748/http://truthfeednews.com/judicial-watch-reveals-theres-plenty-of-evidence-to-lock-up-hillary-right-now/"
    }
  },
  "timemap_uri": {
    "link_format": "https://memgator.cs.odu.edu/timemap/link/http://truthfeednews.com/judicial-watch-reveals-theres-plenty-of-evidence-to-lock-up-hillary-right-now/",
    "json_format": "https://memgator.cs.odu.edu/timemap/json/http://truthfeednews.com/judicial-watch-reveals-theres-plenty-of-evidence-to-lock-up-hillary-right-now/",
    "cdxj_format": "https://memgator.cs.odu.edu/timemap/cdxj/http://truthfeednews.com/judicial-watch-reveals-theres-plenty-of-evidence-to-lock-up-hillary-right-now/"
  },
  "timegate_uri": "https://memgator.cs.odu.edu/timegate/http://truthfeednews.com/judicial-watch-reveals-theres-plenty-of-evidence-to-lock-up-hillary-right-now/"
}