{
  "original_uri": "http://www.speedvisiongh.com/radio-apps/",
  "self": "https://memgator.cs.odu.edu/timemap/json/http://www.speedvisiongh.com/radio-apps/",
  "mementos": {
    "list": [
      {
        "datetime": "2018-01-21T12:42:42Z",
        "uri": "http://web.archive.org/web/20180121124242/http://www.speedvisiongh.com/radio-apps/"
      }
    ],
    "first": {
      "datetime": "2018-01-21T12:42:42Z",
      "uri": "http://web.archive.org/web/20180121124242/http://www.speedvisiongh.com/radio-apps/"
    },
    "last": {
      "datetime": "2018-01-21T12:42:42Z",
      "uri": "http://web.archive.org/web/20180121124242/http://www.speedvisiongh.com/radio-apps/"
    }
  },
  "timemap_uri": {
    "link_format": "https://memgator.cs.odu.edu/timemap/link/http://www.speedvisiongh.com/radio-apps/",
    "json_format": "https://memgator.cs.odu.edu/timemap/json/http://www.speedvisiongh.com/radio-apps/",
    "cdxj_format": "https://memgator.cs.odu.edu/timemap/cdxj/http://www.speedvisiongh.com/radio-apps/"
  },
  "timegate_uri": "https://memgator.cs.odu.edu/timegate/http://www.speedvisiongh.com/radio-apps/"
}