{
  "original_uri": "http://rover.ebay.com/rover/1/711-53200-19255-0/1?icep_ff3=2",
  "self": "https://memgator.cs.odu.edu/timemap/json/http://rover.ebay.com/rover/1/711-53200-19255-0/1?icep_ff3=2",
  "mementos": {
    "list": [
      {
        "datetime": "2011-01-18T03:26:52Z",
        "uri": "http://web.archive.org/web/20110118032652/http://rover.ebay.com:80/rover/1/711-53200-19255-0/1?icep_ff3=2"
      },
      {
        "datetime": "2013-12-15T02:06:33Z",
        "uri": "http://web.archive.org/web/20131215020633/http://rover.ebay.com/rover/1/711-53200-19255-0/1?icep_ff3=2"
      },
      {
        "datetime": "2016-05-27T02:27:12Z",
        "uri": "http://web.archive.org/web/20160527022712/http://rover.ebay.com/rover/1/711-53200-19255-0/1?icep_ff3=2"
      },
      {
        "datetime": "2017-12-04T10:23:13Z",
        "uri": "http://archive.is/20171204102313/http://rover.ebay.com/rover/1/711-53200-19255-0/1?icep_ff3=2"
      }
    ],
    "first": {
      "datetime": "2011-01-18T03:26:52Z",
      "uri": "http://web.archive.org/web/20110118032652/http://rover.ebay.com:80/rover/1/711-53200-19255-0/1?icep_ff3=2"
    },
    "last": {
      "datetime": "2017-12-04T10:23:13Z",
      "uri": "http://archive.is/20171204102313/http://rover.ebay.com/rover/1/711-53200-19255-0/1?icep_ff3=2"
    }
  },
  "timemap_uri": {
    "link_format": "https://memgator.cs.odu.edu/timemap/link/http://rover.ebay.com/rover/1/711-53200-19255-0/1?icep_ff3=2",
    "json_format": "https://memgator.cs.odu.edu/timemap/json/http://rover.ebay.com/rover/1/711-53200-19255-0/1?icep_ff3=2",
    "cdxj_format": "https://memgator.cs.odu.edu/timemap/cdxj/http://rover.ebay.com/rover/1/711-53200-19255-0/1?icep_ff3=2"
  },
  "timegate_uri": "https://memgator.cs.odu.edu/timegate/http://rover.ebay.com/rover/1/711-53200-19255-0/1?icep_ff3=2"
}