
{
  "original_uri": "http://icefmonline.net",
  "self": "https://memgator.cs.odu.edu/timemap/json/http://icefmonline.net",
  "mementos": {
    "list": [
      {
        "datetime": "2015-08-01T14:33:48Z",
        "uri": "http://web.archive.org/web/20150801143348/http://icefmonline.net/"
      },
      {
        "datetime": "2015-10-12T01:24:33Z",
        "uri": "http://web.archive.org/web/20151012012433/http://www.icefmonline.net/"
      },
      {
        "datetime": "2016-01-09T21:46:22Z",
        "uri": "http://web.archive.org/web/20160109214622/http://icefmonline.net/"
      },
      {
        "datetime": "2016-01-16T14:29:43Z",
        "uri": "http://web.archive.org/web/20160116142943/http://www.icefmonline.net/"
      },
      {
        "datetime": "2016-03-05T11:34:03Z",
        "uri": "http://web.archive.org/web/20160305113403/http://icefmonline.net/"
      },
      {
        "datetime": "2016-03-20T02:53:43Z",
        "uri": "http://web.archive.org/web/20160320025343/http://www.icefmonline.net/"
      },
      {
        "datetime": "2017-04-03T00:12:11Z",
        "uri": "http://web.archive.org/web/20170403001211/http://icefmonline.net:80/"
      },
      {
        "datetime": "2017-06-24T04:18:54Z",
        "uri": "http://web.archive.org/web/20170624041854/http://icefmonline.net/"
      },
      {
        "datetime": "2017-07-17T02:21:21Z",
        "uri": "http://web.archive.org/web/20170717022121/http://www.icefmonline.net:80/"
      },
      {
        "datetime": "2017-07-17T02:21:21Z",
        "uri": "http://web.archive.org/web/20170717022121/http://icefmonline.net:80/"
      },
      {
        "datetime": "2017-07-20T02:17:20Z",
        "uri": "http://web.archive.org/web/20170720021720/http://www.icefmonline.net:80/?"
      },
      {
        "datetime": "2017-08-04T08:58:40Z",
        "uri": "http://web.archive.org/web/20170804085840/http://www.icefmonline.net:80/"
      },
      {
        "datetime": "2017-08-30T07:21:54Z",
        "uri": "http://web.archive.org/web/20170830072154/http://icefmonline.net/"
      },
      {
        "datetime": "2017-08-30T18:29:36Z",
        "uri": "http://web.archive.org/web/20170830182936/http://www.icefmonline.net/"
      },
      {
        "datetime": "2017-09-24T12:42:46Z",
        "uri": "http://web.archive.org/web/20170924124246/http://icefmonline.net/"
      },
      {
        "datetime": "2017-11-19T10:43:44Z",
        "uri": "http://web.archive.org/web/20171119104344/http://icefmonline.net/"
      },
      {
        "datetime": "2018-01-21T22:10:27Z",
        "uri": "http://web.archive.org/web/20180121221027/http://www.icefmonline.net/"
      }
    ],
    "first": {
      "datetime": "2015-08-01T14:33:48Z",
      "uri": "http://web.archive.org/web/20150801143348/http://icefmonline.net/"
    },
    "last": {
      "datetime": "2018-01-21T22:10:27Z",
      "uri": "http://web.archive.org/web/20180121221027/http://www.icefmonline.net/"
    }
  },
  "timemap_uri": {
    "link_format": "https://memgator.cs.odu.edu/timemap/link/http://icefmonline.net",
    "json_format": "https://memgator.cs.odu.edu/timemap/json/http://icefmonline.net",
    "cdxj_format": "https://memgator.cs.odu.edu/timemap/cdxj/http://icefmonline.net"
  },
  "timegate_uri": "https://memgator.cs.odu.edu/timegate/http://icefmonline.net"
}