{
  "original_uri": "https://deep.radio",
  "self": "https://memgator.cs.odu.edu/timemap/json/https://deep.radio",
  "mementos": {
    "list": [
      {
        "datetime": "2017-06-25T04:19:49Z",
        "uri": "http://web.archive.org/web/20170625041949/https://deep.radio/"
      },
      {
        "datetime": "2017-08-29T23:58:22Z",
        "uri": "http://web.archive.org/web/20170829235822/https://deep.radio/"
      },
      {
        "datetime": "2017-08-30T20:51:24Z",
        "uri": "http://web.archive.org/web/20170830205124/https://deep.radio/"
      },
      {
        "datetime": "2017-09-01T19:51:17Z",
        "uri": "http://archive.is/20170901195117/https://deep.radio/"
      },
      {
        "datetime": "2017-09-05T05:56:49Z",
        "uri": "http://web.archive.org/web/20170905055649/https://deep.radio/"
      },
      {
        "datetime": "2017-09-13T21:08:48Z",
        "uri": "http://web.archive.org/web/20170913210848/https://deep.radio/"
      },
      {
        "datetime": "2017-10-01T18:50:53Z",
        "uri": "http://web.archive.org/web/20171001185053/https://deep.radio/"
      },
      {
        "datetime": "2017-10-06T20:15:49Z",
        "uri": "http://archive.is/20171006201549/https://deep.radio/"
      },
      {
        "datetime": "2017-11-09T00:55:38Z",
        "uri": "http://web.archive.org/web/20171109005538/https://deep.radio/"
      },
      {
        "datetime": "2017-11-26T20:09:33Z",
        "uri": "http://web.archive.org/web/20171126200933/https://deep.radio/"
      },
      {
        "datetime": "2018-01-07T08:49:48Z",
        "uri": "http://web.archive.org/web/20180107084948/http://deep.radio/"
      },
      {
        "datetime": "2018-01-21T10:42:17Z",
        "uri": "http://web.archive.org/web/20180121104217/https://deep.radio/"
      }
    ],
    "first": {
      "datetime": "2017-06-25T04:19:49Z",
      "uri": "http://web.archive.org/web/20170625041949/https://deep.radio/"
    },
    "last": {
      "datetime": "2018-01-21T10:42:17Z",
      "uri": "http://web.archive.org/web/20180121104217/https://deep.radio/"
    }
  },
  "timemap_uri": {
    "link_format": "https://memgator.cs.odu.edu/timemap/link/https://deep.radio",
    "json_format": "https://memgator.cs.odu.edu/timemap/json/https://deep.radio",
    "cdxj_format": "https://memgator.cs.odu.edu/timemap/cdxj/https://deep.radio"
  },
  "timegate_uri": "https://memgator.cs.odu.edu/timegate/https://deep.radio"
}