{
  "original_uri": "http://www.cnn.com/2018/01/31/politics/donald-trump-rod-rosenstein-december-meeting/index.html",
  "self": "https://memgator.cs.odu.edu/timemap/json/http://www.cnn.com/2018/01/31/politics/donald-trump-rod-rosenstein-december-meeting/index.html",
  "mementos": {
    "list": [
      {
        "datetime": "2018-01-31T20:59:55Z",
        "uri": "http://web.archive.org/web/20180131205955/http://www.cnn.com/2018/01/31/politics/donald-trump-rod-rosenstein-december-meeting/index.html"
      },
      {
        "datetime": "2018-01-31T21:05:07Z",
        "uri": "http://web.archive.org/web/20180131210507/https://www.cnn.com/2018/01/31/politics/donald-trump-rod-rosenstein-december-meeting/index.html"
      },
      {
        "datetime": "2018-01-31T21:05:27Z",
        "uri": "http://archive.is/20180131210527/https://www.cnn.com/2018/01/31/politics/donald-trump-rod-rosenstein-december-meeting/index.html"
      },
      {
        "datetime": "2018-01-31T21:19:26Z",
        "uri": "http://web.archive.org/web/20180131211926/http://www.cnn.com/2018/01/31/politics/donald-trump-rod-rosenstein-december-meeting/index.html"
      },
      {
        "datetime": "2018-01-31T21:36:00Z",
        "uri": "http://web.archive.org/web/20180131213600/http://www.cnn.com/2018/01/31/politics/donald-trump-rod-rosenstein-december-meeting/index.html"
      },
      {
        "datetime": "2018-01-31T21:56:22Z",
        "uri": "http://web.archive.org/web/20180131215622/https://www.cnn.com/2018/01/31/politics/donald-trump-rod-rosenstein-december-meeting/index.html"
      },
      {
        "datetime": "2018-01-31T22:15:59Z",
        "uri": "http://web.archive.org/web/20180131221559/http://www.cnn.com/2018/01/31/politics/donald-trump-rod-rosenstein-december-meeting/index.html"
      },
      {
        "datetime": "2018-01-31T22:47:48Z",
        "uri": "http://web.archive.org/web/20180131224748/http://www.cnn.com/2018/01/31/politics/donald-trump-rod-rosenstein-december-meeting/index.html"
      },
      {
        "datetime": "2018-01-31T22:55:55Z",
        "uri": "http://web.archive.org/web/20180131225555/https://www.cnn.com/2018/01/31/politics/donald-trump-rod-rosenstein-december-meeting/index.html"
      },
      {
        "datetime": "2018-01-31T22:57:59Z",
        "uri": "http://web.archive.org/web/20180131225759/https://www.cnn.com/2018/01/31/politics/donald-trump-rod-rosenstein-december-meeting/index.html"
      },
      {
        "datetime": "2018-01-31T23:17:45Z",
        "uri": "http://web.archive.org/web/20180131231745/http://www.cnn.com/2018/01/31/politics/donald-trump-rod-rosenstein-december-meeting/index.html"
      },
      {
        "datetime": "2018-01-31T23:19:08Z",
        "uri": "http://web.archive.org/web/20180131231908/http://www.cnn.com/2018/01/31/politics/donald-trump-rod-rosenstein-december-meeting/index.html"
      },
      {
        "datetime": "2018-01-31T23:22:20Z",
        "uri": "http://archive.is/20180131232220/https://www.cnn.com/2018/01/31/politics/donald-trump-rod-rosenstein-december-meeting/index.html"
      },
      {
        "datetime": "2018-01-31T23:31:17Z",
        "uri": "http://web.archive.org/web/20180131233117/https://www.cnn.com/2018/01/31/politics/donald-trump-rod-rosenstein-december-meeting/index.html"
      },
      {
        "datetime": "2018-01-31T23:57:36Z",
        "uri": "http://web.archive.org/web/20180131235736/http://www.cnn.com/2018/01/31/politics/donald-trump-rod-rosenstein-december-meeting/index.html"
      },
      {
        "datetime": "2018-02-01T00:32:07Z",
        "uri": "http://web.archive.org/web/20180201003207/http://www.cnn.com/2018/01/31/politics/donald-trump-rod-rosenstein-december-meeting/index.html"
      },
      {
        "datetime": "2018-02-01T00:47:21Z",
        "uri": "http://web.archive.org/web/20180201004721/http://www.cnn.com/2018/01/31/politics/donald-trump-rod-rosenstein-december-meeting/index.html"
      },
      {
        "datetime": "2018-02-01T01:06:55Z",
        "uri": "http://web.archive.org/web/20180201010655/http://www.cnn.com/2018/01/31/politics/donald-trump-rod-rosenstein-december-meeting/index.html"
      },
      {
        "datetime": "2018-02-01T01:36:30Z",
        "uri": "http://web.archive.org/web/20180201013630/http://www.cnn.com/2018/01/31/politics/donald-trump-rod-rosenstein-december-meeting/index.html"
      },
      {
        "datetime": "2018-02-01T01:41:09Z",
        "uri": "http://web.archive.org/web/20180201014109/http://www.cnn.com/2018/01/31/politics/donald-trump-rod-rosenstein-december-meeting/index.html"
      },
      {
        "datetime": "2018-02-01T01:41:38Z",
        "uri": "http://web.archive.org/web/20180201014138/http://www.cnn.com/2018/01/31/politics/donald-trump-rod-rosenstein-december-meeting/index.html"
      },
      {
        "datetime": "2018-02-01T01:59:39Z",
        "uri": "http://web.archive.org/web/20180201015939/http://www.cnn.com/2018/01/31/politics/donald-trump-rod-rosenstein-december-meeting/index.html"
      },
      {
        "datetime": "2018-02-01T02:00:00Z",
        "uri": "http://web.archive.org/web/20180201020000/https://www.cnn.com/2018/01/31/politics/donald-trump-rod-rosenstein-december-meeting/index.html"
      },
      {
        "datetime": "2018-02-01T02:15:02Z",
        "uri": "http://web.archive.org/web/20180201021502/http://www.cnn.com/2018/01/31/politics/donald-trump-rod-rosenstein-december-meeting/index.html"
      },
      {
        "datetime": "2018-02-01T02:48:43Z",
        "uri": "http://web.archive.org/web/20180201024843/http://www.cnn.com/2018/01/31/politics/donald-trump-rod-rosenstein-december-meeting/index.html"
      },
      {
        "datetime": "2018-02-01T03:08:06Z",
        "uri": "http://web.archive.org/web/20180201030806/http://www.cnn.com/2018/01/31/politics/donald-trump-rod-rosenstein-december-meeting/index.html"
      },
      {
        "datetime": "2018-02-01T03:08:32Z",
        "uri": "http://web.archive.org/web/20180201030832/https://www.cnn.com/2018/01/31/politics/donald-trump-rod-rosenstein-december-meeting/index.html"
      },
      {
        "datetime": "2018-02-01T03:22:43Z",
        "uri": "http://web.archive.org/web/20180201032243/http://www.cnn.com/2018/01/31/politics/donald-trump-rod-rosenstein-december-meeting/index.html"
      },
      {
        "datetime": "2018-02-01T03:36:01Z",
        "uri": "http://web.archive.org/web/20180201033601/http://www.cnn.com/2018/01/31/politics/donald-trump-rod-rosenstein-december-meeting/index.html"
      },
      {
        "datetime": "2018-02-01T03:36:48Z",
        "uri": "http://web.archive.org/web/20180201033648/https://www.cnn.com/2018/01/31/politics/donald-trump-rod-rosenstein-december-meeting/index.html"
      },
      {
        "datetime": "2018-02-01T03:58:45Z",
        "uri": "http://web.archive.org/web/20180201035845/http://www.cnn.com/2018/01/31/politics/donald-trump-rod-rosenstein-december-meeting/index.html"
      },
      {
        "datetime": "2018-02-01T04:32:34Z",
        "uri": "http://web.archive.org/web/20180201043234/http://www.cnn.com/2018/01/31/politics/donald-trump-rod-rosenstein-december-meeting/index.html"
      },
      {
        "datetime": "2018-02-01T05:07:02Z",
        "uri": "http://web.archive.org/web/20180201050702/http://www.cnn.com/2018/01/31/politics/donald-trump-rod-rosenstein-december-meeting/index.html"
      },
      {
        "datetime": "2018-02-01T05:40:49Z",
        "uri": "http://web.archive.org/web/20180201054049/http://www.cnn.com/2018/01/31/politics/donald-trump-rod-rosenstein-december-meeting/index.html"
      },
      {
        "datetime": "2018-02-01T06:14:26Z",
        "uri": "http://web.archive.org/web/20180201061426/http://www.cnn.com/2018/01/31/politics/donald-trump-rod-rosenstein-december-meeting/index.html"
      },
      {
        "datetime": "2018-02-01T06:48:08Z",
        "uri": "http://web.archive.org/web/20180201064808/http://www.cnn.com/2018/01/31/politics/donald-trump-rod-rosenstein-december-meeting/index.html"
      },
      {
        "datetime": "2018-02-01T06:57:32Z",
        "uri": "http://web.archive.org/web/20180201065732/https://www.cnn.com/2018/01/31/politics/donald-trump-rod-rosenstein-december-meeting/index.html"
      },
      {
        "datetime": "2018-02-01T07:21:49Z",
        "uri": "http://web.archive.org/web/20180201072149/http://www.cnn.com/2018/01/31/politics/donald-trump-rod-rosenstein-december-meeting/index.html"
      },
      {
        "datetime": "2018-02-01T07:55:56Z",
        "uri": "http://web.archive.org/web/20180201075556/http://www.cnn.com/2018/01/31/politics/donald-trump-rod-rosenstein-december-meeting/index.html"
      },
      {
        "datetime": "2018-02-01T07:56:08Z",
        "uri": "http://web.archive.org/web/20180201075608/https://www.cnn.com/2018/01/31/politics/donald-trump-rod-rosenstein-december-meeting/index.html"
      },
      {
        "datetime": "2018-02-01T08:29:44Z",
        "uri": "http://web.archive.org/web/20180201082944/http://www.cnn.com/2018/01/31/politics/donald-trump-rod-rosenstein-december-meeting/index.html"
      },
      {
        "datetime": "2018-02-01T09:04:36Z",
        "uri": "http://web.archive.org/web/20180201090436/http://www.cnn.com/2018/01/31/politics/donald-trump-rod-rosenstein-december-meeting/index.html"
      },
      {
        "datetime": "2018-02-01T09:05:15Z",
        "uri": "http://wayback.archive-it.org/all/20180201090515/https://www.cnn.com/2018/01/31/politics/donald-trump-rod-rosenstein-december-meeting/index.html"
      },
      {
        "datetime": "2018-02-01T09:05:15Z",
        "uri": "http://web.archive.org/web/20180201090515/https://www.cnn.com/2018/01/31/politics/donald-trump-rod-rosenstein-december-meeting/index.html"
      },
      {
        "datetime": "2018-02-01T09:39:20Z",
        "uri": "http://web.archive.org/web/20180201093920/http://www.cnn.com/2018/01/31/politics/donald-trump-rod-rosenstein-december-meeting/index.html"
      },
      {
        "datetime": "2018-02-01T10:14:05Z",
        "uri": "http://web.archive.org/web/20180201101405/http://www.cnn.com/2018/01/31/politics/donald-trump-rod-rosenstein-december-meeting/index.html"
      },
      {
        "datetime": "2018-02-01T10:39:33Z",
        "uri": "http://web.archive.org/web/20180201103933/http://www.cnn.com/2018/01/31/politics/donald-trump-rod-rosenstein-december-meeting/index.html"
      },
      {
        "datetime": "2018-02-01T11:23:09Z",
        "uri": "http://web.archive.org/web/20180201112309/http://www.cnn.com/2018/01/31/politics/donald-trump-rod-rosenstein-december-meeting/index.html"
      },
      {
        "datetime": "2018-02-01T11:32:15Z",
        "uri": "http://web.archive.org/web/20180201113215/https://www.cnn.com/2018/01/31/politics/donald-trump-rod-rosenstein-december-meeting/index.html"
      },
      {
        "datetime": "2018-02-01T11:57:47Z",
        "uri": "http://web.archive.org/web/20180201115747/http://www.cnn.com/2018/01/31/politics/donald-trump-rod-rosenstein-december-meeting/index.html"
      },
      {
        "datetime": "2018-02-01T12:31:57Z",
        "uri": "http://web.archive.org/web/20180201123157/http://www.cnn.com/2018/01/31/politics/donald-trump-rod-rosenstein-december-meeting/index.html"
      },
      {
        "datetime": "2018-02-01T12:55:06Z",
        "uri": "http://web.archive.org/web/20180201125506/https://www.cnn.com/2018/01/31/politics/donald-trump-rod-rosenstein-december-meeting/index.html"
      },
      {
        "datetime": "2018-02-01T13:05:33Z",
        "uri": "http://web.archive.org/web/20180201130533/http://www.cnn.com/2018/01/31/politics/donald-trump-rod-rosenstein-december-meeting/index.html"
      },
      {
        "datetime": "2018-02-01T13:10:55Z",
        "uri": "http://web.archive.org/web/20180201131055/https://www.cnn.com/2018/01/31/politics/donald-trump-rod-rosenstein-december-meeting/index.html"
      },
      {
        "datetime": "2018-02-01T13:39:25Z",
        "uri": "http://web.archive.org/web/20180201133925/http://www.cnn.com/2018/01/31/politics/donald-trump-rod-rosenstein-december-meeting/index.html"
      },
      {
        "datetime": "2018-02-01T14:13:10Z",
        "uri": "http://web.archive.org/web/20180201141310/http://www.cnn.com/2018/01/31/politics/donald-trump-rod-rosenstein-december-meeting/index.html"
      },
      {
        "datetime": "2018-02-01T14:47:43Z",
        "uri": "http://web.archive.org/web/20180201144743/http://www.cnn.com/2018/01/31/politics/donald-trump-rod-rosenstein-december-meeting/index.html"
      },
      {
        "datetime": "2018-02-01T15:22:26Z",
        "uri": "http://web.archive.org/web/20180201152226/http://www.cnn.com/2018/01/31/politics/donald-trump-rod-rosenstein-december-meeting/index.html"
      },
      {
        "datetime": "2018-02-01T18:48:46Z",
        "uri": "http://web.archive.org/web/20180201184846/https://www.cnn.com/2018/01/31/politics/donald-trump-rod-rosenstein-december-meeting/index.html"
      },
      {
        "datetime": "2018-02-01T20:01:01Z",
        "uri": "http://web.archive.org/web/20180201200101/http://www.cnn.com/2018/01/31/politics/donald-trump-rod-rosenstein-december-meeting/index.html"
      },
      {
        "datetime": "2018-02-01T21:53:55Z",
        "uri": "http://wayback.archive-it.org/all/20180201215355/http://www.cnn.com/2018/01/31/politics/donald-trump-rod-rosenstein-december-meeting/index.html"
      },
      {
        "datetime": "2018-02-01T21:53:55Z",
        "uri": "http://web.archive.org/web/20180201215355/http://www.cnn.com/2018/01/31/politics/donald-trump-rod-rosenstein-december-meeting/index.html"
      },
      {
        "datetime": "2018-02-01T22:02:02Z",
        "uri": "http://web.archive.org/web/20180201220202/http://www.cnn.com/2018/01/31/politics/donald-trump-rod-rosenstein-december-meeting/index.html"
      },
      {
        "datetime": "2018-02-01T22:07:09Z",
        "uri": "http://wayback.archive-it.org/all/20180201220709/https://www.cnn.com/2018/01/31/politics/donald-trump-rod-rosenstein-december-meeting/index.html"
      },
      {
        "datetime": "2018-02-01T22:07:09Z",
        "uri": "http://web.archive.org/web/20180201220709/https://www.cnn.com/2018/01/31/politics/donald-trump-rod-rosenstein-december-meeting/index.html"
      },
      {
        "datetime": "2018-02-02T08:29:52Z",
        "uri": "http://wayback.archive-it.org/all/20180202082952/http://www.cnn.com/2018/01/31/politics/donald-trump-rod-rosenstein-december-meeting/index.html"
      },
      {
        "datetime": "2018-02-02T08:29:52Z",
        "uri": "http://web.archive.org/web/20180202082952/http://www.cnn.com/2018/01/31/politics/donald-trump-rod-rosenstein-december-meeting/index.html"
      },
      {
        "datetime": "2018-02-02T10:45:08Z",
        "uri": "http://web.archive.org/web/20180202104508/https://www.cnn.com/2018/01/31/politics/donald-trump-rod-rosenstein-december-meeting/index.html"
      },
      {
        "datetime": "2018-02-02T11:07:15Z",
        "uri": "http://web.archive.org/web/20180202110715/https://www.cnn.com/2018/01/31/politics/donald-trump-rod-rosenstein-december-meeting/index.html"
      },
      {
        "datetime": "2018-02-02T13:07:29Z",
        "uri": "http://wayback.archive-it.org/all/20180202130729/https://www.cnn.com/2018/01/31/politics/donald-trump-rod-rosenstein-december-meeting/index.html"
      },
      {
        "datetime": "2018-02-02T13:07:29Z",
        "uri": "http://web.archive.org/web/20180202130729/https://www.cnn.com/2018/01/31/politics/donald-trump-rod-rosenstein-december-meeting/index.html"
      },
      {
        "datetime": "2018-02-02T14:11:39Z",
        "uri": "http://web.archive.org/web/20180202141139/https://www.cnn.com/2018/01/31/politics/donald-trump-rod-rosenstein-december-meeting/index.html"
      },
      {
        "datetime": "2018-02-02T14:45:19Z",
        "uri": "http://web.archive.org/web/20180202144519/https://www.cnn.com/2018/01/31/politics/donald-trump-rod-rosenstein-december-meeting/index.html"
      },
      {
        "datetime": "2018-02-02T20:09:21Z",
        "uri": "http://web.archive.org/web/20180202200921/https://www.cnn.com/2018/01/31/politics/donald-trump-rod-rosenstein-december-meeting/index.html"
      },
      {
        "datetime": "2018-02-02T21:45:44Z",
        "uri": "http://web.archive.org/web/20180202214544/http://www.cnn.com/2018/01/31/politics/donald-trump-rod-rosenstein-december-meeting/index.html"
      },
      {
        "datetime": "2018-02-02T23:14:02Z",
        "uri": "http://wayback.archive-it.org/all/20180202231402/http://www.cnn.com/2018/01/31/politics/donald-trump-rod-rosenstein-december-meeting/index.html"
      },
      {
        "datetime": "2018-02-02T23:14:02Z",
        "uri": "http://web.archive.org/web/20180202231402/http://www.cnn.com/2018/01/31/politics/donald-trump-rod-rosenstein-december-meeting/index.html"
      },
      {
        "datetime": "2018-02-03T00:19:51Z",
        "uri": "http://wayback.archive-it.org/all/20180203001951/https://www.cnn.com/2018/01/31/politics/donald-trump-rod-rosenstein-december-meeting/index.html"
      },
      {
        "datetime": "2018-02-03T00:19:51Z",
        "uri": "http://web.archive.org/web/20180203001951/https://www.cnn.com/2018/01/31/politics/donald-trump-rod-rosenstein-december-meeting/index.html"
      },
      {
        "datetime": "2018-02-03T00:40:09Z",
        "uri": "http://wayback.archive-it.org/all/20180203004009/https://www.cnn.com/2018/01/31/politics/donald-trump-rod-rosenstein-december-meeting/index.html"
      },
      {
        "datetime": "2018-02-03T00:40:09Z",
        "uri": "http://web.archive.org/web/20180203004009/https://www.cnn.com/2018/01/31/politics/donald-trump-rod-rosenstein-december-meeting/index.html"
      },
      {
        "datetime": "2018-02-03T09:57:34Z",
        "uri": "http://wayback.archive-it.org/all/20180203095734/https://www.cnn.com/2018/01/31/politics/donald-trump-rod-rosenstein-december-meeting/index.html"
      },
      {
        "datetime": "2018-02-03T09:57:34Z",
        "uri": "http://web.archive.org/web/20180203095734/https://www.cnn.com/2018/01/31/politics/donald-trump-rod-rosenstein-december-meeting/index.html"
      },
      {
        "datetime": "2018-02-03T12:29:09Z",
        "uri": "http://web.archive.org/web/20180203122909/https://www.cnn.com/2018/01/31/politics/donald-trump-rod-rosenstein-december-meeting/index.html"
      },
      {
        "datetime": "2018-02-04T01:59:53Z",
        "uri": "http://wayback.archive-it.org/all/20180204015953/https://www.cnn.com/2018/01/31/politics/donald-trump-rod-rosenstein-december-meeting/index.html"
      },
      {
        "datetime": "2018-02-04T01:59:53Z",
        "uri": "http://web.archive.org/web/20180204015953/https://www.cnn.com/2018/01/31/politics/donald-trump-rod-rosenstein-december-meeting/index.html"
      },
      {
        "datetime": "2018-02-04T05:07:10Z",
        "uri": "http://wayback.archive-it.org/all/20180204050710/https://www.cnn.com/2018/01/31/politics/donald-trump-rod-rosenstein-december-meeting/index.html"
      },
      {
        "datetime": "2018-02-04T05:07:10Z",
        "uri": "http://web.archive.org/web/20180204050710/https://www.cnn.com/2018/01/31/politics/donald-trump-rod-rosenstein-december-meeting/index.html"
      },
      {
        "datetime": "2018-02-04T13:42:21Z",
        "uri": "http://wayback.archive-it.org/all/20180204134221/https://www.cnn.com/2018/01/31/politics/donald-trump-rod-rosenstein-december-meeting/index.html"
      },
      {
        "datetime": "2018-02-04T13:42:21Z",
        "uri": "http://web.archive.org/web/20180204134221/https://www.cnn.com/2018/01/31/politics/donald-trump-rod-rosenstein-december-meeting/index.html"
      },
      {
        "datetime": "2018-02-04T17:38:15Z",
        "uri": "http://web.archive.org/web/20180204173815/https://www.cnn.com/2018/01/31/politics/donald-trump-rod-rosenstein-december-meeting/index.html"
      },
      {
        "datetime": "2018-02-04T20:43:49Z",
        "uri": "http://web.archive.org/web/20180204204349/https://www.cnn.com/2018/01/31/politics/donald-trump-rod-rosenstein-december-meeting/index.html"
      },
      {
        "datetime": "2018-02-04T23:02:06Z",
        "uri": "http://wayback.archive-it.org/all/20180204230206/https://www.cnn.com/2018/01/31/politics/donald-trump-rod-rosenstein-december-meeting/index.html"
      },
      {
        "datetime": "2018-02-04T23:02:06Z",
        "uri": "http://web.archive.org/web/20180204230206/https://www.cnn.com/2018/01/31/politics/donald-trump-rod-rosenstein-december-meeting/index.html"
      },
      {
        "datetime": "2018-02-05T10:55:42Z",
        "uri": "http://wayback.archive-it.org/all/20180205105542/https://www.cnn.com/2018/01/31/politics/donald-trump-rod-rosenstein-december-meeting/index.html"
      },
      {
        "datetime": "2018-02-05T10:55:42Z",
        "uri": "http://web.archive.org/web/20180205105542/https://www.cnn.com/2018/01/31/politics/donald-trump-rod-rosenstein-december-meeting/index.html"
      },
      {
        "datetime": "2018-02-05T13:25:20Z",
        "uri": "http://web.archive.org/web/20180205132520/https://www.cnn.com/2018/01/31/politics/donald-trump-rod-rosenstein-december-meeting/index.html"
      },
      {
        "datetime": "2018-02-05T23:15:13Z",
        "uri": "http://wayback.archive-it.org/all/20180205231513/https://www.cnn.com/2018/01/31/politics/donald-trump-rod-rosenstein-december-meeting/index.html"
      },
      {
        "datetime": "2018-02-05T23:15:13Z",
        "uri": "http://web.archive.org/web/20180205231513/https://www.cnn.com/2018/01/31/politics/donald-trump-rod-rosenstein-december-meeting/index.html"
      },
      {
        "datetime": "2018-02-06T11:21:31Z",
        "uri": "http://web.archive.org/web/20180206112131/https://www.cnn.com/2018/01/31/politics/donald-trump-rod-rosenstein-december-meeting/index.html"
      }
    ],
    "first": {
      "datetime": "2018-01-31T20:59:55Z",
      "uri": "http://web.archive.org/web/20180131205955/http://www.cnn.com/2018/01/31/politics/donald-trump-rod-rosenstein-december-meeting/index.html"
    },
    "last": {
      "datetime": "2018-02-06T11:21:31Z",
      "uri": "http://web.archive.org/web/20180206112131/https://www.cnn.com/2018/01/31/politics/donald-trump-rod-rosenstein-december-meeting/index.html"
    }
  },
  "timemap_uri": {
    "link_format": "https://memgator.cs.odu.edu/timemap/link/http://www.cnn.com/2018/01/31/politics/donald-trump-rod-rosenstein-december-meeting/index.html",
    "json_format": "https://memgator.cs.odu.edu/timemap/json/http://www.cnn.com/2018/01/31/politics/donald-trump-rod-rosenstein-december-meeting/index.html",
    "cdxj_format": "https://memgator.cs.odu.edu/timemap/cdxj/http://www.cnn.com/2018/01/31/politics/donald-trump-rod-rosenstein-december-meeting/index.html"
  },
  "timegate_uri": "https://memgator.cs.odu.edu/timegate/http://www.cnn.com/2018/01/31/politics/donald-trump-rod-rosenstein-december-meeting/index.html"
}