{
  "original_uri": "https://www.theatlantic.com/politics/archive/2018/02/nikki-haley-trump-rumors/552080/",
  "self": "https://memgator.cs.odu.edu/timemap/json/https://www.theatlantic.com/politics/archive/2018/02/nikki-haley-trump-rumors/552080/",
  "mementos": {
    "list": [
      {
        "datetime": "2018-02-01T12:56:56Z",
        "uri": "http://web.archive.org/web/20180201125656/https://www.theatlantic.com/politics/archive/2018/02/nikki-haley-trump-rumors/552080/"
      },
      {
        "datetime": "2018-02-01T13:22:02Z",
        "uri": "http://web.archive.org/web/20180201132202/https://www.theatlantic.com/politics/archive/2018/02/nikki-haley-trump-rumors/552080/"
      },
      {
        "datetime": "2018-02-01T19:24:00Z",
        "uri": "http://web.archive.org/web/20180201192400/https://www.theatlantic.com/politics/archive/2018/02/nikki-haley-trump-rumors/552080/"
      },
      {
        "datetime": "2018-02-01T20:07:52Z",
        "uri": "http://archive.is/20180201200752/https://www.theatlantic.com/politics/archive/2018/02/nikki-haley-trump-rumors/552080/"
      },
      {
        "datetime": "2018-02-02T01:19:40Z",
        "uri": "http://web.archive.org/web/20180202011940/http://www.theatlantic.com/politics/archive/2018/02/nikki-haley-trump-rumors/552080/"
      },
      {
        "datetime": "2018-02-02T01:19:41Z",
        "uri": "http://web.archive.org/web/20180202011941/https://www.theatlantic.com/politics/archive/2018/02/nikki-haley-trump-rumors/552080/"
      },
      {
        "datetime": "2018-02-02T03:53:18Z",
        "uri": "http://archive.is/20180202035318/https://www.theatlantic.com/politics/archive/2018/02/nikki-haley-trump-rumors/552080/"
      },
      {
        "datetime": "2018-02-02T05:31:07Z",
        "uri": "http://web.archive.org/web/20180202053107/https://www.theatlantic.com/politics/archive/2018/02/nikki-haley-trump-rumors/552080/"
      },
      {
        "datetime": "2018-02-04T07:00:54Z",
        "uri": "http://wayback.archive-it.org/all/20180204070054/https://www.theatlantic.com/politics/archive/2018/02/nikki-haley-trump-rumors/552080/"
      },
      {
        "datetime": "2018-02-04T07:00:54Z",
        "uri": "http://web.archive.org/web/20180204070054/https://www.theatlantic.com/politics/archive/2018/02/nikki-haley-trump-rumors/552080/"
      }
    ],
    "first": {
      "datetime": "2018-02-01T12:56:56Z",
      "uri": "http://web.archive.org/web/20180201125656/https://www.theatlantic.com/politics/archive/2018/02/nikki-haley-trump-rumors/552080/"
    },
    "last": {
      "datetime": "2018-02-04T07:00:54Z",
      "uri": "http://web.archive.org/web/20180204070054/https://www.theatlantic.com/politics/archive/2018/02/nikki-haley-trump-rumors/552080/"
    }
  },
  "timemap_uri": {
    "link_format": "https://memgator.cs.odu.edu/timemap/link/https://www.theatlantic.com/politics/archive/2018/02/nikki-haley-trump-rumors/552080/",
    "json_format": "https://memgator.cs.odu.edu/timemap/json/https://www.theatlantic.com/politics/archive/2018/02/nikki-haley-trump-rumors/552080/",
    "cdxj_format": "https://memgator.cs.odu.edu/timemap/cdxj/https://www.theatlantic.com/politics/archive/2018/02/nikki-haley-trump-rumors/552080/"
  },
  "timegate_uri": "https://memgator.cs.odu.edu/timegate/https://www.theatlantic.com/politics/archive/2018/02/nikki-haley-trump-rumors/552080/"
}