{
  "original_uri": "http://www.itmedia.co.jp/news/articles/1802/01/news068.html",
  "self": "https://memgator.cs.odu.edu/timemap/json/http://www.itmedia.co.jp/news/articles/1802/01/news068.html",
  "mementos": {
    "list": [
      {
        "datetime": "2018-02-01T02:48:52Z",
        "uri": "http://web.archive.org/web/20180201024852/http://www.itmedia.co.jp/news/articles/1802/01/news068.html"
      },
      {
        "datetime": "2018-02-01T06:26:52Z",
        "uri": "http://web.archive.org/web/20180201062652/http://www.itmedia.co.jp/news/articles/1802/01/news068.html"
      },
      {
        "datetime": "2018-02-01T06:27:17Z",
        "uri": "http://archive.is/20180201062717/http://www.itmedia.co.jp/news/articles/1802/01/news068.html"
      },
      {
        "datetime": "2018-02-01T06:44:07Z",
        "uri": "http://web.archive.org/web/20180201064407/http://www.itmedia.co.jp/news/articles/1802/01/news068.html"
      },
      {
        "datetime": "2018-02-01T07:13:55Z",
        "uri": "http://web.archive.org/web/20180201071355/http://www.itmedia.co.jp/news/articles/1802/01/news068.html"
      },
      {
        "datetime": "2018-02-01T07:36:19Z",
        "uri": "http://web.archive.org/web/20180201073619/http://www.itmedia.co.jp/news/articles/1802/01/news068.html"
      },
      {
        "datetime": "2018-02-01T08:11:36Z",
        "uri": "http://web.archive.org/web/20180201081136/http://www.itmedia.co.jp/news/articles/1802/01/news068.html"
      },
      {
        "datetime": "2018-02-01T08:16:10Z",
        "uri": "http://web.archive.org/web/20180201081610/http://www.itmedia.co.jp/news/articles/1802/01/news068.html"
      },
      {
        "datetime": "2018-02-01T08:40:26Z",
        "uri": "http://web.archive.org/web/20180201084026/http://www.itmedia.co.jp/news/articles/1802/01/news068.html"
      },
      {
        "datetime": "2018-02-01T09:12:27Z",
        "uri": "http://web.archive.org/web/20180201091227/http://www.itmedia.co.jp/news/articles/1802/01/news068.html"
      },
      {
        "datetime": "2018-02-01T09:43:00Z",
        "uri": "http://web.archive.org/web/20180201094300/http://www.itmedia.co.jp/news/articles/1802/01/news068.html"
      },
      {
        "datetime": "2018-02-01T09:57:44Z",
        "uri": "http://web.archive.org/web/20180201095744/http://www.itmedia.co.jp/news/articles/1802/01/news068.html"
      },
      {
        "datetime": "2018-02-01T10:10:18Z",
        "uri": "http://web.archive.org/web/20180201101018/http://www.itmedia.co.jp/news/articles/1802/01/news068.html"
      },
      {
        "datetime": "2018-02-01T10:39:10Z",
        "uri": "http://web.archive.org/web/20180201103910/http://www.itmedia.co.jp/news/articles/1802/01/news068.html"
      },
      {
        "datetime": "2018-02-01T11:10:45Z",
        "uri": "http://web.archive.org/web/20180201111045/http://www.itmedia.co.jp/news/articles/1802/01/news068.html"
      },
      {
        "datetime": "2018-02-01T22:56:44Z",
        "uri": "http://web.archive.org/web/20180201225644/http://www.itmedia.co.jp/news/articles/1802/01/news068.html"
      }
    ],
    "first": {
      "datetime": "2018-02-01T02:48:52Z",
      "uri": "http://web.archive.org/web/20180201024852/http://www.itmedia.co.jp/news/articles/1802/01/news068.html"
    },
    "last": {
      "datetime": "2018-02-01T22:56:44Z",
      "uri": "http://web.archive.org/web/20180201225644/http://www.itmedia.co.jp/news/articles/1802/01/news068.html"
    }
  },
  "timemap_uri": {
    "link_format": "https://memgator.cs.odu.edu/timemap/link/http://www.itmedia.co.jp/news/articles/1802/01/news068.html",
    "json_format": "https://memgator.cs.odu.edu/timemap/json/http://www.itmedia.co.jp/news/articles/1802/01/news068.html",
    "cdxj_format": "https://memgator.cs.odu.edu/timemap/cdxj/http://www.itmedia.co.jp/news/articles/1802/01/news068.html"
  },
  "timegate_uri": "https://memgator.cs.odu.edu/timegate/http://www.itmedia.co.jp/news/articles/1802/01/news068.html"
}