{
  "original_uri": "https://www.cnn.com/2018/02/01/politics/trump-31-days-analysis/index.html",
  "self": "https://memgator.cs.odu.edu/timemap/json/https://www.cnn.com/2018/02/01/politics/trump-31-days-analysis/index.html",
  "mementos": {
    "list": [
      {
        "datetime": "2018-02-01T12:27:21Z",
        "uri": "http://wayback.archive-it.org/all/20180201122721/http://www.cnn.com/2018/02/01/politics/trump-31-days-analysis/index.html"
      },
      {
        "datetime": "2018-02-01T12:27:21Z",
        "uri": "http://web.archive.org/web/20180201122721/http://www.cnn.com/2018/02/01/politics/trump-31-days-analysis/index.html"
      },
      {
        "datetime": "2018-02-01T12:53:53Z",
        "uri": "http://web.archive.org/web/20180201125353/http://www.cnn.com/2018/02/01/politics/trump-31-days-analysis/index.html"
      },
      {
        "datetime": "2018-02-01T13:10:56Z",
        "uri": "http://web.archive.org/web/20180201131056/https://www.cnn.com/2018/02/01/politics/trump-31-days-analysis/index.html"
      },
      {
        "datetime": "2018-02-01T15:32:54Z",
        "uri": "http://web.archive.org/web/20180201153254/https://www.cnn.com/2018/02/01/politics/trump-31-days-analysis/index.html"
      },
      {
        "datetime": "2018-02-01T18:52:15Z",
        "uri": "http://web.archive.org/web/20180201185215/https://www.cnn.com/2018/02/01/politics/trump-31-days-analysis/index.html"
      },
      {
        "datetime": "2018-02-01T20:17:52Z",
        "uri": "http://web.archive.org/web/20180201201752/http://www.cnn.com/2018/02/01/politics/trump-31-days-analysis/index.html"
      },
      {
        "datetime": "2018-02-01T20:17:56Z",
        "uri": "http://web.archive.org/web/20180201201756/https://www.cnn.com/2018/02/01/politics/trump-31-days-analysis/index.html"
      },
      {
        "datetime": "2018-02-01T21:54:49Z",
        "uri": "http://wayback.archive-it.org/all/20180201215449/http://www.cnn.com/2018/02/01/politics/trump-31-days-analysis/index.html"
      },
      {
        "datetime": "2018-02-01T21:54:49Z",
        "uri": "http://web.archive.org/web/20180201215449/http://www.cnn.com/2018/02/01/politics/trump-31-days-analysis/index.html"
      },
      {
        "datetime": "2018-02-01T22:14:56Z",
        "uri": "http://wayback.archive-it.org/all/20180201221456/https://www.cnn.com/2018/02/01/politics/trump-31-days-analysis/index.html"
      },
      {
        "datetime": "2018-02-01T22:14:56Z",
        "uri": "http://web.archive.org/web/20180201221456/https://www.cnn.com/2018/02/01/politics/trump-31-days-analysis/index.html"
      },
      {
        "datetime": "2018-02-02T08:29:48Z",
        "uri": "http://wayback.archive-it.org/all/20180202082948/http://www.cnn.com/2018/02/01/politics/trump-31-days-analysis/index.html"
      },
      {
        "datetime": "2018-02-02T08:29:48Z",
        "uri": "http://web.archive.org/web/20180202082948/http://www.cnn.com/2018/02/01/politics/trump-31-days-analysis/index.html"
      },
      {
        "datetime": "2018-02-02T10:45:02Z",
        "uri": "http://web.archive.org/web/20180202104502/https://www.cnn.com/2018/02/01/politics/trump-31-days-analysis/index.html"
      },
      {
        "datetime": "2018-02-02T13:21:32Z",
        "uri": "http://wayback.archive-it.org/all/20180202132132/https://www.cnn.com/2018/02/01/politics/trump-31-days-analysis/index.html"
      },
      {
        "datetime": "2018-02-02T13:21:32Z",
        "uri": "http://web.archive.org/web/20180202132132/https://www.cnn.com/2018/02/01/politics/trump-31-days-analysis/index.html"
      },
      {
        "datetime": "2018-02-02T20:09:48Z",
        "uri": "http://web.archive.org/web/20180202200948/https://www.cnn.com/2018/02/01/politics/trump-31-days-analysis/index.html"
      },
      {
        "datetime": "2018-02-03T00:35:53Z",
        "uri": "http://wayback.archive-it.org/all/20180203003553/https://www.cnn.com/2018/02/01/politics/trump-31-days-analysis/index.html"
      },
      {
        "datetime": "2018-02-03T00:35:53Z",
        "uri": "http://web.archive.org/web/20180203003553/https://www.cnn.com/2018/02/01/politics/trump-31-days-analysis/index.html"
      },
      {
        "datetime": "2018-02-03T10:12:58Z",
        "uri": "http://wayback.archive-it.org/all/20180203101258/https://www.cnn.com/2018/02/01/politics/trump-31-days-analysis/index.html"
      },
      {
        "datetime": "2018-02-03T10:12:58Z",
        "uri": "http://web.archive.org/web/20180203101258/https://www.cnn.com/2018/02/01/politics/trump-31-days-analysis/index.html"
      }
    ],
    "first": {
      "datetime": "2018-02-01T12:27:21Z",
      "uri": "http://wayback.archive-it.org/all/20180201122721/http://www.cnn.com/2018/02/01/politics/trump-31-days-analysis/index.html"
    },
    "last": {
      "datetime": "2018-02-03T10:12:58Z",
      "uri": "http://web.archive.org/web/20180203101258/https://www.cnn.com/2018/02/01/politics/trump-31-days-analysis/index.html"
    }
  },
  "timemap_uri": {
    "link_format": "https://memgator.cs.odu.edu/timemap/link/https://www.cnn.com/2018/02/01/politics/trump-31-days-analysis/index.html",
    "json_format": "https://memgator.cs.odu.edu/timemap/json/https://www.cnn.com/2018/02/01/politics/trump-31-days-analysis/index.html",
    "cdxj_format": "https://memgator.cs.odu.edu/timemap/cdxj/https://www.cnn.com/2018/02/01/politics/trump-31-days-analysis/index.html"
  },
  "timegate_uri": "https://memgator.cs.odu.edu/timegate/https://www.cnn.com/2018/02/01/politics/trump-31-days-analysis/index.html"
}