{
  "original_uri": "http://www.chicagotribune.com/news/local/breaking/ct-met-green-card-veteran-hunger-strike-20180131-story.html",
  "self": "https://memgator.cs.odu.edu/timemap/json/http://www.chicagotribune.com/news/local/breaking/ct-met-green-card-veteran-hunger-strike-20180131-story.html",
  "mementos": {
    "list": [
      {
        "datetime": "2018-02-01T01:06:52Z",
        "uri": "http://web.archive.org/web/20180201010652/http://www.chicagotribune.com/news/local/breaking/ct-met-green-card-veteran-hunger-strike-20180131-story.html"
      },
      {
        "datetime": "2018-02-01T20:49:46Z",
        "uri": "http://web.archive.org/web/20180201204946/http://www.chicagotribune.com/news/local/breaking/ct-met-green-card-veteran-hunger-strike-20180131-story.html"
      },
      {
        "datetime": "2018-02-02T02:44:37Z",
        "uri": "http://web.archive.org/web/20180202024437/http://www.chicagotribune.com/news/local/breaking/ct-met-green-card-veteran-hunger-strike-20180131-story.html"
      },
      {
        "datetime": "2018-02-02T03:36:13Z",
        "uri": "http://web.archive.org/web/20180202033613/http://www.chicagotribune.com/news/local/breaking/ct-met-green-card-veteran-hunger-strike-20180131-story.html"
      },
      {
        "datetime": "2018-02-02T04:42:10Z",
        "uri": "http://web.archive.org/web/20180202044210/http://www.chicagotribune.com/news/local/breaking/ct-met-green-card-veteran-hunger-strike-20180131-story.html"
      },
      {
        "datetime": "2018-02-02T11:33:30Z",
        "uri": "http://web.archive.org/web/20180202113330/http://www.chicagotribune.com/news/local/breaking/ct-met-green-card-veteran-hunger-strike-20180131-story.html"
      },
      {
        "datetime": "2018-02-02T11:34:02Z",
        "uri": "http://web.archive.org/web/20180202113402/http://www.chicagotribune.com/news/local/breaking/ct-met-green-card-veteran-hunger-strike-20180131-story.html"
      },
      {
        "datetime": "2018-02-02T14:55:47Z",
        "uri": "http://web.archive.org/web/20180202145547/http://www.chicagotribune.com/news/local/breaking/ct-met-green-card-veteran-hunger-strike-20180131-story.html"
      },
      {
        "datetime": "2018-02-02T15:19:32Z",
        "uri": "http://web.archive.org/web/20180202151932/http://www.chicagotribune.com/news/local/breaking/ct-met-green-card-veteran-hunger-strike-20180131-story.html"
      },
      {
        "datetime": "2018-02-02T21:33:02Z",
        "uri": "http://web.archive.org/web/20180202213302/http://www.chicagotribune.com/news/local/breaking/ct-met-green-card-veteran-hunger-strike-20180131-story.html"
      },
      {
        "datetime": "2018-02-03T14:53:01Z",
        "uri": "http://web.archive.org/web/20180203145301/http://www.chicagotribune.com/news/local/breaking/ct-met-green-card-veteran-hunger-strike-20180131-story.html"
      },
      {
        "datetime": "2018-02-03T22:34:46Z",
        "uri": "http://web.archive.org/web/20180203223446/http://www.chicagotribune.com/news/local/breaking/ct-met-green-card-veteran-hunger-strike-20180131-story.html"
      },
      {
        "datetime": "2018-02-04T04:48:32Z",
        "uri": "http://web.archive.org/web/20180204044832/http://www.chicagotribune.com/news/local/breaking/ct-met-green-card-veteran-hunger-strike-20180131-story.html"
      },
      {
        "datetime": "2018-02-04T22:45:08Z",
        "uri": "http://web.archive.org/web/20180204224508/http://www.chicagotribune.com/news/local/breaking/ct-met-green-card-veteran-hunger-strike-20180131-story.html"
      },
      {
        "datetime": "2018-02-06T03:25:41Z",
        "uri": "http://web.archive.org/web/20180206032541/http://www.chicagotribune.com/news/local/breaking/ct-met-green-card-veteran-hunger-strike-20180131-story.html"
      }
    ],
    "first": {
      "datetime": "2018-02-01T01:06:52Z",
      "uri": "http://web.archive.org/web/20180201010652/http://www.chicagotribune.com/news/local/breaking/ct-met-green-card-veteran-hunger-strike-20180131-story.html"
    },
    "last": {
      "datetime": "2018-02-06T03:25:41Z",
      "uri": "http://web.archive.org/web/20180206032541/http://www.chicagotribune.com/news/local/breaking/ct-met-green-card-veteran-hunger-strike-20180131-story.html"
    }
  },
  "timemap_uri": {
    "link_format": "https://memgator.cs.odu.edu/timemap/link/http://www.chicagotribune.com/news/local/breaking/ct-met-green-card-veteran-hunger-strike-20180131-story.html",
    "json_format": "https://memgator.cs.odu.edu/timemap/json/http://www.chicagotribune.com/news/local/breaking/ct-met-green-card-veteran-hunger-strike-20180131-story.html",
    "cdxj_format": "https://memgator.cs.odu.edu/timemap/cdxj/http://www.chicagotribune.com/news/local/breaking/ct-met-green-card-veteran-hunger-strike-20180131-story.html"
  },
  "timegate_uri": "https://memgator.cs.odu.edu/timegate/http://www.chicagotribune.com/news/local/breaking/ct-met-green-card-veteran-hunger-strike-20180131-story.html"
}