{
  "original_uri": "https://itunes.apple.com/us/album/believer/1233502263?i=1233502267",
  "self": "https://memgator.cs.odu.edu/timemap/json/https://itunes.apple.com/us/album/believer/1233502263?i=1233502267",
  "mementos": {
    "list": [
      {
        "datetime": "2017-12-01T04:13:22Z",
        "uri": "http://web.archive.org/web/20171201041322/https://itunes.apple.com/us/album/believer/1233502263?i=1233502267"
      },
      {
        "datetime": "2017-12-01T04:13:22Z",
        "uri": "http://wayback.archive-it.org/all/20171201041322/https://itunes.apple.com/us/album/believer/1233502263?i=1233502267"
      }
    ],
    "first": {
      "datetime": "2017-12-01T04:13:22Z",
      "uri": "http://web.archive.org/web/20171201041322/https://itunes.apple.com/us/album/believer/1233502263?i=1233502267"
    },
    "last": {
      "datetime": "2017-12-01T04:13:22Z",
      "uri": "http://wayback.archive-it.org/all/20171201041322/https://itunes.apple.com/us/album/believer/1233502263?i=1233502267"
    }
  },
  "timemap_uri": {
    "link_format": "https://memgator.cs.odu.edu/timemap/link/https://itunes.apple.com/us/album/believer/1233502263?i=1233502267",
    "json_format": "https://memgator.cs.odu.edu/timemap/json/https://itunes.apple.com/us/album/believer/1233502263?i=1233502267",
    "cdxj_format": "https://memgator.cs.odu.edu/timemap/cdxj/https://itunes.apple.com/us/album/believer/1233502263?i=1233502267"
  },
  "timegate_uri": "https://memgator.cs.odu.edu/timegate/https://itunes.apple.com/us/album/believer/1233502263?i=1233502267"
}