{
  "original_uri": "http://time.com/5128429/donald-trump-state-of-the-union-ratings-fact-check/",
  "self": "https://memgator.cs.odu.edu/timemap/json/http://time.com/5128429/donald-trump-state-of-the-union-ratings-fact-check/",
  "mementos": {
    "list": [
      {
        "datetime": "2018-02-02T08:11:04Z",
        "uri": "http://web.archive.org/web/20180202081104/http://time.com/5128429/donald-trump-state-of-the-union-ratings-fact-check/"
      },
      {
        "datetime": "2018-02-04T06:52:46Z",
        "uri": "http://wayback.archive-it.org/all/20180204065246/http://time.com/5128429/donald-trump-state-of-the-union-ratings-fact-check/"
      },
      {
        "datetime": "2018-02-04T06:52:46Z",
        "uri": "http://web.archive.org/web/20180204065246/http://time.com/5128429/donald-trump-state-of-the-union-ratings-fact-check/"
      }
    ],
    "first": {
      "datetime": "2018-02-02T08:11:04Z",
      "uri": "http://web.archive.org/web/20180202081104/http://time.com/5128429/donald-trump-state-of-the-union-ratings-fact-check/"
    },
    "last": {
      "datetime": "2018-02-04T06:52:46Z",
      "uri": "http://web.archive.org/web/20180204065246/http://time.com/5128429/donald-trump-state-of-the-union-ratings-fact-check/"
    }
  },
  "timemap_uri": {
    "link_format": "https://memgator.cs.odu.edu/timemap/link/http://time.com/5128429/donald-trump-state-of-the-union-ratings-fact-check/",
    "json_format": "https://memgator.cs.odu.edu/timemap/json/http://time.com/5128429/donald-trump-state-of-the-union-ratings-fact-check/",
    "cdxj_format": "https://memgator.cs.odu.edu/timemap/cdxj/http://time.com/5128429/donald-trump-state-of-the-union-ratings-fact-check/"
  },
  "timegate_uri": "https://memgator.cs.odu.edu/timegate/http://time.com/5128429/donald-trump-state-of-the-union-ratings-fact-check/"
}