{
  "original_uri": "https://www.rawstory.com/2018/02/msnbc-anchors-stunned-gop-strategist-rick-wilson-says-nunes-memo-came-off-like-fart-hurricane/",
  "self": "https://memgator.cs.odu.edu/timemap/json/https://www.rawstory.com/2018/02/msnbc-anchors-stunned-gop-strategist-rick-wilson-says-nunes-memo-came-off-like-fart-hurricane/",
  "mementos": {
    "list": [
      {
        "datetime": "2018-02-02T21:51:56Z",
        "uri": "http://archive.is/20180202215156/https://www.rawstory.com/2018/02/msnbc-anchors-stunned-gop-strategist-rick-wilson-says-nunes-memo-came-off-like-fart-hurricane/"
      },
      {
        "datetime": "2018-02-03T02:42:59Z",
        "uri": "http://web.archive.org/web/20180203024259/https://www.rawstory.com/2018/02/msnbc-anchors-stunned-gop-strategist-rick-wilson-says-nunes-memo-came-off-like-fart-hurricane/"
      },
      {
        "datetime": "2018-02-03T07:22:24Z",
        "uri": "http://web.archive.org/web/20180203072224/https://www.rawstory.com/2018/02/msnbc-anchors-stunned-gop-strategist-rick-wilson-says-nunes-memo-came-off-like-fart-hurricane/"
      }
    ],
    "first": {
      "datetime": "2018-02-02T21:51:56Z",
      "uri": "http://archive.is/20180202215156/https://www.rawstory.com/2018/02/msnbc-anchors-stunned-gop-strategist-rick-wilson-says-nunes-memo-came-off-like-fart-hurricane/"
    },
    "last": {
      "datetime": "2018-02-03T07:22:24Z",
      "uri": "http://web.archive.org/web/20180203072224/https://www.rawstory.com/2018/02/msnbc-anchors-stunned-gop-strategist-rick-wilson-says-nunes-memo-came-off-like-fart-hurricane/"
    }
  },
  "timemap_uri": {
    "link_format": "https://memgator.cs.odu.edu/timemap/link/https://www.rawstory.com/2018/02/msnbc-anchors-stunned-gop-strategist-rick-wilson-says-nunes-memo-came-off-like-fart-hurricane/",
    "json_format": "https://memgator.cs.odu.edu/timemap/json/https://www.rawstory.com/2018/02/msnbc-anchors-stunned-gop-strategist-rick-wilson-says-nunes-memo-came-off-like-fart-hurricane/",
    "cdxj_format": "https://memgator.cs.odu.edu/timemap/cdxj/https://www.rawstory.com/2018/02/msnbc-anchors-stunned-gop-strategist-rick-wilson-says-nunes-memo-came-off-like-fart-hurricane/"
  },
  "timegate_uri": "https://memgator.cs.odu.edu/timegate/https://www.rawstory.com/2018/02/msnbc-anchors-stunned-gop-strategist-rick-wilson-says-nunes-memo-came-off-like-fart-hurricane/"
}