{
  "original_uri": "https://itunes.apple.com/jp/app/id695408388",
  "self": "https://memgator.cs.odu.edu/timemap/json/https://itunes.apple.com/jp/app/id695408388",
  "mementos": {
    "list": [
      {
        "datetime": "2013-12-13T03:14:16Z",
        "uri": "http://web.archive.org/web/20131213031416/http://itunes.apple.com:80/jp/app/id695408388"
      },
      {
        "datetime": "2014-02-12T06:52:39Z",
        "uri": "http://web.archive.org/web/20140212065239/http://itunes.apple.com:80/jp/app/id695408388"
      },
      {
        "datetime": "2014-04-08T21:10:48Z",
        "uri": "http://web.archive.org/web/20140408211048/https://itunes.apple.com/jp/app/id695408388"
      },
      {
        "datetime": "2014-04-14T02:48:38Z",
        "uri": "http://web.archive.org/web/20140414024838/http://itunes.apple.com:80/jp/app/id695408388"
      },
      {
        "datetime": "2014-08-20T23:58:39Z",
        "uri": "http://web.archive.org/web/20140820235839/https://itunes.apple.com/jp/app/id695408388"
      },
      {
        "datetime": "2014-08-21T09:08:00Z",
        "uri": "http://web.archive.org/web/20140821090800/http://itunes.apple.com/jp/app/id695408388"
      },
      {
        "datetime": "2014-09-18T08:30:56Z",
        "uri": "http://web.archive.org/web/20140918083056/http://itunes.apple.com:80/jp/app/id695408388"
      },
      {
        "datetime": "2015-02-01T20:34:06Z",
        "uri": "http://web.archive.org/web/20150201203406/http://itunes.apple.com:80/jp/app/id695408388"
      },
      {
        "datetime": "2015-03-21T06:28:35Z",
        "uri": "http://web.archive.org/web/20150321062835/http://itunes.apple.com:80/jp/app/id695408388"
      },
      {
        "datetime": "2015-06-25T00:41:23Z",
        "uri": "http://web.archive.org/web/20150625004123/http://itunes.apple.com:80/jp/app/id695408388"
      },
      {
        "datetime": "2015-08-25T20:11:49Z",
        "uri": "http://web.archive.org/web/20150825201149/http://itunes.apple.com:80/jp/app/id695408388"
      },
      {
        "datetime": "2015-10-25T08:38:55Z",
        "uri": "http://web.archive.org/web/20151025083855/http://itunes.apple.com:80/jp/app/id695408388"
      },
      {
        "datetime": "2015-11-05T21:37:18Z",
        "uri": "http://web.archive.org/web/20151105213718/https://itunes.apple.com/jp/app/id695408388"
      },
      {
        "datetime": "2015-11-05T21:37:18Z",
        "uri": "http://web.archive.org/web/20151105213718/http://itunes.apple.com/jp/app/id695408388"
      },
      {
        "datetime": "2015-12-25T05:11:22Z",
        "uri": "http://web.archive.org/web/20151225051122/http://itunes.apple.com:80/jp/app/id695408388"
      },
      {
        "datetime": "2016-03-10T18:17:51Z",
        "uri": "http://web.archive.org/web/20160310181751/http://itunes.apple.com/jp/app/id695408388"
      },
      {
        "datetime": "2016-04-01T03:13:47Z",
        "uri": "http://web.archive.org/web/20160401031347/http://itunes.apple.com:80/jp/app/id695408388"
      },
      {
        "datetime": "2016-04-19T06:34:14Z",
        "uri": "http://web.archive.org/web/20160419063414/https://itunes.apple.com/jp/app/id695408388"
      },
      {
        "datetime": "2016-06-21T23:19:29Z",
        "uri": "http://web.archive.org/web/20160621231929/http://itunes.apple.com:80/jp/app/id695408388"
      },
      {
        "datetime": "2016-08-22T04:47:53Z",
        "uri": "http://web.archive.org/web/20160822044753/http://itunes.apple.com:80/jp/app/id695408388"
      },
      {
        "datetime": "2017-03-25T21:34:32Z",
        "uri": "http://web.archive.org/web/20170325213432/https://itunes.apple.com/jp/app/id695408388"
      },
      {
        "datetime": "2017-04-30T09:57:32Z",
        "uri": "http://web.archive.org/web/20170430095732/http://itunes.apple.com:80/jp/app/id695408388"
      },
      {
        "datetime": "2017-05-01T15:26:05Z",
        "uri": "http://web.archive.org/web/20170501152605/http://itunes.apple.com:80/jp/app/id695408388"
      },
      {
        "datetime": "2017-07-17T01:33:17Z",
        "uri": "http://web.archive.org/web/20170717013317/https://itunes.apple.com/jp/app/id695408388"
      },
      {
        "datetime": "2017-08-05T00:42:57Z",
        "uri": "http://web.archive.org/web/20170805004257/https://itunes.apple.com/jp/app/id695408388"
      },
      {
        "datetime": "2017-09-02T18:09:06Z",
        "uri": "http://web.archive.org/web/20170902180906/https://itunes.apple.com/jp/app/id695408388"
      },
      {
        "datetime": "2017-11-23T03:53:26Z",
        "uri": "http://web.archive.org/web/20171123035326/https://itunes.apple.com/jp/app/id695408388"
      },
      {
        "datetime": "2018-01-02T20:21:14Z",
        "uri": "http://web.archive.org/web/20180102202114/https://itunes.apple.com/jp/app/id695408388"
      }
    ],
    "first": {
      "datetime": "2013-12-13T03:14:16Z",
      "uri": "http://web.archive.org/web/20131213031416/http://itunes.apple.com:80/jp/app/id695408388"
    },
    "last": {
      "datetime": "2018-01-02T20:21:14Z",
      "uri": "http://web.archive.org/web/20180102202114/https://itunes.apple.com/jp/app/id695408388"
    }
  },
  "timemap_uri": {
    "link_format": "https://memgator.cs.odu.edu/timemap/link/https://itunes.apple.com/jp/app/id695408388",
    "json_format": "https://memgator.cs.odu.edu/timemap/json/https://itunes.apple.com/jp/app/id695408388",
    "cdxj_format": "https://memgator.cs.odu.edu/timemap/cdxj/https://itunes.apple.com/jp/app/id695408388"
  },
  "timegate_uri": "https://memgator.cs.odu.edu/timegate/https://itunes.apple.com/jp/app/id695408388"
}