{
  "original_uri": "http://www.palmerreport.com/analysis/democrats-classified-dirt-trump/7699/",
  "self": "https://memgator.cs.odu.edu/timemap/json/http://www.palmerreport.com/analysis/democrats-classified-dirt-trump/7699/",
  "mementos": {
    "list": [
      {
        "datetime": "2018-02-01T12:42:26Z",
        "uri": "http://web.archive.org/web/20180201124226/http://www.palmerreport.com/analysis/democrats-classified-dirt-trump/7699/"
      }
    ],
    "first": {
      "datetime": "2018-02-01T12:42:26Z",
      "uri": "http://web.archive.org/web/20180201124226/http://www.palmerreport.com/analysis/democrats-classified-dirt-trump/7699/"
    },
    "last": {
      "datetime": "2018-02-01T12:42:26Z",
      "uri": "http://web.archive.org/web/20180201124226/http://www.palmerreport.com/analysis/democrats-classified-dirt-trump/7699/"
    }
  },
  "timemap_uri": {
    "link_format": "https://memgator.cs.odu.edu/timemap/link/http://www.palmerreport.com/analysis/democrats-classified-dirt-trump/7699/",
    "json_format": "https://memgator.cs.odu.edu/timemap/json/http://www.palmerreport.com/analysis/democrats-classified-dirt-trump/7699/",
    "cdxj_format": "https://memgator.cs.odu.edu/timemap/cdxj/http://www.palmerreport.com/analysis/democrats-classified-dirt-trump/7699/"
  },
  "timegate_uri": "https://memgator.cs.odu.edu/timegate/http://www.palmerreport.com/analysis/democrats-classified-dirt-trump/7699/"
}