{
  "original_uri": "http://Nacional.com",
  "self": "https://memgator.cs.odu.edu/timemap/json/http://Nacional.com",
  "mementos": {
    "list": [
      {
        "datetime": "1998-11-11T18:42:32Z",
        "uri": "http://web.archive.org/web/19981111184232/http://nacional.com:80/"
      },
      {
        "datetime": "1998-12-01T08:05:26Z",
        "uri": "http://web.archive.org/web/19981201080526/http://www.nacional.com:80/"
      },
      {
        "datetime": "1998-12-12T01:58:23Z",
        "uri": "http://web.archive.org/web/19981212015823/http://nacional.com:80/"
      },
      {
        "datetime": "1998-12-12T03:12:23Z",
        "uri": "http://web.archive.org/web/19981212031223/http://www.nacional.com:80/"
      },
      {
        "datetime": "1999-01-25T09:10:18Z",
        "uri": "http://web.archive.org/web/19990125091018/http://nacional.com:80/"
      },
      {
        "datetime": "1999-01-25T10:14:47Z",
        "uri": "http://web.archive.org/web/19990125101447/http://www.nacional.com:80/"
      },
      {
        "datetime": "1999-02-03T07:59:08Z",
        "uri": "http://web.archive.org/web/19990203075908/http://www.nacional.com:80/"
      },
      {
        "datetime": "1999-02-03T08:02:19Z",
        "uri": "http://web.archive.org/web/19990203080219/http://nacional.com:80/"
      },
      {
        "datetime": "1999-02-08T00:54:38Z",
        "uri": "http://web.archive.org/web/19990208005438/http://nacional.com:80/"
      },
      {
        "datetime": "1999-02-08T01:50:33Z",
        "uri": "http://web.archive.org/web/19990208015033/http://www.nacional.com:80/"
      },
      {
        "datetime": "1999-05-08T16:38:08Z",
        "uri": "http://web.archive.org/web/19990508163808/http://www.nacional.com:80/"
      },
      {
        "datetime": "1999-05-08T18:22:33Z",
        "uri": "http://web.archive.org/web/19990508182233/http://nacional.com:80/"
      },
      {
        "datetime": "2000-03-03T04:36:56Z",
        "uri": "http://web.archive.org/web/20000303043656/http://www.nacional.com:80/"
      },
      {
        "datetime": "2000-03-03T14:15:51Z",
        "uri": "http://web.archive.org/web/20000303141551/http://nacional.com:80/"
      },
      {
        "datetime": "2000-03-04T19:24:53Z",
        "uri": "http://web.archive.org/web/20000304192453/http://www.nacional.com:80/"
      },
      {
        "datetime": "2000-05-10T18:13:19Z",
        "uri": "http://web.archive.org/web/20000510181319/http://nacional.com:80/"
      },
      {
        "datetime": "2000-05-11T22:38:25Z",
        "uri": "http://web.archive.org/web/20000511223825/http://www.nacional.com:80/"
      },
      {
        "datetime": "2000-06-19T19:26:44Z",
        "uri": "http://web.archive.org/web/20000619192644/http://www.nacional.com:80/"
      },
      {
        "datetime": "2000-06-20T20:02:19Z",
        "uri": "http://web.archive.org/web/20000620200219/http://nacional.com:80/"
      },
      {
        "datetime": "2000-06-21T16:08:31Z",
        "uri": "http://web.archive.org/web/20000621160831/http://www.nacional.com:80/"
      },
      {
        "datetime": "2000-11-09T02:11:00Z",
        "uri": "http://web.archive.org/web/20001109021100/http://www.nacional.com:80/"
      },
      {
        "datetime": "2000-11-18T13:22:00Z",
        "uri": "http://web.archive.org/web/20001118132200/http://www.nacional.com:80/"
      },
      {
        "datetime": "2001-04-01T16:37:09Z",
        "uri": "http://web.archive.org/web/20010401163709/http://nacional.com:80/"
      },
      {
        "datetime": "2001-04-05T01:28:39Z",
        "uri": "http://web.archive.org/web/20010405012839/http://nacional.com:80/"
      },
      {
        "datetime": "2001-04-06T05:41:29Z",
        "uri": "http://web.archive.org/web/20010406054129/http://www.nacional.com:80/"
      },
      {
        "datetime": "2001-07-20T13:32:22Z",
        "uri": "http://web.archive.org/web/20010720133222/http://nacional.com:80/"
      },
      {
        "datetime": "2001-09-26T19:16:59Z",
        "uri": "http://web.archive.org/web/20010926191659/http://nacional.com:80/"
      },
      {
        "datetime": "2001-12-02T15:49:54Z",
        "uri": "http://web.archive.org/web/20011202154954/http://nacional.com:80/"
      },
      {
        "datetime": "2002-01-20T22:16:15Z",
        "uri": "http://web.archive.org/web/20020120221615/http://nacional.com:80/"
      },
      {
        "datetime": "2002-03-28T18:02:52Z",
        "uri": "http://web.archive.org/web/20020328180252/http://www.nacional.com:80/"
      },
      {
        "datetime": "2002-05-24T12:17:27Z",
        "uri": "http://web.archive.org/web/20020524121727/http://www.nacional.com:80/"
      },
      {
        "datetime": "2002-05-26T21:40:05Z",
        "uri": "http://web.archive.org/web/20020526214005/http://www.nacional.com:80/"
      },
      {
        "datetime": "2002-05-28T19:02:09Z",
        "uri": "http://web.archive.org/web/20020528190209/http://nacional.com:80/"
      },
      {
        "datetime": "2002-05-31T00:43:51Z",
        "uri": "http://web.archive.org/web/20020531004351/http://nacional.com:80/"
      },
      {
        "datetime": "2002-07-25T22:17:26Z",
        "uri": "http://web.archive.org/web/20020725221726/http://www.nacional.com:80/"
      },
      {
        "datetime": "2002-08-03T19:10:49Z",
        "uri": "http://web.archive.org/web/20020803191049/http://nacional.com:80/"
      },
      {
        "datetime": "2002-09-23T04:44:10Z",
        "uri": "http://web.archive.org/web/20020923044410/http://nacional.com:80/"
      },
      {
        "datetime": "2002-09-25T08:42:45Z",
        "uri": "http://web.archive.org/web/20020925084245/http://nacional.com:80/"
      },
      {
        "datetime": "2002-09-28T04:01:07Z",
        "uri": "http://web.archive.org/web/20020928040107/http://www.nacional.com:80/"
      },
      {
        "datetime": "2002-09-29T19:21:31Z",
        "uri": "http://web.archive.org/web/20020929192131/http://www.nacional.com:80/"
      },
      {
        "datetime": "2002-11-21T09:12:19Z",
        "uri": "http://web.archive.org/web/20021121091219/http://www.nacional.com:80/"
      },
      {
        "datetime": "2002-11-23T08:39:44Z",
        "uri": "http://web.archive.org/web/20021123083944/http://www.nacional.com:80/"
      },
      {
        "datetime": "2002-11-24T07:10:47Z",
        "uri": "http://web.archive.org/web/20021124071047/http://nacional.com:80/"
      },
      {
        "datetime": "2002-12-01T07:48:25Z",
        "uri": "http://web.archive.org/web/20021201074825/http://nacional.com:80/"
      },
      {
        "datetime": "2003-02-04T15:06:47Z",
        "uri": "http://web.archive.org/web/20030204150647/http://nacional.com:80/"
      },
      {
        "datetime": "2003-02-08T04:47:25Z",
        "uri": "http://web.archive.org/web/20030208044725/http://www.nacional.com:80/"
      },
      {
        "datetime": "2003-02-17T13:41:44Z",
        "uri": "http://web.archive.org/web/20030217134144/http://nacional.com:80/"
      },
      {
        "datetime": "2003-02-20T00:37:14Z",
        "uri": "http://web.archive.org/web/20030220003714/http://www.nacional.com:80/"
      },
      {
        "datetime": "2003-03-28T00:20:35Z",
        "uri": "http://web.archive.org/web/20030328002035/http://www.nacional.com:80/"
      },
      {
        "datetime": "2003-04-01T23:37:15Z",
        "uri": "http://web.archive.org/web/20030401233715/http://nacional.com:80/"
      },
      {
        "datetime": "2003-04-20T03:50:12Z",
        "uri": "http://web.archive.org/web/20030420035012/http://nacional.com:80/"
      },
      {
        "datetime": "2003-04-22T09:41:52Z",
        "uri": "http://web.archive.org/web/20030422094152/http://www.nacional.com:80/"
      },
      {
        "datetime": "2003-04-26T15:45:00Z",
        "uri": "http://web.archive.org/web/20030426154500/http://nacional.com:80/"
      },
      {
        "datetime": "2003-05-25T23:38:27Z",
        "uri": "http://web.archive.org/web/20030525233827/http://nacional.com:80/"
      },
      {
        "datetime": "2003-05-26T09:07:49Z",
        "uri": "http://web.archive.org/web/20030526090749/http://www.nacional.com:80/"
      },
      {
        "datetime": "2003-06-09T21:05:53Z",
        "uri": "http://web.archive.org/web/20030609210553/http://nacional.com:80/"
      },
      {
        "datetime": "2003-06-12T03:06:02Z",
        "uri": "http://web.archive.org/web/20030612030602/http://www.nacional.com:80/"
      },
      {
        "datetime": "2003-06-21T05:03:05Z",
        "uri": "http://web.archive.org/web/20030621050305/http://nacional.com:80/"
      },
      {
        "datetime": "2003-07-25T22:29:00Z",
        "uri": "http://web.archive.org/web/20030725222900/http://nacional.com:80/"
      },
      {
        "datetime": "2003-07-30T05:41:18Z",
        "uri": "http://web.archive.org/web/20030730054118/http://www.nacional.com:80/"
      },
      {
        "datetime": "2003-08-08T10:12:02Z",
        "uri": "http://web.archive.org/web/20030808101202/http://nacional.com:80/"
      },
      {
        "datetime": "2003-09-26T16:10:44Z",
        "uri": "http://web.archive.org/web/20030926161044/http://www.nacional.com:80/"
      },
      {
        "datetime": "2003-09-30T15:29:15Z",
        "uri": "http://web.archive.org/web/20030930152915/http://nacional.com:80/"
      },
      {
        "datetime": "2003-10-20T11:38:41Z",
        "uri": "http://web.archive.org/web/20031020113841/http://www.nacional.com:80/"
      },
      {
        "datetime": "2003-10-23T00:05:03Z",
        "uri": "http://web.archive.org/web/20031023000503/http://www.nacional.com:80/"
      },
      {
        "datetime": "2003-12-02T15:57:01Z",
        "uri": "http://web.archive.org/web/20031202155701/http://nacional.com:80/"
      },
      {
        "datetime": "2003-12-08T00:31:11Z",
        "uri": "http://web.archive.org/web/20031208003111/http://www.nacional.com:80/"
      },
      {
        "datetime": "2003-12-21T12:30:20Z",
        "uri": "http://web.archive.org/web/20031221123020/http://nacional.com:80/"
      },
      {
        "datetime": "2003-12-24T06:03:08Z",
        "uri": "http://web.archive.org/web/20031224060308/http://www.nacional.com:80/"
      },
      {
        "datetime": "2004-02-04T14:39:16Z",
        "uri": "http://web.archive.org/web/20040204143916/http://www.nacional.com:80/"
      },
      {
        "datetime": "2004-04-12T12:09:35Z",
        "uri": "http://web.archive.org/web/20040412120935/http://www.nacional.com:80/"
      },
      {
        "datetime": "2004-04-13T16:22:22Z",
        "uri": "http://web.archive.org/web/20040413162222/http://nacional.com:80/"
      },
      {
        "datetime": "2004-05-23T23:23:11Z",
        "uri": "http://web.archive.org/web/20040523232311/http://www.nacional.com:80/"
      },
      {
        "datetime": "2004-06-04T09:48:39Z",
        "uri": "http://web.archive.org/web/20040604094839/http://nacional.com:80/"
      },
      {
        "datetime": "2004-06-10T16:42:32Z",
        "uri": "http://web.archive.org/web/20040610164232/http://www.nacional.com:80/"
      },
      {
        "datetime": "2004-07-28T20:06:48Z",
        "uri": "http://web.archive.org/web/20040728200648/http://nacional.com:80/"
      },
      {
        "datetime": "2004-09-02T09:36:09Z",
        "uri": "http://web.archive.org/web/20040902093609/http://www.nacional.com:80/"
      },
      {
        "datetime": "2004-09-06T09:06:55Z",
        "uri": "http://web.archive.org/web/20040906090655/http://www.nacional.com:80/"
      },
      {
        "datetime": "2004-09-20T05:02:06Z",
        "uri": "http://web.archive.org/web/20040920050206/http://nacional.com:80/"
      },
      {
        "datetime": "2004-09-26T14:09:28Z",
        "uri": "http://web.archive.org/web/20040926140928/http://www.nacional.com:80/"
      },
      {
        "datetime": "2004-09-29T08:51:18Z",
        "uri": "http://web.archive.org/web/20040929085118/http://www.nacional.com:80/"
      },
      {
        "datetime": "2004-11-01T04:26:39Z",
        "uri": "http://web.archive.org/web/20041101042639/http://www.nacional.com:80/"
      },
      {
        "datetime": "2004-11-29T08:01:03Z",
        "uri": "http://web.archive.org/web/20041129080103/http://www.nacional.com:80/"
      },
      {
        "datetime": "2004-12-13T13:31:52Z",
        "uri": "http://web.archive.org/web/20041213133152/http://nacional.com:80/"
      },
      {
        "datetime": "2005-01-27T05:40:06Z",
        "uri": "http://web.archive.org/web/20050127054006/http://www.nacional.com:80/"
      },
      {
        "datetime": "2005-01-30T04:48:02Z",
        "uri": "http://web.archive.org/web/20050130044802/http://www.nacional.com:80/"
      },
      {
        "datetime": "2005-02-04T10:00:45Z",
        "uri": "http://web.archive.org/web/20050204100045/http://www.nacional.com:80/"
      },
      {
        "datetime": "2005-02-05T08:38:46Z",
        "uri": "http://web.archive.org/web/20050205083846/http://www.nacional.com:80/"
      },
      {
        "datetime": "2005-02-07T19:08:10Z",
        "uri": "http://web.archive.org/web/20050207190810/http://www.nacional.com:80/"
      },
      {
        "datetime": "2005-02-13T09:43:22Z",
        "uri": "http://web.archive.org/web/20050213094322/http://www.nacional.com:80/"
      },
      {
        "datetime": "2005-02-14T00:14:52Z",
        "uri": "http://web.archive.org/web/20050214001452/http://nacional.com:80/"
      },
      {
        "datetime": "2005-03-12T23:58:24Z",
        "uri": "http://web.archive.org/web/20050312235824/http://www.nacional.com:80/"
      },
      {
        "datetime": "2005-03-17T09:12:14Z",
        "uri": "http://web.archive.org/web/20050317091214/http://www.nacional.com:80/"
      },
      {
        "datetime": "2005-03-20T09:52:08Z",
        "uri": "http://web.archive.org/web/20050320095208/http://www.nacional.com:80/"
      },
      {
        "datetime": "2005-03-25T08:43:57Z",
        "uri": "http://web.archive.org/web/20050325084357/http://www.nacional.com:80/"
      },
      {
        "datetime": "2005-04-09T08:46:55Z",
        "uri": "http://web.archive.org/web/20050409084655/http://www.nacional.com:80/"
      },
      {
        "datetime": "2005-04-27T11:57:51Z",
        "uri": "http://web.archive.org/web/20050427115751/http://www.nacional.com:80/"
      },
      {
        "datetime": "2005-05-22T07:53:23Z",
        "uri": "http://web.archive.org/web/20050522075323/http://www.nacional.com:80/"
      },
      {
        "datetime": "2005-06-05T08:33:14Z",
        "uri": "http://web.archive.org/web/20050605083314/http://www.nacional.com:80/"
      },
      {
        "datetime": "2005-06-15T07:50:39Z",
        "uri": "http://web.archive.org/web/20050615075039/http://www.nacional.com:80/"
      },
      {
        "datetime": "2005-06-19T07:40:16Z",
        "uri": "http://web.archive.org/web/20050619074016/http://www.nacional.com:80/"
      },
      {
        "datetime": "2005-06-22T04:54:58Z",
        "uri": "http://web.archive.org/web/20050622045458/http://www.nacional.com:80/"
      },
      {
        "datetime": "2005-07-08T09:28:12Z",
        "uri": "http://web.archive.org/web/20050708092812/http://www.nacional.com:80/"
      },
      {
        "datetime": "2005-08-10T08:21:10Z",
        "uri": "http://web.archive.org/web/20050810082110/http://www.nacional.com:80/"
      },
      {
        "datetime": "2005-08-25T13:11:19Z",
        "uri": "http://web.archive.org/web/20050825131119/http://www.nacional.com:80/"
      },
      {
        "datetime": "2005-08-26T20:57:20Z",
        "uri": "http://web.archive.org/web/20050826205720/http://www.nacional.com:80/"
      },
      {
        "datetime": "2005-08-27T04:49:36Z",
        "uri": "http://web.archive.org/web/20050827044936/http://www.nacional.com:80/"
      },
      {
        "datetime": "2005-08-30T15:27:02Z",
        "uri": "http://web.archive.org/web/20050830152702/http://www.nacional.com:80/"
      },
      {
        "datetime": "2005-08-30T17:47:24Z",
        "uri": "http://web.archive.org/web/20050830174724/http://www.nacional.com:80/"
      },
      {
        "datetime": "2005-09-12T00:25:02Z",
        "uri": "http://web.archive.org/web/20050912002502/http://www.nacional.com:80/"
      },
      {
        "datetime": "2005-09-14T14:44:35Z",
        "uri": "http://web.archive.org/web/20050914144435/http://www.nacional.com:80/"
      },
      {
        "datetime": "2005-09-24T19:28:04Z",
        "uri": "http://web.archive.org/web/20050924192804/http://www.nacional.com:80/"
      },
      {
        "datetime": "2005-10-23T03:26:55Z",
        "uri": "http://web.archive.org/web/20051023032655/http://www.nacional.com:80/"
      },
      {
        "datetime": "2005-10-24T07:09:53Z",
        "uri": "http://web.archive.org/web/20051024070953/http://www.nacional.com:80/"
      },
      {
        "datetime": "2005-10-25T09:13:59Z",
        "uri": "http://web.archive.org/web/20051025091359/http://www.nacional.com:80/"
      },
      {
        "datetime": "2005-11-01T23:32:42Z",
        "uri": "http://web.archive.org/web/20051101233242/http://nacional.com:80/"
      },
      {
        "datetime": "2005-12-13T01:39:49Z",
        "uri": "http://web.archive.org/web/20051213013949/http://nacional.com:80/"
      },
      {
        "datetime": "2005-12-17T09:27:05Z",
        "uri": "http://web.archive.org/web/20051217092705/http://nacional.com:80/"
      },
      {
        "datetime": "2005-12-19T05:28:56Z",
        "uri": "http://web.archive.org/web/20051219052856/http://www.nacional.com:80/"
      },
      {
        "datetime": "2005-12-19T10:18:56Z",
        "uri": "http://web.archive.org/web/20051219101856/http://nacional.com:80/"
      },
      {
        "datetime": "2005-12-23T12:54:06Z",
        "uri": "http://web.archive.org/web/20051223125406/http://nacional.com:80/"
      },
      {
        "datetime": "2006-01-01T10:25:01Z",
        "uri": "http://web.archive.org/web/20060101102501/http://www.nacional.com:80/"
      },
      {
        "datetime": "2006-01-04T07:13:31Z",
        "uri": "http://web.archive.org/web/20060104071331/http://www.nacional.com:80/"
      },
      {
        "datetime": "2006-01-10T14:15:40Z",
        "uri": "http://web.archive.org/web/20060110141540/http://www.nacional.com:80/"
      },
      {
        "datetime": "2006-01-10T22:58:27Z",
        "uri": "http://web.archive.org/web/20060110225827/http://www.nacional.com:80/"
      },
      {
        "datetime": "2006-02-09T02:55:59Z",
        "uri": "http://web.archive.org/web/20060209025559/http://www.nacional.com:80/"
      },
      {
        "datetime": "2006-04-08T05:20:56Z",
        "uri": "http://web.archive.org/web/20060408052056/http://nacional.com:80/"
      },
      {
        "datetime": "2006-04-14T00:35:46Z",
        "uri": "http://web.archive.org/web/20060414003546/http://nacional.com:80/"
      },
      {
        "datetime": "2006-04-17T16:14:24Z",
        "uri": "http://web.archive.org/web/20060417161424/http://nacional.com:80/"
      },
      {
        "datetime": "2006-04-23T20:06:24Z",
        "uri": "http://web.archive.org/web/20060423200624/http://www.nacional.com:80/"
      },
      {
        "datetime": "2006-06-13T06:00:04Z",
        "uri": "http://web.archive.org/web/20060613060004/http://nacional.com:80/"
      },
      {
        "datetime": "2006-07-02T23:22:28Z",
        "uri": "http://web.archive.org/web/20060702232228/http://www.nacional.com:80/"
      },
      {
        "datetime": "2006-07-02T23:23:14Z",
        "uri": "http://web.archive.org/web/20060702232314/http://www.nacional.com:80/"
      },
      {
        "datetime": "2006-07-17T20:02:51Z",
        "uri": "http://web.archive.org/web/20060717200251/http://nacional.com:80/"
      },
      {
        "datetime": "2006-08-04T06:15:44Z",
        "uri": "http://web.archive.org/web/20060804061544/http://nacional.com:80/"
      },
      {
        "datetime": "2006-08-04T08:22:45Z",
        "uri": "http://web.archive.org/web/20060804082245/http://nacional.com:80/"
      },
      {
        "datetime": "2006-08-10T10:29:39Z",
        "uri": "http://web.archive.org/web/20060810102939/http://nacional.com:80/"
      },
      {
        "datetime": "2006-08-15T10:19:18Z",
        "uri": "http://web.archive.org/web/20060815101918/http://nacional.com:80/"
      },
      {
        "datetime": "2006-08-15T18:35:51Z",
        "uri": "http://web.archive.org/web/20060815183551/http://nacional.com:80/"
      },
      {
        "datetime": "2006-08-21T21:37:58Z",
        "uri": "http://web.archive.org/web/20060821213758/http://nacional.com:80/"
      },
      {
        "datetime": "2006-10-04T01:18:38Z",
        "uri": "http://web.archive.org/web/20061004011838/http://nacional.com:80/"
      },
      {
        "datetime": "2006-10-27T20:52:16Z",
        "uri": "http://web.archive.org/web/20061027205216/http://www.nacional.com:80/"
      },
      {
        "datetime": "2006-11-06T14:19:45Z",
        "uri": "http://web.archive.org/web/20061106141945/http://www.nacional.com:80/"
      },
      {
        "datetime": "2006-11-15T02:54:12Z",
        "uri": "http://web.archive.org/web/20061115025412/http://www.nacional.com:80/"
      },
      {
        "datetime": "2006-11-25T22:18:32Z",
        "uri": "http://web.archive.org/web/20061125221832/http://www.nacional.com:80/"
      },
      {
        "datetime": "2006-12-01T00:09:31Z",
        "uri": "http://web.archive.org/web/20061201000931/http://www.nacional.com:80/"
      },
      {
        "datetime": "2006-12-12T02:19:03Z",
        "uri": "http://web.archive.org/web/20061212021903/http://www.nacional.com:80/"
      },
      {
        "datetime": "2006-12-17T05:19:16Z",
        "uri": "http://web.archive.org/web/20061217051916/http://nacional.com:80/"
      },
      {
        "datetime": "2006-12-22T08:17:53Z",
        "uri": "http://web.archive.org/web/20061222081753/http://nacional.com:80/"
      },
      {
        "datetime": "2006-12-27T08:57:57Z",
        "uri": "http://web.archive.org/web/20061227085757/http://nacional.com/"
      },
      {
        "datetime": "2006-12-30T18:46:50Z",
        "uri": "http://web.archive.org/web/20061230184650/http://www.nacional.com:80/"
      },
      {
        "datetime": "2007-01-04T08:46:24Z",
        "uri": "http://web.archive.org/web/20070104084624/http://www.nacional.com:80/"
      },
      {
        "datetime": "2007-01-09T02:46:56Z",
        "uri": "http://web.archive.org/web/20070109024656/http://www.nacional.com:80/"
      },
      {
        "datetime": "2007-01-13T17:58:56Z",
        "uri": "http://web.archive.org/web/20070113175856/http://www.nacional.com:80/"
      },
      {
        "datetime": "2007-01-18T12:26:45Z",
        "uri": "http://web.archive.org/web/20070118122645/http://www.nacional.com:80/"
      },
      {
        "datetime": "2007-01-24T02:17:35Z",
        "uri": "http://web.archive.org/web/20070124021735/http://www.nacional.com:80/"
      },
      {
        "datetime": "2007-02-02T02:52:44Z",
        "uri": "http://web.archive.org/web/20070202025244/http://www.nacional.com:80/"
      },
      {
        "datetime": "2007-02-08T13:23:29Z",
        "uri": "http://web.archive.org/web/20070208132329/http://www.nacional.com:80/"
      },
      {
        "datetime": "2007-02-10T01:16:40Z",
        "uri": "http://web.archive.org/web/20070210011640/http://www.nacional.com:80/"
      },
      {
        "datetime": "2007-02-17T16:31:28Z",
        "uri": "http://web.archive.org/web/20070217163128/http://www.nacional.com:80/"
      },
      {
        "datetime": "2007-02-25T14:12:58Z",
        "uri": "http://web.archive.org/web/20070225141258/http://nacional.com:80/"
      },
      {
        "datetime": "2007-03-05T20:20:46Z",
        "uri": "http://web.archive.org/web/20070305202046/http://www.nacional.com:80/"
      },
      {
        "datetime": "2007-03-13T22:34:47Z",
        "uri": "http://web.archive.org/web/20070313223447/http://www.nacional.com:80/"
      },
      {
        "datetime": "2007-03-21T14:38:42Z",
        "uri": "http://web.archive.org/web/20070321143842/http://www.nacional.com:80/"
      },
      {
        "datetime": "2007-04-06T19:31:29Z",
        "uri": "http://web.archive.org/web/20070406193129/http://www.nacional.com:80/"
      },
      {
        "datetime": "2007-05-09T00:46:19Z",
        "uri": "http://web.archive.org/web/20070509004619/http://www.nacional.com:80/"
      },
      {
        "datetime": "2007-06-02T01:16:14Z",
        "uri": "http://web.archive.org/web/20070602011614/http://www.nacional.com:80/"
      },
      {
        "datetime": "2007-07-03T00:58:17Z",
        "uri": "http://web.archive.org/web/20070703005817/http://www.nacional.com:80/"
      },
      {
        "datetime": "2007-08-06T00:55:25Z",
        "uri": "http://web.archive.org/web/20070806005525/http://www.nacional.com:80/"
      },
      {
        "datetime": "2007-08-07T00:06:51Z",
        "uri": "http://web.archive.org/web/20070807000651/http://www.nacional.com:80/"
      },
      {
        "datetime": "2007-08-22T12:42:43Z",
        "uri": "http://web.archive.org/web/20070822124243/http://www.nacional.com/"
      },
      {
        "datetime": "2007-09-11T23:58:54Z",
        "uri": "http://web.archive.org/web/20070911235854/http://www.nacional.com:80/"
      },
      {
        "datetime": "2007-10-11T01:21:55Z",
        "uri": "http://web.archive.org/web/20071011012155/http://www.nacional.com:80/"
      },
      {
        "datetime": "2007-10-26T01:46:19Z",
        "uri": "http://web.archive.org/web/20071026014619/http://www.nacional.com:80/"
      },
      {
        "datetime": "2007-11-04T13:18:58Z",
        "uri": "http://web.archive.org/web/20071104131858/http://www.nacional.com:80/"
      },
      {
        "datetime": "2007-11-13T22:10:50Z",
        "uri": "http://web.archive.org/web/20071113221050/http://www.nacional.com:80/"
      },
      {
        "datetime": "2007-11-23T21:19:03Z",
        "uri": "http://web.archive.org/web/20071123211903/http://nacional.com:80/"
      },
      {
        "datetime": "2007-12-04T03:00:45Z",
        "uri": "http://web.archive.org/web/20071204030045/http://www.nacional.com:80/"
      },
      {
        "datetime": "2007-12-14T05:35:05Z",
        "uri": "http://web.archive.org/web/20071214053505/http://www.nacional.com:80/"
      },
      {
        "datetime": "2007-12-25T09:27:39Z",
        "uri": "http://web.archive.org/web/20071225092739/http://www.nacional.com:80/"
      },
      {
        "datetime": "2008-01-04T15:32:49Z",
        "uri": "http://web.archive.org/web/20080104153249/http://www.nacional.com:80/"
      },
      {
        "datetime": "2008-01-15T04:51:00Z",
        "uri": "http://web.archive.org/web/20080115045100/http://www.nacional.com:80/"
      },
      {
        "datetime": "2008-01-25T08:47:44Z",
        "uri": "http://web.archive.org/web/20080125084744/http://www.nacional.com:80/"
      },
      {
        "datetime": "2008-02-04T15:29:55Z",
        "uri": "http://web.archive.org/web/20080204152955/http://www.nacional.com:80/"
      },
      {
        "datetime": "2008-02-14T01:09:23Z",
        "uri": "http://web.archive.org/web/20080214010923/http://www.nacional.com:80/"
      },
      {
        "datetime": "2008-02-25T22:37:47Z",
        "uri": "http://web.archive.org/web/20080225223747/http://www.nacional.com:80/"
      },
      {
        "datetime": "2008-03-09T03:10:03Z",
        "uri": "http://web.archive.org/web/20080309031003/http://nacional.com:80/"
      },
      {
        "datetime": "2008-03-17T04:46:56Z",
        "uri": "http://web.archive.org/web/20080317044656/http://www.nacional.com:80/"
      },
      {
        "datetime": "2008-03-25T02:49:27Z",
        "uri": "http://web.archive.org/web/20080325024927/http://www.nacional.com:80/"
      },
      {
        "datetime": "2008-04-03T02:12:47Z",
        "uri": "http://web.archive.org/web/20080403021247/http://www.nacional.com:80/"
      },
      {
        "datetime": "2008-04-11T02:19:31Z",
        "uri": "http://web.archive.org/web/20080411021931/http://www.nacional.com:80/"
      },
      {
        "datetime": "2008-04-20T08:04:57Z",
        "uri": "http://web.archive.org/web/20080420080457/http://www.nacional.com:80/"
      },
      {
        "datetime": "2008-04-29T01:01:02Z",
        "uri": "http://web.archive.org/web/20080429010102/http://www.nacional.com:80/"
      },
      {
        "datetime": "2008-05-07T02:43:36Z",
        "uri": "http://web.archive.org/web/20080507024336/http://www.nacional.com:80/"
      },
      {
        "datetime": "2008-05-16T02:09:25Z",
        "uri": "http://web.archive.org/web/20080516020925/http://www.nacional.com:80/"
      },
      {
        "datetime": "2008-05-23T23:47:27Z",
        "uri": "http://web.archive.org/web/20080523234727/http://www.nacional.com:80/"
      },
      {
        "datetime": "2008-06-02T01:19:11Z",
        "uri": "http://web.archive.org/web/20080602011911/http://www.nacional.com:80/"
      },
      {
        "datetime": "2008-06-13T18:58:58Z",
        "uri": "http://web.archive.org/web/20080613185858/http://nacional.com:80/"
      },
      {
        "datetime": "2008-06-26T03:31:23Z",
        "uri": "http://web.archive.org/web/20080626033123/http://www.nacional.com:80/"
      },
      {
        "datetime": "2008-07-01T08:55:54Z",
        "uri": "http://web.archive.org/web/20080701085554/http://www.nacional.com:80/"
      },
      {
        "datetime": "2008-07-02T09:22:29Z",
        "uri": "http://web.archive.org/web/20080702092229/http://www.nacional.com:80/"
      },
      {
        "datetime": "2008-07-03T10:29:01Z",
        "uri": "http://web.archive.org/web/20080703102901/http://www.nacional.com:80/"
      },
      {
        "datetime": "2008-07-04T11:08:38Z",
        "uri": "http://web.archive.org/web/20080704110838/http://www.nacional.com:80/"
      },
      {
        "datetime": "2008-07-05T12:48:11Z",
        "uri": "http://web.archive.org/web/20080705124811/http://www.nacional.com:80/"
      },
      {
        "datetime": "2008-07-06T13:23:03Z",
        "uri": "http://web.archive.org/web/20080706132303/http://www.nacional.com:80/"
      },
      {
        "datetime": "2008-07-07T16:18:09Z",
        "uri": "http://web.archive.org/web/20080707161809/http://www.nacional.com:80/"
      },
      {
        "datetime": "2008-07-08T18:12:27Z",
        "uri": "http://web.archive.org/web/20080708181227/http://www.nacional.com:80/"
      },
      {
        "datetime": "2008-07-09T20:02:48Z",
        "uri": "http://web.archive.org/web/20080709200248/http://www.nacional.com:80/"
      },
      {
        "datetime": "2008-07-10T21:14:26Z",
        "uri": "http://web.archive.org/web/20080710211426/http://www.nacional.com:80/"
      },
      {
        "datetime": "2008-07-11T22:32:15Z",
        "uri": "http://web.archive.org/web/20080711223215/http://www.nacional.com:80/"
      },
      {
        "datetime": "2008-07-13T00:45:49Z",
        "uri": "http://web.archive.org/web/20080713004549/http://www.nacional.com:80/"
      },
      {
        "datetime": "2008-07-14T01:43:34Z",
        "uri": "http://web.archive.org/web/20080714014334/http://www.nacional.com:80/"
      },
      {
        "datetime": "2008-07-15T05:38:03Z",
        "uri": "http://web.archive.org/web/20080715053803/http://www.nacional.com:80/"
      },
      {
        "datetime": "2008-07-17T12:31:41Z",
        "uri": "http://web.archive.org/web/20080717123141/http://nacional.com:80/"
      },
      {
        "datetime": "2008-07-18T13:15:19Z",
        "uri": "http://web.archive.org/web/20080718131519/http://www.nacional.com:80/"
      },
      {
        "datetime": "2008-07-19T16:08:29Z",
        "uri": "http://web.archive.org/web/20080719160829/http://nacional.com:80/"
      },
      {
        "datetime": "2008-07-20T16:20:00Z",
        "uri": "http://web.archive.org/web/20080720162000/http://nacional.com:80/"
      },
      {
        "datetime": "2008-07-21T19:07:47Z",
        "uri": "http://web.archive.org/web/20080721190747/http://www.nacional.com:80/"
      },
      {
        "datetime": "2008-07-22T19:37:41Z",
        "uri": "http://web.archive.org/web/20080722193741/http://www.nacional.com:80/"
      },
      {
        "datetime": "2008-07-23T20:20:28Z",
        "uri": "http://web.archive.org/web/20080723202028/http://www.nacional.com:80/"
      },
      {
        "datetime": "2008-07-24T22:01:45Z",
        "uri": "http://web.archive.org/web/20080724220145/http://www.nacional.com:80/"
      },
      {
        "datetime": "2008-07-26T00:44:36Z",
        "uri": "http://web.archive.org/web/20080726004436/http://www.nacional.com:80/"
      },
      {
        "datetime": "2008-07-27T01:22:54Z",
        "uri": "http://web.archive.org/web/20080727012254/http://nacional.com:80/"
      },
      {
        "datetime": "2008-07-28T04:49:17Z",
        "uri": "http://web.archive.org/web/20080728044917/http://nacional.com:80/"
      },
      {
        "datetime": "2008-07-29T04:51:08Z",
        "uri": "http://web.archive.org/web/20080729045108/http://www.nacional.com:80/"
      },
      {
        "datetime": "2008-07-30T05:36:29Z",
        "uri": "http://web.archive.org/web/20080730053629/http://www.nacional.com:80/"
      },
      {
        "datetime": "2008-08-05T01:11:48Z",
        "uri": "http://web.archive.org/web/20080805011148/http://www.nacional.com:80/"
      },
      {
        "datetime": "2008-08-06T01:12:12Z",
        "uri": "http://web.archive.org/web/20080806011212/http://www.nacional.com:80/"
      },
      {
        "datetime": "2008-08-07T03:21:44Z",
        "uri": "http://web.archive.org/web/20080807032144/http://www.nacional.com:80/"
      },
      {
        "datetime": "2008-08-08T04:50:10Z",
        "uri": "http://web.archive.org/web/20080808045010/http://www.nacional.com:80/"
      },
      {
        "datetime": "2008-08-09T06:47:06Z",
        "uri": "http://web.archive.org/web/20080809064706/http://www.nacional.com:80/"
      },
      {
        "datetime": "2008-08-10T08:04:23Z",
        "uri": "http://web.archive.org/web/20080810080423/http://www.nacional.com:80/"
      },
      {
        "datetime": "2008-08-12T10:18:14Z",
        "uri": "http://web.archive.org/web/20080812101814/http://www.nacional.com:80/"
      },
      {
        "datetime": "2008-08-13T12:44:18Z",
        "uri": "http://web.archive.org/web/20080813124418/http://www.nacional.com:80/"
      },
      {
        "datetime": "2008-08-14T13:45:54Z",
        "uri": "http://web.archive.org/web/20080814134554/http://www.nacional.com:80/"
      },
      {
        "datetime": "2008-08-15T16:09:40Z",
        "uri": "http://web.archive.org/web/20080815160940/http://www.nacional.com:80/"
      },
      {
        "datetime": "2008-08-16T16:31:32Z",
        "uri": "http://web.archive.org/web/20080816163132/http://www.nacional.com:80/"
      },
      {
        "datetime": "2008-08-17T21:06:05Z",
        "uri": "http://web.archive.org/web/20080817210605/http://www.nacional.com:80/"
      },
      {
        "datetime": "2008-08-18T22:14:59Z",
        "uri": "http://web.archive.org/web/20080818221459/http://www.nacional.com:80/"
      },
      {
        "datetime": "2008-08-20T01:00:04Z",
        "uri": "http://web.archive.org/web/20080820010004/http://www.nacional.com:80/"
      },
      {
        "datetime": "2008-08-20T02:26:52Z",
        "uri": "http://web.archive.org/web/20080820022652/http://www.nacional.com/"
      },
      {
        "datetime": "2008-08-21T02:37:09Z",
        "uri": "http://web.archive.org/web/20080821023709/http://nacional.com:80/"
      },
      {
        "datetime": "2008-08-22T03:40:57Z",
        "uri": "http://web.archive.org/web/20080822034057/http://www.nacional.com:80/"
      },
      {
        "datetime": "2008-08-23T04:50:33Z",
        "uri": "http://web.archive.org/web/20080823045033/http://nacional.com:80/"
      },
      {
        "datetime": "2008-08-24T06:06:20Z",
        "uri": "http://web.archive.org/web/20080824060620/http://www.nacional.com:80/"
      },
      {
        "datetime": "2008-08-25T06:58:53Z",
        "uri": "http://web.archive.org/web/20080825065853/http://www.nacional.com:80/"
      },
      {
        "datetime": "2008-08-26T07:17:23Z",
        "uri": "http://web.archive.org/web/20080826071723/http://www.nacional.com:80/"
      },
      {
        "datetime": "2008-08-27T08:21:11Z",
        "uri": "http://web.archive.org/web/20080827082111/http://www.nacional.com:80/"
      },
      {
        "datetime": "2008-08-28T09:19:38Z",
        "uri": "http://web.archive.org/web/20080828091938/http://www.nacional.com:80/"
      },
      {
        "datetime": "2008-08-29T10:02:42Z",
        "uri": "http://web.archive.org/web/20080829100242/http://www.nacional.com:80/"
      },
      {
        "datetime": "2008-08-30T11:51:23Z",
        "uri": "http://web.archive.org/web/20080830115123/http://www.nacional.com:80/"
      },
      {
        "datetime": "2008-08-31T12:41:30Z",
        "uri": "http://web.archive.org/web/20080831124130/http://www.nacional.com:80/"
      },
      {
        "datetime": "2008-09-01T14:34:21Z",
        "uri": "http://web.archive.org/web/20080901143421/http://www.nacional.com:80/"
      },
      {
        "datetime": "2008-09-02T17:00:47Z",
        "uri": "http://web.archive.org/web/20080902170047/http://www.nacional.com:80/"
      },
      {
        "datetime": "2008-09-03T17:32:04Z",
        "uri": "http://web.archive.org/web/20080903173204/http://www.nacional.com:80/"
      },
      {
        "datetime": "2008-09-04T17:58:01Z",
        "uri": "http://web.archive.org/web/20080904175801/http://www.nacional.com:80/"
      },
      {
        "datetime": "2008-09-05T20:12:58Z",
        "uri": "http://web.archive.org/web/20080905201258/http://www.nacional.com:80/"
      },
      {
        "datetime": "2008-09-06T21:12:18Z",
        "uri": "http://web.archive.org/web/20080906211218/http://nacional.com:80/"
      },
      {
        "datetime": "2008-09-08T00:33:53Z",
        "uri": "http://web.archive.org/web/20080908003353/http://nacional.com:80/"
      },
      {
        "datetime": "2008-09-09T06:14:49Z",
        "uri": "http://web.archive.org/web/20080909061449/http://www.nacional.com:80/"
      },
      {
        "datetime": "2008-09-10T09:52:26Z",
        "uri": "http://web.archive.org/web/20080910095226/http://www.nacional.com:80/"
      },
      {
        "datetime": "2008-09-11T11:58:45Z",
        "uri": "http://web.archive.org/web/20080911115845/http://www.nacional.com:80/"
      },
      {
        "datetime": "2008-09-12T13:38:00Z",
        "uri": "http://web.archive.org/web/20080912133800/http://www.nacional.com:80/"
      },
      {
        "datetime": "2008-09-23T14:27:10Z",
        "uri": "http://web.archive.org/web/20080923142710/http://www.nacional.com:80/"
      },
      {
        "datetime": "2008-10-04T14:47:20Z",
        "uri": "http://web.archive.org/web/20081004144720/http://www.nacional.com:80/"
      },
      {
        "datetime": "2008-10-16T02:57:55Z",
        "uri": "http://web.archive.org/web/20081016025755/http://www.nacional.com:80/"
      },
      {
        "datetime": "2008-10-28T03:23:03Z",
        "uri": "http://web.archive.org/web/20081028032303/http://www.nacional.com:80/"
      },
      {
        "datetime": "2008-12-07T22:41:32Z",
        "uri": "http://web.archive.org/web/20081207224132/http://www.nacional.com:80/"
      },
      {
        "datetime": "2008-12-19T03:32:41Z",
        "uri": "http://web.archive.org/web/20081219033241/http://nacional.com:80/"
      },
      {
        "datetime": "2009-01-10T05:03:10Z",
        "uri": "http://web.archive.org/web/20090110050310/http://www.nacional.com:80/"
      },
      {
        "datetime": "2009-01-30T15:30:26Z",
        "uri": "http://web.archive.org/web/20090130153026/http://nacional.com:80/"
      },
      {
        "datetime": "2009-02-11T20:15:55Z",
        "uri": "http://web.archive.org/web/20090211201555/http://nacional.com:80/"
      },
      {
        "datetime": "2009-02-22T09:56:39Z",
        "uri": "http://web.archive.org/web/20090222095639/http://www.nacional.com:80/"
      },
      {
        "datetime": "2009-03-04T20:52:33Z",
        "uri": "http://web.archive.org/web/20090304205233/http://www.nacional.com:80/"
      },
      {
        "datetime": "2009-03-16T23:19:47Z",
        "uri": "http://web.archive.org/web/20090316231947/http://www.nacional.com:80/"
      },
      {
        "datetime": "2009-04-01T02:12:04Z",
        "uri": "http://web.archive.org/web/20090401021204/http://www.nacional.com:80/"
      },
      {
        "datetime": "2009-04-16T00:26:19Z",
        "uri": "http://web.archive.org/web/20090416002619/http://www.nacional.com:80/"
      },
      {
        "datetime": "2009-04-30T17:34:26Z",
        "uri": "http://web.archive.org/web/20090430173426/http://www.nacional.com:80/"
      },
      {
        "datetime": "2009-05-15T21:49:30Z",
        "uri": "http://web.archive.org/web/20090515214930/http://nacional.com:80/"
      },
      {
        "datetime": "2009-06-01T11:39:56Z",
        "uri": "http://web.archive.org/web/20090601113956/http://www.nacional.com:80/"
      },
      {
        "datetime": "2009-06-16T19:57:21Z",
        "uri": "http://web.archive.org/web/20090616195721/http://www.nacional.com:80/"
      },
      {
        "datetime": "2009-07-03T11:35:16Z",
        "uri": "http://web.archive.org/web/20090703113516/http://www.nacional.com:80/"
      },
      {
        "datetime": "2009-07-22T15:04:41Z",
        "uri": "http://web.archive.org/web/20090722150441/http://www.nacional.com:80/"
      },
      {
        "datetime": "2009-08-11T07:03:55Z",
        "uri": "http://web.archive.org/web/20090811070355/http://www.nacional.com:80/"
      },
      {
        "datetime": "2009-09-03T09:49:33Z",
        "uri": "http://web.archive.org/web/20090903094933/http://www.nacional.com:80/"
      },
      {
        "datetime": "2009-09-24T06:26:42Z",
        "uri": "http://web.archive.org/web/20090924062642/http://nacional.com:80/"
      },
      {
        "datetime": "2009-10-28T09:56:35Z",
        "uri": "http://web.archive.org/web/20091028095635/http://www.nacional.com:80/"
      },
      {
        "datetime": "2009-11-21T07:45:48Z",
        "uri": "http://web.archive.org/web/20091121074548/http://www.nacional.com:80/"
      },
      {
        "datetime": "2009-12-11T12:31:59Z",
        "uri": "http://web.archive.org/web/20091211123159/http://www.nacional.com:80/"
      },
      {
        "datetime": "2009-12-11T12:31:59Z",
        "uri": "http://web.archive.org/web/20091211123159/http://www.nacional.com:80/"
      },
      {
        "datetime": "2010-01-06T18:40:51Z",
        "uri": "http://web.archive.org/web/20100106184051/http://nacional.com:80/"
      },
      {
        "datetime": "2010-02-03T11:50:52Z",
        "uri": "http://web.archive.org/web/20100203115052/http://www.nacional.com:80/"
      },
      {
        "datetime": "2010-03-08T00:07:38Z",
        "uri": "http://web.archive.org/web/20100308000738/http://nacional.com:80/"
      },
      {
        "datetime": "2010-04-02T00:54:36Z",
        "uri": "http://web.archive.org/web/20100402005436/http://www.nacional.com:80/"
      },
      {
        "datetime": "2010-05-03T03:43:17Z",
        "uri": "http://web.archive.org/web/20100503034317/http://www.nacional.com:80/"
      },
      {
        "datetime": "2010-06-01T02:58:18Z",
        "uri": "http://web.archive.org/web/20100601025818/http://www.nacional.com:80/"
      },
      {
        "datetime": "2010-07-03T12:57:05Z",
        "uri": "http://web.archive.org/web/20100703125705/http://www.nacional.com:80/"
      },
      {
        "datetime": "2010-08-04T22:39:47Z",
        "uri": "http://web.archive.org/web/20100804223947/http://www.nacional.com:80/"
      },
      {
        "datetime": "2010-09-06T07:37:45Z",
        "uri": "http://web.archive.org/web/20100906073745/http://nacional.com:80/"
      },
      {
        "datetime": "2011-02-10T19:43:45Z",
        "uri": "http://web.archive.org/web/20110210194345/http://nacional.com/"
      },
      {
        "datetime": "2011-06-12T01:05:21Z",
        "uri": "http://web.archive.org/web/20110612010521/http://www.nacional.com:80/"
      },
      {
        "datetime": "2011-07-12T22:04:25Z",
        "uri": "http://web.archive.org/web/20110712220425/http://nacional.com:80/"
      },
      {
        "datetime": "2011-07-14T00:24:53Z",
        "uri": "http://web.archive.org/web/20110714002453/http://nacional.com:80/"
      },
      {
        "datetime": "2011-08-14T03:19:27Z",
        "uri": "http://web.archive.org/web/20110814031927/http://nacional.com:80/"
      },
      {
        "datetime": "2011-09-07T07:02:44Z",
        "uri": "http://web.archive.org/web/20110907070244/http://nacional.com:80/"
      },
      {
        "datetime": "2011-11-07T07:54:59Z",
        "uri": "http://webarchive.loc.gov/all/20111107075459/http://nacional.com/"
      },
      {
        "datetime": "2011-11-12T19:58:53Z",
        "uri": "http://web.archive.org/web/20111112195853/http://nacional.com:80/"
      },
      {
        "datetime": "2011-11-25T15:46:50Z",
        "uri": "http://web.archive.org/web/20111125154650/http://nacional.com:80/"
      },
      {
        "datetime": "2011-12-07T02:04:48Z",
        "uri": "http://web.archive.org/web/20111207020448/http://nacional.com:80/"
      },
      {
        "datetime": "2011-12-22T14:34:10Z",
        "uri": "http://web.archive.org/web/20111222143410/http://nacional.com:80/"
      },
      {
        "datetime": "2012-01-15T09:31:54Z",
        "uri": "http://web.archive.org/web/20120115093154/http://nacional.com:80/"
      },
      {
        "datetime": "2012-02-15T14:47:06Z",
        "uri": "http://web.archive.org/web/20120215144706/http://nacional.com:80/"
      },
      {
        "datetime": "2012-03-17T08:53:24Z",
        "uri": "http://web.archive.org/web/20120317085324/http://www.nacional.com:80/"
      },
      {
        "datetime": "2012-04-17T19:10:13Z",
        "uri": "http://web.archive.org/web/20120417191013/http://www.nacional.com:80/"
      },
      {
        "datetime": "2012-05-25T02:12:13Z",
        "uri": "http://web.archive.org/web/20120525021213/http://www.nacional.com:80/"
      },
      {
        "datetime": "2012-06-22T02:03:14Z",
        "uri": "http://web.archive.org/web/20120622020314/http://www.nacional.com/"
      },
      {
        "datetime": "2012-06-25T01:36:02Z",
        "uri": "http://web.archive.org/web/20120625013602/http://nacional.com:80/"
      },
      {
        "datetime": "2012-06-26T06:44:46Z",
        "uri": "http://web.archive.org/web/20120626064446/http://www.nacional.com/"
      },
      {
        "datetime": "2012-07-26T04:38:29Z",
        "uri": "http://web.archive.org/web/20120726043829/http://nacional.com:80/"
      },
      {
        "datetime": "2012-08-25T13:26:46Z",
        "uri": "http://web.archive.org/web/20120825132646/http://nacional.com:80/"
      },
      {
        "datetime": "2012-09-25T05:06:04Z",
        "uri": "http://web.archive.org/web/20120925050604/http://nacional.com:80/"
      },
      {
        "datetime": "2012-10-25T14:07:49Z",
        "uri": "http://web.archive.org/web/20121025140749/http://nacional.com:80/"
      },
      {
        "datetime": "2012-11-25T21:11:00Z",
        "uri": "http://web.archive.org/web/20121125211100/http://www.nacional.com:80/"
      },
      {
        "datetime": "2012-12-26T22:55:46Z",
        "uri": "http://web.archive.org/web/20121226225546/http://www.nacional.com:80/"
      },
      {
        "datetime": "2013-01-27T01:41:45Z",
        "uri": "http://web.archive.org/web/20130127014145/http://nacional.com:80/"
      },
      {
        "datetime": "2013-02-27T05:51:38Z",
        "uri": "http://web.archive.org/web/20130227055138/http://www.nacional.com:80/"
      },
      {
        "datetime": "2013-03-26T14:10:54Z",
        "uri": "http://web.archive.org/web/20130326141054/http://nacional.com/"
      },
      {
        "datetime": "2013-03-30T00:27:13Z",
        "uri": "http://web.archive.org/web/20130330002713/http://nacional.com:80/"
      },
      {
        "datetime": "2013-04-30T02:06:13Z",
        "uri": "http://web.archive.org/web/20130430020613/http://www.nacional.com:80/"
      },
      {
        "datetime": "2013-05-30T15:01:14Z",
        "uri": "http://web.archive.org/web/20130530150114/http://nacional.com:80/"
      },
      {
        "datetime": "2013-06-20T06:11:00Z",
        "uri": "http://web.archive.org/web/20130620061100/http://nacional.com/"
      },
      {
        "datetime": "2013-06-24T00:47:38Z",
        "uri": "http://web.archive.org/web/20130624004738/http://nacional.com/"
      },
      {
        "datetime": "2013-07-02T03:57:51Z",
        "uri": "http://web.archive.org/web/20130702035751/http://www.nacional.com:80/"
      },
      {
        "datetime": "2013-08-01T13:26:25Z",
        "uri": "http://web.archive.org/web/20130801132625/http://www.nacional.com:80/"
      },
      {
        "datetime": "2013-09-01T05:29:30Z",
        "uri": "http://web.archive.org/web/20130901052930/http://nacional.com:80/"
      },
      {
        "datetime": "2013-10-02T06:16:40Z",
        "uri": "http://web.archive.org/web/20131002061640/http://nacional.com:80/"
      },
      {
        "datetime": "2013-11-03T05:40:19Z",
        "uri": "http://web.archive.org/web/20131103054019/http://nacional.com:80/"
      },
      {
        "datetime": "2013-11-04T04:10:56Z",
        "uri": "http://web.archive.org/web/20131104041056/http://nacional.com/"
      },
      {
        "datetime": "2013-11-05T07:44:37Z",
        "uri": "http://web.archive.org/web/20131105074437/http://nacional.com/"
      },
      {
        "datetime": "2013-12-04T20:58:08Z",
        "uri": "http://web.archive.org/web/20131204205808/http://nacional.com:80/"
      },
      {
        "datetime": "2014-01-05T05:25:08Z",
        "uri": "http://web.archive.org/web/20140105052508/http://nacional.com:80/"
      },
      {
        "datetime": "2014-05-17T18:53:39Z",
        "uri": "http://web.archive.org/web/20140517185339/http://nacional.com/"
      },
      {
        "datetime": "2014-05-30T22:47:41Z",
        "uri": "http://web.archive.org/web/20140530224741/http://nacional.com:80/"
      },
      {
        "datetime": "2014-07-01T16:00:28Z",
        "uri": "http://web.archive.org/web/20140701160028/http://nacional.com:80/"
      },
      {
        "datetime": "2014-08-03T02:07:49Z",
        "uri": "http://web.archive.org/web/20140803020749/http://nacional.com:80/"
      },
      {
        "datetime": "2014-12-02T07:00:00Z",
        "uri": "http://web.archive.org/web/20141202070000/http://nacional.com/"
      },
      {
        "datetime": "2014-12-18T03:57:02Z",
        "uri": "http://web.archive.org/web/20141218035702/http://nacional.com/"
      },
      {
        "datetime": "2015-01-09T21:43:17Z",
        "uri": "http://archive.is/20150109214317/http://nacional.com/"
      },
      {
        "datetime": "2015-01-09T23:32:54Z",
        "uri": "http://archive.is/20150109233254/http://nacional.com/"
      },
      {
        "datetime": "2015-03-20T17:58:53Z",
        "uri": "http://web.archive.org/web/20150320175853/http://nacional.com:80/"
      },
      {
        "datetime": "2015-04-20T04:41:01Z",
        "uri": "http://web.archive.org/web/20150420044101/http://www.nacional.com:80/"
      },
      {
        "datetime": "2015-05-21T00:42:54Z",
        "uri": "http://web.archive.org/web/20150521004254/http://www.nacional.com:80/"
      },
      {
        "datetime": "2015-06-07T01:02:52Z",
        "uri": "http://web.archive.org/web/20150607010252/http://nacional.com/"
      },
      {
        "datetime": "2015-06-07T01:02:54Z",
        "uri": "http://web.archive.org/web/20150607010254/http://nacional.com/"
      },
      {
        "datetime": "2015-06-07T01:19:09Z",
        "uri": "http://web.archive.org/web/20150607011909/http://nacional.com/"
      },
      {
        "datetime": "2015-06-22T01:08:56Z",
        "uri": "http://web.archive.org/web/20150622010856/http://www.nacional.com:80/"
      },
      {
        "datetime": "2015-07-23T03:36:55Z",
        "uri": "http://web.archive.org/web/20150723033655/http://www.nacional.com:80/"
      },
      {
        "datetime": "2015-08-01T21:28:20Z",
        "uri": "http://web.archive.org/web/20150801212820/http://nacional.com/"
      },
      {
        "datetime": "2015-08-23T05:43:30Z",
        "uri": "http://web.archive.org/web/20150823054330/http://nacional.com:80/"
      },
      {
        "datetime": "2015-09-23T12:52:40Z",
        "uri": "http://web.archive.org/web/20150923125240/http://nacional.com:80/"
      },
      {
        "datetime": "2015-10-24T07:31:17Z",
        "uri": "http://web.archive.org/web/20151024073117/http://nacional.com:80/"
      },
      {
        "datetime": "2015-11-17T01:11:24Z",
        "uri": "http://wayback.archive-it.org/all/20151117011124/http://nacional.com/"
      },
      {
        "datetime": "2015-11-17T01:11:24Z",
        "uri": "http://web.archive.org/web/20151117011124/http://nacional.com/"
      },
      {
        "datetime": "2015-11-23T08:23:05Z",
        "uri": "http://web.archive.org/web/20151123082305/http://nacional.com/"
      },
      {
        "datetime": "2015-11-24T02:46:19Z",
        "uri": "http://web.archive.org/web/20151124024619/http://www.nacional.com:80/"
      },
      {
        "datetime": "2016-01-11T02:50:20Z",
        "uri": "http://web.archive.org/web/20160111025020/http://nacional.com/"
      },
      {
        "datetime": "2016-01-12T03:44:02Z",
        "uri": "http://web.archive.org/web/20160112034402/http://www.nacional.com:80/"
      },
      {
        "datetime": "2016-01-16T01:58:26Z",
        "uri": "http://web.archive.org/web/20160116015826/http://www.nacional.com/"
      },
      {
        "datetime": "2016-01-25T09:19:38Z",
        "uri": "http://web.archive.org/web/20160125091938/http://nacional.com/"
      },
      {
        "datetime": "2016-02-08T09:53:38Z",
        "uri": "http://web.archive.org/web/20160208095338/http://www.nacional.com/"
      },
      {
        "datetime": "2016-02-11T11:34:25Z",
        "uri": "http://web.archive.org/web/20160211113425/http://www.nacional.com:80/"
      },
      {
        "datetime": "2016-02-12T08:48:51Z",
        "uri": "http://web.archive.org/web/20160212084851/http://www.nacional.com:80/"
      },
      {
        "datetime": "2016-03-05T16:51:03Z",
        "uri": "http://web.archive.org/web/20160305165103/http://nacional.com/"
      },
      {
        "datetime": "2016-03-14T02:26:11Z",
        "uri": "http://web.archive.org/web/20160314022611/http://nacional.com:80/"
      },
      {
        "datetime": "2016-04-14T12:37:21Z",
        "uri": "http://web.archive.org/web/20160414123721/http://nacional.com:80/"
      },
      {
        "datetime": "2016-05-15T02:28:49Z",
        "uri": "http://web.archive.org/web/20160515022849/http://nacional.com:80/"
      },
      {
        "datetime": "2016-06-16T08:59:17Z",
        "uri": "http://web.archive.org/web/20160616085917/http://nacional.com:80/"
      },
      {
        "datetime": "2016-07-17T06:49:15Z",
        "uri": "http://web.archive.org/web/20160717064915/http://nacional.com:80/"
      },
      {
        "datetime": "2016-08-17T08:28:20Z",
        "uri": "http://web.archive.org/web/20160817082820/http://nacional.com:80/"
      },
      {
        "datetime": "2016-08-18T09:57:41Z",
        "uri": "http://web.archive.org/web/20160818095741/http://nacional.com:80/"
      },
      {
        "datetime": "2016-09-18T05:54:36Z",
        "uri": "http://web.archive.org/web/20160918055436/http://nacional.com:80/"
      },
      {
        "datetime": "2016-10-03T07:07:44Z",
        "uri": "http://web.archive.org/web/20161003070744/http://www.nacional.com/"
      },
      {
        "datetime": "2016-10-08T10:47:16Z",
        "uri": "http://web.archive.org/web/20161008104716/http://nacional.com/"
      },
      {
        "datetime": "2016-10-17T07:28:13Z",
        "uri": "http://web.archive.org/web/20161017072813/http://nacional.com:80/"
      },
      {
        "datetime": "2016-11-17T07:45:51Z",
        "uri": "http://web.archive.org/web/20161117074551/http://www.nacional.com:80/"
      },
      {
        "datetime": "2016-12-08T01:15:10Z",
        "uri": "http://web.archive.org/web/20161208011510/http://www.nacional.com:80/"
      },
      {
        "datetime": "2016-12-17T11:17:59Z",
        "uri": "http://web.archive.org/web/20161217111759/http://nacional.com:80/"
      },
      {
        "datetime": "2017-02-04T18:39:27Z",
        "uri": "http://web.archive.org/web/20170204183927/http://nacional.com/"
      },
      {
        "datetime": "2017-05-13T10:32:28Z",
        "uri": "http://web.archive.org/web/20170513103228/http://nacional.com:80/"
      },
      {
        "datetime": "2017-06-09T05:34:23Z",
        "uri": "http://web.archive.org/web/20170609053423/http://nacional.com/"
      },
      {
        "datetime": "2017-08-07T09:01:41Z",
        "uri": "http://web.archive.org/web/20170807090141/http://nacional.com/"
      },
      {
        "datetime": "2017-08-29T22:08:29Z",
        "uri": "http://web.archive.org/web/20170829220829/http://nacional.com/"
      },
      {
        "datetime": "2017-08-30T07:05:12Z",
        "uri": "http://web.archive.org/web/20170830070512/http://nacional.com/"
      },
      {
        "datetime": "2017-09-15T02:09:18Z",
        "uri": "http://web.archive.org/web/20170915020918/http://nacional.com/"
      },
      {
        "datetime": "2017-11-19T07:46:40Z",
        "uri": "http://web.archive.org/web/20171119074640/http://nacional.com/"
      }
    ],
    "first": {
      "datetime": "1998-11-11T18:42:32Z",
      "uri": "http://web.archive.org/web/19981111184232/http://nacional.com:80/"
    },
    "last": {
      "datetime": "2017-11-19T07:46:40Z",
      "uri": "http://web.archive.org/web/20171119074640/http://nacional.com/"
    }
  },
  "timemap_uri": {
    "link_format": "https://memgator.cs.odu.edu/timemap/link/http://Nacional.com",
    "json_format": "https://memgator.cs.odu.edu/timemap/json/http://Nacional.com",
    "cdxj_format": "https://memgator.cs.odu.edu/timemap/cdxj/http://Nacional.com"
  },
  "timegate_uri": "https://memgator.cs.odu.edu/timegate/http://Nacional.com"
}