{
  "original_uri": "http://comicbook.com/marvel/2018/02/02/stan-lee-hospital-sick-marvel/",
  "self": "https://memgator.cs.odu.edu/timemap/json/http://comicbook.com/marvel/2018/02/02/stan-lee-hospital-sick-marvel/",
  "mementos": {
    "list": [
      {
        "datetime": "2018-02-02T03:32:06Z",
        "uri": "http://web.archive.org/web/20180202033206/http://comicbook.com/marvel/2018/02/02/stan-lee-hospital-sick-marvel/"
      },
      {
        "datetime": "2018-02-02T06:24:33Z",
        "uri": "http://web.archive.org/web/20180202062433/http://comicbook.com/marvel/2018/02/02/stan-lee-hospital-sick-marvel/"
      },
      {
        "datetime": "2018-02-03T00:24:55Z",
        "uri": "http://web.archive.org/web/20180203002455/http://comicbook.com/marvel/2018/02/02/stan-lee-hospital-sick-marvel/"
      }
    ],
    "first": {
      "datetime": "2018-02-02T03:32:06Z",
      "uri": "http://web.archive.org/web/20180202033206/http://comicbook.com/marvel/2018/02/02/stan-lee-hospital-sick-marvel/"
    },
    "last": {
      "datetime": "2018-02-03T00:24:55Z",
      "uri": "http://web.archive.org/web/20180203002455/http://comicbook.com/marvel/2018/02/02/stan-lee-hospital-sick-marvel/"
    }
  },
  "timemap_uri": {
    "link_format": "https://memgator.cs.odu.edu/timemap/link/http://comicbook.com/marvel/2018/02/02/stan-lee-hospital-sick-marvel/",
    "json_format": "https://memgator.cs.odu.edu/timemap/json/http://comicbook.com/marvel/2018/02/02/stan-lee-hospital-sick-marvel/",
    "cdxj_format": "https://memgator.cs.odu.edu/timemap/cdxj/http://comicbook.com/marvel/2018/02/02/stan-lee-hospital-sick-marvel/"
  },
  "timegate_uri": "https://memgator.cs.odu.edu/timegate/http://comicbook.com/marvel/2018/02/02/stan-lee-hospital-sick-marvel/"
}