{
  "original_uri": "http://www.soogoodmedia.com/soogood-radio/",
  "self": "https://memgator.cs.odu.edu/timemap/json/http://www.soogoodmedia.com/soogood-radio/",
  "mementos": {
    "list": [
      {
        "datetime": "2015-05-09T12:43:25Z",
        "uri": "http://web.archive.org/web/20150509124325/http://www.soogoodmedia.com:80/soogood-radio/"
      },
      {
        "datetime": "2016-03-08T06:39:12Z",
        "uri": "http://web.archive.org/web/20160308063912/http://www.soogoodmedia.com:80/soogood-radio/"
      },
      {
        "datetime": "2016-03-08T06:39:12Z",
        "uri": "http://web.archive.org/web/20160308063912/http://www.soogoodmedia.com:80/soogood-radio"
      },
      {
        "datetime": "2016-03-09T13:08:52Z",
        "uri": "http://web.archive.org/web/20160309130852/http://www.soogoodmedia.com:80/soogood-radio/"
      },
      {
        "datetime": "2016-04-09T13:36:16Z",
        "uri": "http://web.archive.org/web/20160409133616/http://www.soogoodmedia.com:80/soogood-radio/"
      },
      {
        "datetime": "2016-04-09T13:36:16Z",
        "uri": "http://web.archive.org/web/20160409133616/http://www.soogoodmedia.com:80/soogood-radio"
      },
      {
        "datetime": "2016-05-10T07:08:43Z",
        "uri": "http://web.archive.org/web/20160510070843/http://www.soogoodmedia.com:80/soogood-radio/"
      },
      {
        "datetime": "2016-10-03T00:01:37Z",
        "uri": "http://web.archive.org/web/20161003000137/http://www.soogoodmedia.com:80/soogood-radio/"
      },
      {
        "datetime": "2016-10-03T00:01:37Z",
        "uri": "http://web.archive.org/web/20161003000137/http://www.soogoodmedia.com:80/soogood-radio"
      },
      {
        "datetime": "2016-10-05T06:44:44Z",
        "uri": "http://web.archive.org/web/20161005064444/http://www.soogoodmedia.com:80/soogood-radio/"
      },
      {
        "datetime": "2016-10-06T14:02:14Z",
        "uri": "http://web.archive.org/web/20161006140214/http://www.soogoodmedia.com:80/soogood-radio/"
      },
      {
        "datetime": "2016-11-03T00:26:13Z",
        "uri": "http://web.archive.org/web/20161103002613/http://www.soogoodmedia.com:80/soogood-radio/"
      },
      {
        "datetime": "2016-11-03T00:26:13Z",
        "uri": "http://web.archive.org/web/20161103002613/http://www.soogoodmedia.com:80/soogood-radio"
      },
      {
        "datetime": "2017-02-04T05:55:40Z",
        "uri": "http://web.archive.org/web/20170204055540/http://www.soogoodmedia.com:80/soogood-radio/"
      },
      {
        "datetime": "2017-02-04T05:55:40Z",
        "uri": "http://web.archive.org/web/20170204055540/http://www.soogoodmedia.com:80/soogood-radio"
      }
    ],
    "first": {
      "datetime": "2015-05-09T12:43:25Z",
      "uri": "http://web.archive.org/web/20150509124325/http://www.soogoodmedia.com:80/soogood-radio/"
    },
    "last": {
      "datetime": "2017-02-04T05:55:40Z",
      "uri": "http://web.archive.org/web/20170204055540/http://www.soogoodmedia.com:80/soogood-radio"
    }
  },
  "timemap_uri": {
    "link_format": "https://memgator.cs.odu.edu/timemap/link/http://www.soogoodmedia.com/soogood-radio/",
    "json_format": "https://memgator.cs.odu.edu/timemap/json/http://www.soogoodmedia.com/soogood-radio/",
    "cdxj_format": "https://memgator.cs.odu.edu/timemap/cdxj/http://www.soogoodmedia.com/soogood-radio/"
  },
  "timegate_uri": "https://memgator.cs.odu.edu/timegate/http://www.soogoodmedia.com/soogood-radio/"
}