{
  "original_uri": "http://cygnusradio.com/download-the-free-cygnus-radio-app/",
  "self": "https://memgator.cs.odu.edu/timemap/json/http://cygnusradio.com/download-the-free-cygnus-radio-app/",
  "mementos": {
    "list": [
      {
        "datetime": "2015-12-04T06:41:08Z",
        "uri": "http://web.archive.org/web/20151204064108/http://cygnusradio.com:80/download-the-free-cygnus-radio-app/"
      },
      {
        "datetime": "2016-02-24T00:01:33Z",
        "uri": "http://web.archive.org/web/20160224000133/http://cygnusradio.com/download-the-free-cygnus-radio-app/"
      },
      {
        "datetime": "2016-03-21T16:43:25Z",
        "uri": "http://web.archive.org/web/20160321164325/http://cygnusradio.com/download-the-free-cygnus-radio-app/"
      },
      {
        "datetime": "2016-03-23T02:12:47Z",
        "uri": "http://web.archive.org/web/20160323021247/http://cygnusradio.com/download-the-free-cygnus-radio-app/"
      },
      {
        "datetime": "2016-04-09T00:33:43Z",
        "uri": "http://web.archive.org/web/20160409003343/http://cygnusradio.com/download-the-free-cygnus-radio-app/"
      },
      {
        "datetime": "2016-05-01T19:43:14Z",
        "uri": "http://web.archive.org/web/20160501194314/http://cygnusradio.com:80/download-the-free-cygnus-radio-app/"
      },
      {
        "datetime": "2016-06-18T14:26:23Z",
        "uri": "http://web.archive.org/web/20160618142623/http://cygnusradio.com:80/download-the-free-cygnus-radio-app/"
      },
      {
        "datetime": "2016-06-18T14:26:23Z",
        "uri": "http://web.archive.org/web/20160618142623/http://cygnusradio.com:80/download-the-free-cygnus-radio-app"
      },
      {
        "datetime": "2016-07-16T20:24:20Z",
        "uri": "http://web.archive.org/web/20160716202420/http://cygnusradio.com:80/download-the-free-cygnus-radio-app/"
      },
      {
        "datetime": "2016-07-20T14:25:40Z",
        "uri": "http://web.archive.org/web/20160720142540/http://cygnusradio.com:80/download-the-free-cygnus-radio-app/"
      },
      {
        "datetime": "2016-07-20T14:25:40Z",
        "uri": "http://web.archive.org/web/20160720142540/http://cygnusradio.com:80/download-the-free-cygnus-radio-app"
      },
      {
        "datetime": "2016-10-27T06:21:54Z",
        "uri": "http://web.archive.org/web/20161027062154/http://cygnusradio.com/download-the-free-cygnus-radio-app/"
      },
      {
        "datetime": "2017-06-12T22:24:01Z",
        "uri": "http://web.archive.org/web/20170612222401/http://cygnusradio.com/download-the-free-cygnus-radio-app/"
      }
    ],
    "first": {
      "datetime": "2015-12-04T06:41:08Z",
      "uri": "http://web.archive.org/web/20151204064108/http://cygnusradio.com:80/download-the-free-cygnus-radio-app/"
    },
    "last": {
      "datetime": "2017-06-12T22:24:01Z",
      "uri": "http://web.archive.org/web/20170612222401/http://cygnusradio.com/download-the-free-cygnus-radio-app/"
    }
  },
  "timemap_uri": {
    "link_format": "https://memgator.cs.odu.edu/timemap/link/http://cygnusradio.com/download-the-free-cygnus-radio-app/",
    "json_format": "https://memgator.cs.odu.edu/timemap/json/http://cygnusradio.com/download-the-free-cygnus-radio-app/",
    "cdxj_format": "https://memgator.cs.odu.edu/timemap/cdxj/http://cygnusradio.com/download-the-free-cygnus-radio-app/"
  },
  "timegate_uri": "https://memgator.cs.odu.edu/timegate/http://cygnusradio.com/download-the-free-cygnus-radio-app/"
}