{
  "original_uri": "http://http://twitch.tv/lucelovelace",
  "self": "https://memgator.cs.odu.edu/timemap/json/http://http://twitch.tv/lucelovelace",
  "mementos": {
    "list": [
      {
        "datetime": "2018-01-22T03:35:14Z",
        "uri": "http://web.archive.org/web/20180122033514/http://twitch.tv/lucelovelace"
      },
      {
        "datetime": "2018-01-22T03:35:20Z",
        "uri": "http://web.archive.org/web/20180122033520/http://www.twitch.tv/lucelovelace"
      },
      {
        "datetime": "2018-01-22T03:35:23Z",
        "uri": "http://web.archive.org/web/20180122033523/https://www.twitch.tv/lucelovelace"
      }
    ],
    "first": {
      "datetime": "2018-01-22T03:35:14Z",
      "uri": "http://web.archive.org/web/20180122033514/http://twitch.tv/lucelovelace"
    },
    "last": {
      "datetime": "2018-01-22T03:35:23Z",
      "uri": "http://web.archive.org/web/20180122033523/https://www.twitch.tv/lucelovelace"
    }
  },
  "timemap_uri": {
    "link_format": "https://memgator.cs.odu.edu/timemap/link/http://http://twitch.tv/lucelovelace",
    "json_format": "https://memgator.cs.odu.edu/timemap/json/http://http://twitch.tv/lucelovelace",
    "cdxj_format": "https://memgator.cs.odu.edu/timemap/cdxj/http://http://twitch.tv/lucelovelace"
  },
  "timegate_uri": "https://memgator.cs.odu.edu/timegate/http://http://twitch.tv/lucelovelace"
}