{
  "original_uri": "https://new-sokuhou.com/game/nintendo-switch-sale-shop-matome/",
  "self": "https://memgator.cs.odu.edu/timemap/json/https://new-sokuhou.com/game/nintendo-switch-sale-shop-matome/",
  "mementos": {
    "list": [
      {
        "datetime": "2017-12-31T15:35:09Z",
        "uri": "http://web.archive.org/web/20171231153509/https://new-sokuhou.com/game/nintendo-switch-sale-shop-matome/"
      },
      {
        "datetime": "2018-01-01T01:22:15Z",
        "uri": "http://web.archive.org/web/20180101012215/https://new-sokuhou.com/game/nintendo-switch-sale-shop-matome/"
      },
      {
        "datetime": "2018-01-06T06:28:40Z",
        "uri": "http://web.archive.org/web/20180106062840/https://new-sokuhou.com/game/nintendo-switch-sale-shop-matome/"
      },
      {
        "datetime": "2018-02-03T02:57:59Z",
        "uri": "http://web.archive.org/web/20180203025759/https://new-sokuhou.com/game/nintendo-switch-sale-shop-matome/"
      }
    ],
    "first": {
      "datetime": "2017-12-31T15:35:09Z",
      "uri": "http://web.archive.org/web/20171231153509/https://new-sokuhou.com/game/nintendo-switch-sale-shop-matome/"
    },
    "last": {
      "datetime": "2018-02-03T02:57:59Z",
      "uri": "http://web.archive.org/web/20180203025759/https://new-sokuhou.com/game/nintendo-switch-sale-shop-matome/"
    }
  },
  "timemap_uri": {
    "link_format": "https://memgator.cs.odu.edu/timemap/link/https://new-sokuhou.com/game/nintendo-switch-sale-shop-matome/",
    "json_format": "https://memgator.cs.odu.edu/timemap/json/https://new-sokuhou.com/game/nintendo-switch-sale-shop-matome/",
    "cdxj_format": "https://memgator.cs.odu.edu/timemap/cdxj/https://new-sokuhou.com/game/nintendo-switch-sale-shop-matome/"
  },
  "timegate_uri": "https://memgator.cs.odu.edu/timegate/https://new-sokuhou.com/game/nintendo-switch-sale-shop-matome/"
}