{
  "original_uri": "https://www.vanityfair.com/news/2017/11/donna-brazile-hillary-clinton-bernie-sanders",
  "self": "https://memgator.cs.odu.edu/timemap/json/https://www.vanityfair.com/news/2017/11/donna-brazile-hillary-clinton-bernie-sanders",
  "mementos": {
    "list": [
      {
        "datetime": "2017-11-02T16:41:18Z",
        "uri": "http://archive.is/20171102164118/https://www.vanityfair.com/news/2017/11/donna-brazile-hillary-clinton-bernie-sanders"
      },
      {
        "datetime": "2017-11-02T19:11:21Z",
        "uri": "http://web.archive.org/web/20171102191121/https://www.vanityfair.com/news/2017/11/donna-brazile-hillary-clinton-bernie-sanders"
      },
      {
        "datetime": "2017-11-07T02:30:07Z",
        "uri": "http://web.archive.org/web/20171107023007/https://www.vanityfair.com/news/2017/11/donna-brazile-hillary-clinton-bernie-sanders"
      },
      {
        "datetime": "2017-11-07T05:58:44Z",
        "uri": "http://web.archive.org/web/20171107055844/https://www.vanityfair.com/news/2017/11/donna-brazile-hillary-clinton-bernie-sanders"
      },
      {
        "datetime": "2017-11-07T14:11:04Z",
        "uri": "http://web.archive.org/web/20171107141104/https://www.vanityfair.com/news/2017/11/donna-brazile-hillary-clinton-bernie-sanders"
      },
      {
        "datetime": "2017-11-08T22:09:50Z",
        "uri": "http://web.archive.org/web/20171108220950/https://www.vanityfair.com/news/2017/11/donna-brazile-hillary-clinton-bernie-sanders"
      },
      {
        "datetime": "2017-12-14T00:28:54Z",
        "uri": "http://web.archive.org/web/20171214002854/https://www.vanityfair.com/news/2017/11/donna-brazile-hillary-clinton-bernie-sanders"
      },
      {
        "datetime": "2017-12-14T09:33:13Z",
        "uri": "http://web.archive.org/web/20171214093313/https://www.vanityfair.com/news/2017/11/donna-brazile-hillary-clinton-bernie-sanders"
      },
      {
        "datetime": "2017-12-16T08:21:20Z",
        "uri": "http://web.archive.org/web/20171216082120/https://www.vanityfair.com/news/2017/11/donna-brazile-hillary-clinton-bernie-sanders"
      },
      {
        "datetime": "2017-12-23T14:11:42Z",
        "uri": "http://web.archive.org/web/20171223141142/https://www.vanityfair.com/news/2017/11/donna-brazile-hillary-clinton-bernie-sanders"
      },
      {
        "datetime": "2017-12-29T04:36:20Z",
        "uri": "http://web.archive.org/web/20171229043620/https://www.vanityfair.com/news/2017/11/donna-brazile-hillary-clinton-bernie-sanders"
      },
      {
        "datetime": "2017-12-29T19:55:06Z",
        "uri": "http://web.archive.org/web/20171229195506/https://www.vanityfair.com/news/2017/11/donna-brazile-hillary-clinton-bernie-sanders"
      },
      {
        "datetime": "2018-01-07T03:31:20Z",
        "uri": "http://web.archive.org/web/20180107033120/https://www.vanityfair.com/news/2017/11/donna-brazile-hillary-clinton-bernie-sanders"
      },
      {
        "datetime": "2018-01-30T02:55:00Z",
        "uri": "http://web.archive.org/web/20180130025500/https://www.vanityfair.com/news/2017/11/donna-brazile-hillary-clinton-bernie-sanders"
      },
      {
        "datetime": "2018-02-01T21:59:12Z",
        "uri": "http://web.archive.org/web/20180201215912/https://www.vanityfair.com/news/2017/11/donna-brazile-hillary-clinton-bernie-sanders"
      }
    ],
    "first": {
      "datetime": "2017-11-02T16:41:18Z",
      "uri": "http://archive.is/20171102164118/https://www.vanityfair.com/news/2017/11/donna-brazile-hillary-clinton-bernie-sanders"
    },
    "last": {
      "datetime": "2018-02-01T21:59:12Z",
      "uri": "http://web.archive.org/web/20180201215912/https://www.vanityfair.com/news/2017/11/donna-brazile-hillary-clinton-bernie-sanders"
    }
  },
  "timemap_uri": {
    "link_format": "https://memgator.cs.odu.edu/timemap/link/https://www.vanityfair.com/news/2017/11/donna-brazile-hillary-clinton-bernie-sanders",
    "json_format": "https://memgator.cs.odu.edu/timemap/json/https://www.vanityfair.com/news/2017/11/donna-brazile-hillary-clinton-bernie-sanders",
    "cdxj_format": "https://memgator.cs.odu.edu/timemap/cdxj/https://www.vanityfair.com/news/2017/11/donna-brazile-hillary-clinton-bernie-sanders"
  },
  "timegate_uri": "https://memgator.cs.odu.edu/timegate/https://www.vanityfair.com/news/2017/11/donna-brazile-hillary-clinton-bernie-sanders"
}