{
  "original_uri": "http://www.cnn.com/2018/02/01/politics/donald-trump-sotu-ratings/index.html",
  "self": "https://memgator.cs.odu.edu/timemap/json/http://www.cnn.com/2018/02/01/politics/donald-trump-sotu-ratings/index.html",
  "mementos": {
    "list": [
      {
        "datetime": "2018-02-01T19:46:28Z",
        "uri": "http://web.archive.org/web/20180201194628/https://www.cnn.com/2018/02/01/politics/donald-trump-sotu-ratings/index.html"
      },
      {
        "datetime": "2018-02-01T21:43:24Z",
        "uri": "http://archive.is/20180201214324/https://www.cnn.com/2018/02/01/politics/donald-trump-sotu-ratings/index.html"
      },
      {
        "datetime": "2018-02-01T22:08:10Z",
        "uri": "http://web.archive.org/web/20180201220810/https://www.cnn.com/2018/02/01/politics/donald-trump-sotu-ratings/index.html"
      },
      {
        "datetime": "2018-02-01T22:40:05Z",
        "uri": "http://web.archive.org/web/20180201224005/http://www.cnn.com/2018/02/01/politics/donald-trump-sotu-ratings/index.html"
      },
      {
        "datetime": "2018-02-01T23:03:30Z",
        "uri": "http://web.archive.org/web/20180201230330/https://www.cnn.com/2018/02/01/politics/donald-trump-sotu-ratings/index.html"
      },
      {
        "datetime": "2018-02-02T08:31:47Z",
        "uri": "http://wayback.archive-it.org/all/20180202083147/http://www.cnn.com/2018/02/01/politics/donald-trump-sotu-ratings/index.html"
      },
      {
        "datetime": "2018-02-02T08:31:47Z",
        "uri": "http://web.archive.org/web/20180202083147/http://www.cnn.com/2018/02/01/politics/donald-trump-sotu-ratings/index.html"
      },
      {
        "datetime": "2018-02-02T09:19:28Z",
        "uri": "http://wayback.archive-it.org/all/20180202091928/https://www.cnn.com/2018/02/01/politics/donald-trump-sotu-ratings/index.html"
      },
      {
        "datetime": "2018-02-02T09:19:28Z",
        "uri": "http://web.archive.org/web/20180202091928/https://www.cnn.com/2018/02/01/politics/donald-trump-sotu-ratings/index.html"
      },
      {
        "datetime": "2018-02-02T10:45:28Z",
        "uri": "http://web.archive.org/web/20180202104528/https://www.cnn.com/2018/02/01/politics/donald-trump-sotu-ratings/index.html"
      },
      {
        "datetime": "2018-02-02T20:16:00Z",
        "uri": "http://web.archive.org/web/20180202201600/https://www.cnn.com/2018/02/01/politics/donald-trump-sotu-ratings/index.html"
      },
      {
        "datetime": "2018-02-03T01:28:54Z",
        "uri": "http://wayback.archive-it.org/all/20180203012854/https://www.cnn.com/2018/02/01/politics/donald-trump-sotu-ratings/index.html"
      },
      {
        "datetime": "2018-02-03T01:28:54Z",
        "uri": "http://web.archive.org/web/20180203012854/https://www.cnn.com/2018/02/01/politics/donald-trump-sotu-ratings/index.html"
      },
      {
        "datetime": "2018-02-04T05:07:05Z",
        "uri": "http://wayback.archive-it.org/all/20180204050705/https://www.cnn.com/2018/02/01/politics/donald-trump-sotu-ratings/index.html"
      },
      {
        "datetime": "2018-02-04T05:07:05Z",
        "uri": "http://web.archive.org/web/20180204050705/https://www.cnn.com/2018/02/01/politics/donald-trump-sotu-ratings/index.html"
      }
    ],
    "first": {
      "datetime": "2018-02-01T19:46:28Z",
      "uri": "http://web.archive.org/web/20180201194628/https://www.cnn.com/2018/02/01/politics/donald-trump-sotu-ratings/index.html"
    },
    "last": {
      "datetime": "2018-02-04T05:07:05Z",
      "uri": "http://web.archive.org/web/20180204050705/https://www.cnn.com/2018/02/01/politics/donald-trump-sotu-ratings/index.html"
    }
  },
  "timemap_uri": {
    "link_format": "https://memgator.cs.odu.edu/timemap/link/http://www.cnn.com/2018/02/01/politics/donald-trump-sotu-ratings/index.html",
    "json_format": "https://memgator.cs.odu.edu/timemap/json/http://www.cnn.com/2018/02/01/politics/donald-trump-sotu-ratings/index.html",
    "cdxj_format": "https://memgator.cs.odu.edu/timemap/cdxj/http://www.cnn.com/2018/02/01/politics/donald-trump-sotu-ratings/index.html"
  },
  "timegate_uri": "https://memgator.cs.odu.edu/timegate/http://www.cnn.com/2018/02/01/politics/donald-trump-sotu-ratings/index.html"
}