{
  "original_uri": "http://msn.com/en-us/news/msn",
  "self": "https://memgator.cs.odu.edu/timemap/json/http://msn.com/en-us/news/msn",
  "mementos": {
    "list": [
      {
        "datetime": "2017-04-28T12:28:29Z",
        "uri": "http://web.archive.org/web/20170428122829/http://www.msn.com:80/en-us/news/msn"
      },
      {
        "datetime": "2017-10-26T01:57:06Z",
        "uri": "http://web.archive.org/web/20171026015706/https://www.msn.com/en-us/news/msn"
      },
      {
        "datetime": "2017-11-27T18:58:38Z",
        "uri": "http://web.archive.org/web/20171127185838/https://www.msn.com/en-us/news/msn"
      }
    ],
    "first": {
      "datetime": "2017-04-28T12:28:29Z",
      "uri": "http://web.archive.org/web/20170428122829/http://www.msn.com:80/en-us/news/msn"
    },
    "last": {
      "datetime": "2017-11-27T18:58:38Z",
      "uri": "http://web.archive.org/web/20171127185838/https://www.msn.com/en-us/news/msn"
    }
  },
  "timemap_uri": {
    "link_format": "https://memgator.cs.odu.edu/timemap/link/http://msn.com/en-us/news/msn",
    "json_format": "https://memgator.cs.odu.edu/timemap/json/http://msn.com/en-us/news/msn",
    "cdxj_format": "https://memgator.cs.odu.edu/timemap/cdxj/http://msn.com/en-us/news/msn"
  },
  "timegate_uri": "https://memgator.cs.odu.edu/timegate/http://msn.com/en-us/news/msn"
}