{
  "original_uri": "https://tacticalinvestor.com/dossier-exposes-hillary-clinton-democrats",
  "self": "https://memgator.cs.odu.edu/timemap/json/https://tacticalinvestor.com/dossier-exposes-hillary-clinton-democrats",
  "mementos": {
    "list": [
      {
        "datetime": "2018-02-03T07:29:25Z",
        "uri": "http://web.archive.org/web/20180203072925/https://tacticalinvestor.com/dossier-exposes-hillary-clinton-democrats"
      }
    ],
    "first": {
      "datetime": "2018-02-03T07:29:25Z",
      "uri": "http://web.archive.org/web/20180203072925/https://tacticalinvestor.com/dossier-exposes-hillary-clinton-democrats"
    },
    "last": {
      "datetime": "2018-02-03T07:29:25Z",
      "uri": "http://web.archive.org/web/20180203072925/https://tacticalinvestor.com/dossier-exposes-hillary-clinton-democrats"
    }
  },
  "timemap_uri": {
    "link_format": "https://memgator.cs.odu.edu/timemap/link/https://tacticalinvestor.com/dossier-exposes-hillary-clinton-democrats",
    "json_format": "https://memgator.cs.odu.edu/timemap/json/https://tacticalinvestor.com/dossier-exposes-hillary-clinton-democrats",
    "cdxj_format": "https://memgator.cs.odu.edu/timemap/cdxj/https://tacticalinvestor.com/dossier-exposes-hillary-clinton-democrats"
  },
  "timegate_uri": "https://memgator.cs.odu.edu/timegate/https://tacticalinvestor.com/dossier-exposes-hillary-clinton-democrats"
}