{
  "original_uri": "https://tacticalinvestor.com/trump-flynns-life-destroyed-hillary-walks-free/",
  "self": "https://memgator.cs.odu.edu/timemap/json/https://tacticalinvestor.com/trump-flynns-life-destroyed-hillary-walks-free/",
  "mementos": {
    "list": [
      {
        "datetime": "2018-01-12T20:57:11Z",
        "uri": "http://web.archive.org/web/20180112205711/https://tacticalinvestor.com/trump-flynns-life-destroyed-hillary-walks-free"
      },
      {
        "datetime": "2018-02-02T10:52:28Z",
        "uri": "http://web.archive.org/web/20180202105228/https://tacticalinvestor.com/trump-flynns-life-destroyed-hillary-walks-free"
      },
      {
        "datetime": "2018-02-03T12:55:18Z",
        "uri": "http://web.archive.org/web/20180203125518/https://tacticalinvestor.com/trump-flynns-life-destroyed-hillary-walks-free/"
      }
    ],
    "first": {
      "datetime": "2018-01-12T20:57:11Z",
      "uri": "http://web.archive.org/web/20180112205711/https://tacticalinvestor.com/trump-flynns-life-destroyed-hillary-walks-free"
    },
    "last": {
      "datetime": "2018-02-03T12:55:18Z",
      "uri": "http://web.archive.org/web/20180203125518/https://tacticalinvestor.com/trump-flynns-life-destroyed-hillary-walks-free/"
    }
  },
  "timemap_uri": {
    "link_format": "https://memgator.cs.odu.edu/timemap/link/https://tacticalinvestor.com/trump-flynns-life-destroyed-hillary-walks-free/",
    "json_format": "https://memgator.cs.odu.edu/timemap/json/https://tacticalinvestor.com/trump-flynns-life-destroyed-hillary-walks-free/",
    "cdxj_format": "https://memgator.cs.odu.edu/timemap/cdxj/https://tacticalinvestor.com/trump-flynns-life-destroyed-hillary-walks-free/"
  },
  "timegate_uri": "https://memgator.cs.odu.edu/timegate/https://tacticalinvestor.com/trump-flynns-life-destroyed-hillary-walks-free/"
}