{
  "original_uri": "http://twitch.tv/wescopeland",
  "self": "https://memgator.cs.odu.edu/timemap/json/http://twitch.tv/wescopeland",
  "mementos": {
    "list": [
      {
        "datetime": "2014-10-05T02:11:46Z",
        "uri": "http://web.archive.org/web/20141005021146/http://www.twitch.tv:80/wescopeland"
      },
      {
        "datetime": "2015-01-03T07:27:48Z",
        "uri": "http://web.archive.org/web/20150103072748/http://www.twitch.tv:80/wescopeland"
      },
      {
        "datetime": "2015-01-04T17:39:02Z",
        "uri": "http://web.archive.org/web/20150104173902/http://www.twitch.tv:80/wescopeland"
      },
      {
        "datetime": "2015-04-02T08:20:15Z",
        "uri": "http://web.archive.org/web/20150402082015/http://www.twitch.tv:80/wescopeland"
      },
      {
        "datetime": "2016-04-28T11:25:14Z",
        "uri": "http://web.archive.org/web/20160428112514/http://www.twitch.tv/wescopeland"
      },
      {
        "datetime": "2016-05-13T08:00:13Z",
        "uri": "http://web.archive.org/web/20160513080013/https://www.twitch.tv/wescopeland"
      },
      {
        "datetime": "2016-08-13T22:37:04Z",
        "uri": "http://web.archive.org/web/20160813223704/http://twitch.tv/wescopeland"
      },
      {
        "datetime": "2017-02-11T02:29:31Z",
        "uri": "http://web.archive.org/web/20170211022931/https://www.twitch.tv/wescopeland"
      },
      {
        "datetime": "2017-08-04T01:30:53Z",
        "uri": "http://web.archive.org/web/20170804013053/http://www.twitch.tv:80/wescopeland"
      },
      {
        "datetime": "2017-10-16T00:52:08Z",
        "uri": "http://web.archive.org/web/20171016005208/http://www.twitch.tv/wescopeland"
      },
      {
        "datetime": "2017-11-02T03:00:02Z",
        "uri": "http://web.archive.org/web/20171102030002/https://www.twitch.tv/wescopeland"
      },
      {
        "datetime": "2018-01-25T15:02:55Z",
        "uri": "http://web.archive.org/web/20180125150255/http://twitch.tv/wescopeland"
      },
      {
        "datetime": "2018-01-25T15:02:56Z",
        "uri": "http://web.archive.org/web/20180125150256/https://www.twitch.tv/wescopeland"
      },
      {
        "datetime": "2018-01-25T15:02:56Z",
        "uri": "http://web.archive.org/web/20180125150256/http://www.twitch.tv/wescopeland"
      }
    ],
    "first": {
      "datetime": "2014-10-05T02:11:46Z",
      "uri": "http://web.archive.org/web/20141005021146/http://www.twitch.tv:80/wescopeland"
    },
    "last": {
      "datetime": "2018-01-25T15:02:56Z",
      "uri": "http://web.archive.org/web/20180125150256/http://www.twitch.tv/wescopeland"
    }
  },
  "timemap_uri": {
    "link_format": "https://memgator.cs.odu.edu/timemap/link/http://twitch.tv/wescopeland",
    "json_format": "https://memgator.cs.odu.edu/timemap/json/http://twitch.tv/wescopeland",
    "cdxj_format": "https://memgator.cs.odu.edu/timemap/cdxj/http://twitch.tv/wescopeland"
  },
  "timegate_uri": "https://memgator.cs.odu.edu/timegate/http://twitch.tv/wescopeland"
}