{
  "original_uri": "http://www.cnn.com/2018/01/12/opinions/donald-trump-is-a-racist-and-bully-opinion/index.html",
  "self": "https://memgator.cs.odu.edu/timemap/json/http://www.cnn.com/2018/01/12/opinions/donald-trump-is-a-racist-and-bully-opinion/index.html",
  "mementos": {
    "list": [
      {
        "datetime": "2018-01-12T18:47:10Z",
        "uri": "http://web.archive.org/web/20180112184710/http://www.cnn.com/2018/01/12/opinions/donald-trump-is-a-racist-and-bully-opinion/index.html"
      },
      {
        "datetime": "2018-01-12T21:29:18Z",
        "uri": "http://web.archive.org/web/20180112212918/http://www.cnn.com/2018/01/12/opinions/donald-trump-is-a-racist-and-bully-opinion/index.html"
      },
      {
        "datetime": "2018-01-12T21:38:36Z",
        "uri": "http://wayback.archive-it.org/all/20180112213836/http://www.cnn.com/2018/01/12/opinions/donald-trump-is-a-racist-and-bully-opinion/index.html"
      },
      {
        "datetime": "2018-01-12T21:38:36Z",
        "uri": "http://web.archive.org/web/20180112213836/http://www.cnn.com/2018/01/12/opinions/donald-trump-is-a-racist-and-bully-opinion/index.html"
      },
      {
        "datetime": "2018-01-12T22:18:56Z",
        "uri": "http://web.archive.org/web/20180112221856/http://www.cnn.com/2018/01/12/opinions/donald-trump-is-a-racist-and-bully-opinion/index.html"
      },
      {
        "datetime": "2018-01-12T22:19:16Z",
        "uri": "http://archive.is/20180112221916/http://www.cnn.com/2018/01/12/opinions/donald-trump-is-a-racist-and-bully-opinion/index.html"
      },
      {
        "datetime": "2018-01-13T06:57:35Z",
        "uri": "http://wayback.archive-it.org/all/20180113065735/http://www.cnn.com/2018/01/12/opinions/donald-trump-is-a-racist-and-bully-opinion/index.html"
      },
      {
        "datetime": "2018-01-13T06:57:35Z",
        "uri": "http://web.archive.org/web/20180113065735/http://www.cnn.com/2018/01/12/opinions/donald-trump-is-a-racist-and-bully-opinion/index.html"
      },
      {
        "datetime": "2018-01-13T19:21:58Z",
        "uri": "http://web.archive.org/web/20180113192158/http://www.cnn.com/2018/01/12/opinions/donald-trump-is-a-racist-and-bully-opinion/index.html"
      },
      {
        "datetime": "2018-01-13T23:32:19Z",
        "uri": "http://web.archive.org/web/20180113233219/http://www.cnn.com/2018/01/12/opinions/donald-trump-is-a-racist-and-bully-opinion/index.html"
      },
      {
        "datetime": "2018-01-14T05:09:24Z",
        "uri": "http://wayback.archive-it.org/all/20180114050924/http://www.cnn.com/2018/01/12/opinions/donald-trump-is-a-racist-and-bully-opinion/index.html"
      },
      {
        "datetime": "2018-01-14T05:09:24Z",
        "uri": "http://web.archive.org/web/20180114050924/http://www.cnn.com/2018/01/12/opinions/donald-trump-is-a-racist-and-bully-opinion/index.html"
      },
      {
        "datetime": "2018-01-14T10:55:45Z",
        "uri": "http://web.archive.org/web/20180114105545/http://www.cnn.com/2018/01/12/opinions/donald-trump-is-a-racist-and-bully-opinion/index.html"
      },
      {
        "datetime": "2018-01-14T20:17:21Z",
        "uri": "http://web.archive.org/web/20180114201721/http://www.cnn.com/2018/01/12/opinions/donald-trump-is-a-racist-and-bully-opinion/index.html"
      },
      {
        "datetime": "2018-01-15T01:47:44Z",
        "uri": "http://web.archive.org/web/20180115014744/http://www.cnn.com/2018/01/12/opinions/donald-trump-is-a-racist-and-bully-opinion/index.html"
      },
      {
        "datetime": "2018-01-15T16:29:53Z",
        "uri": "http://web.archive.org/web/20180115162953/http://www.cnn.com/2018/01/12/opinions/donald-trump-is-a-racist-and-bully-opinion/index.html"
      },
      {
        "datetime": "2018-01-16T04:16:51Z",
        "uri": "http://web.archive.org/web/20180116041651/http://www.cnn.com/2018/01/12/opinions/donald-trump-is-a-racist-and-bully-opinion/index.html"
      },
      {
        "datetime": "2018-01-17T03:30:04Z",
        "uri": "http://web.archive.org/web/20180117033004/http://www.cnn.com/2018/01/12/opinions/donald-trump-is-a-racist-and-bully-opinion/index.html"
      },
      {
        "datetime": "2018-01-17T19:13:43Z",
        "uri": "http://web.archive.org/web/20180117191343/http://www.cnn.com/2018/01/12/opinions/donald-trump-is-a-racist-and-bully-opinion/index.html"
      },
      {
        "datetime": "2018-01-18T03:47:30Z",
        "uri": "http://web.archive.org/web/20180118034730/http://www.cnn.com/2018/01/12/opinions/donald-trump-is-a-racist-and-bully-opinion/index.html"
      },
      {
        "datetime": "2018-01-18T16:14:32Z",
        "uri": "http://web.archive.org/web/20180118161432/http://www.cnn.com/2018/01/12/opinions/donald-trump-is-a-racist-and-bully-opinion/index.html"
      },
      {
        "datetime": "2018-01-19T17:53:02Z",
        "uri": "http://web.archive.org/web/20180119175302/http://www.cnn.com/2018/01/12/opinions/donald-trump-is-a-racist-and-bully-opinion/index.html"
      },
      {
        "datetime": "2018-01-21T17:05:59Z",
        "uri": "http://web.archive.org/web/20180121170559/http://www.cnn.com/2018/01/12/opinions/donald-trump-is-a-racist-and-bully-opinion/index.html"
      },
      {
        "datetime": "2018-01-22T18:24:19Z",
        "uri": "http://web.archive.org/web/20180122182419/http://www.cnn.com/2018/01/12/opinions/donald-trump-is-a-racist-and-bully-opinion/index.html"
      },
      {
        "datetime": "2018-01-22T18:24:21Z",
        "uri": "http://web.archive.org/web/20180122182421/https://www.cnn.com/2018/01/12/opinions/donald-trump-is-a-racist-and-bully-opinion/index.html"
      },
      {
        "datetime": "2018-01-25T16:50:34Z",
        "uri": "http://web.archive.org/web/20180125165034/http://www.cnn.com/2018/01/12/opinions/donald-trump-is-a-racist-and-bully-opinion/index.html"
      },
      {
        "datetime": "2018-01-25T16:50:36Z",
        "uri": "http://web.archive.org/web/20180125165036/https://www.cnn.com/2018/01/12/opinions/donald-trump-is-a-racist-and-bully-opinion/index.html"
      },
      {
        "datetime": "2018-01-28T07:47:44Z",
        "uri": "http://web.archive.org/web/20180128074744/https://www.cnn.com/2018/01/12/opinions/donald-trump-is-a-racist-and-bully-opinion/index.html"
      },
      {
        "datetime": "2018-01-28T08:19:24Z",
        "uri": "http://web.archive.org/web/20180128081924/http://www.cnn.com/2018/01/12/opinions/donald-trump-is-a-racist-and-bully-opinion/index.html"
      },
      {
        "datetime": "2018-01-28T08:35:18Z",
        "uri": "http://web.archive.org/web/20180128083518/https://www.cnn.com/2018/01/12/opinions/donald-trump-is-a-racist-and-bully-opinion/index.html"
      },
      {
        "datetime": "2018-01-28T14:13:48Z",
        "uri": "http://wayback.archive-it.org/all/20180128141348/https://www.cnn.com/2018/01/12/opinions/donald-trump-is-a-racist-and-bully-opinion/index.html"
      },
      {
        "datetime": "2018-01-28T14:13:48Z",
        "uri": "http://web.archive.org/web/20180128141348/https://www.cnn.com/2018/01/12/opinions/donald-trump-is-a-racist-and-bully-opinion/index.html"
      },
      {
        "datetime": "2018-01-29T18:51:43Z",
        "uri": "http://web.archive.org/web/20180129185143/https://www.cnn.com/2018/01/12/opinions/donald-trump-is-a-racist-and-bully-opinion/index.html"
      }
    ],
    "first": {
      "datetime": "2018-01-12T18:47:10Z",
      "uri": "http://web.archive.org/web/20180112184710/http://www.cnn.com/2018/01/12/opinions/donald-trump-is-a-racist-and-bully-opinion/index.html"
    },
    "last": {
      "datetime": "2018-01-29T18:51:43Z",
      "uri": "http://web.archive.org/web/20180129185143/https://www.cnn.com/2018/01/12/opinions/donald-trump-is-a-racist-and-bully-opinion/index.html"
    }
  },
  "timemap_uri": {
    "link_format": "https://memgator.cs.odu.edu/timemap/link/http://www.cnn.com/2018/01/12/opinions/donald-trump-is-a-racist-and-bully-opinion/index.html",
    "json_format": "https://memgator.cs.odu.edu/timemap/json/http://www.cnn.com/2018/01/12/opinions/donald-trump-is-a-racist-and-bully-opinion/index.html",
    "cdxj_format": "https://memgator.cs.odu.edu/timemap/cdxj/http://www.cnn.com/2018/01/12/opinions/donald-trump-is-a-racist-and-bully-opinion/index.html"
  },
  "timegate_uri": "https://memgator.cs.odu.edu/timegate/http://www.cnn.com/2018/01/12/opinions/donald-trump-is-a-racist-and-bully-opinion/index.html"
}