{
  "original_uri": "https://www.nintendo.com/games/detail/night-in-the-woods-switch",
  "self": "https://memgator.cs.odu.edu/timemap/json/https://www.nintendo.com/games/detail/night-in-the-woods-switch",
  "mementos": {
    "list": [
      {
        "datetime": "2018-01-17T00:59:53Z",
        "uri": "http://web.archive.org/web/20180117005953/https://www.nintendo.com/games/detail/night-in-the-woods-switch"
      },
      {
        "datetime": "2018-02-01T21:01:58Z",
        "uri": "http://web.archive.org/web/20180201210158/https://www.nintendo.com/games/detail/night-in-the-woods-switch"
      },
      {
        "datetime": "2018-02-01T22:06:00Z",
        "uri": "http://web.archive.org/web/20180201220600/https://www.nintendo.com/games/detail/night-in-the-woods-switch"
      },
      {
        "datetime": "2018-02-03T07:41:05Z",
        "uri": "http://web.archive.org/web/20180203074105/https://www.nintendo.com/games/detail/night-in-the-woods-switch"
      },
      {
        "datetime": "2018-02-04T08:23:17Z",
        "uri": "http://web.archive.org/web/20180204082317/https://www.nintendo.com/games/detail/night-in-the-woods-switch"
      },
      {
        "datetime": "2018-02-05T09:56:10Z",
        "uri": "http://web.archive.org/web/20180205095610/https://www.nintendo.com/games/detail/night-in-the-woods-switch"
      },
      {
        "datetime": "2018-02-06T11:44:39Z",
        "uri": "http://web.archive.org/web/20180206114439/https://www.nintendo.com/games/detail/night-in-the-woods-switch"
      }
    ],
    "first": {
      "datetime": "2018-01-17T00:59:53Z",
      "uri": "http://web.archive.org/web/20180117005953/https://www.nintendo.com/games/detail/night-in-the-woods-switch"
    },
    "last": {
      "datetime": "2018-02-06T11:44:39Z",
      "uri": "http://web.archive.org/web/20180206114439/https://www.nintendo.com/games/detail/night-in-the-woods-switch"
    }
  },
  "timemap_uri": {
    "link_format": "https://memgator.cs.odu.edu/timemap/link/https://www.nintendo.com/games/detail/night-in-the-woods-switch",
    "json_format": "https://memgator.cs.odu.edu/timemap/json/https://www.nintendo.com/games/detail/night-in-the-woods-switch",
    "cdxj_format": "https://memgator.cs.odu.edu/timemap/cdxj/https://www.nintendo.com/games/detail/night-in-the-woods-switch"
  },
  "timegate_uri": "https://memgator.cs.odu.edu/timegate/https://www.nintendo.com/games/detail/night-in-the-woods-switch"
}