{
  "original_uri": "http://www.dirtysouthradioonline.com",
  "self": "https://memgator.cs.odu.edu/timemap/json/http://www.dirtysouthradioonline.com",
  "mementos": {
    "list": [
      {
        "datetime": "2006-02-28T00:32:36Z",
        "uri": "http://web.archive.org/web/20060228003236/http://www.dirtysouthradioonline.com:80/"
      },
      {
        "datetime": "2006-04-14T13:24:18Z",
        "uri": "http://web.archive.org/web/20060414132418/http://www.dirtysouthradioonline.com:80/"
      },
      {
        "datetime": "2006-05-13T11:42:10Z",
        "uri": "http://web.archive.org/web/20060513114210/http://www.dirtysouthradioonline.com:80/"
      },
      {
        "datetime": "2006-05-26T08:38:26Z",
        "uri": "http://web.archive.org/web/20060526083826/http://www.dirtysouthradioonline.com:80/"
      },
      {
        "datetime": "2006-06-20T04:15:24Z",
        "uri": "http://web.archive.org/web/20060620041524/http://www.dirtysouthradioonline.com:80/"
      },
      {
        "datetime": "2006-07-21T12:47:29Z",
        "uri": "http://web.archive.org/web/20060721124729/http://www.dirtysouthradioonline.com:80/"
      },
      {
        "datetime": "2006-08-11T20:48:25Z",
        "uri": "http://web.archive.org/web/20060811204825/http://www.dirtysouthradioonline.com:80/"
      },
      {
        "datetime": "2006-10-06T05:44:41Z",
        "uri": "http://web.archive.org/web/20061006054441/http://www.dirtysouthradioonline.com:80/"
      },
      {
        "datetime": "2006-12-07T03:44:56Z",
        "uri": "http://web.archive.org/web/20061207034456/http://www.dirtysouthradioonline.com:80/"
      },
      {
        "datetime": "2006-12-08T20:27:13Z",
        "uri": "http://web.archive.org/web/20061208202713/http://www.dirtysouthradioonline.com:80/"
      },
      {
        "datetime": "2006-12-13T15:52:06Z",
        "uri": "http://web.archive.org/web/20061213155206/http://www.dirtysouthradioonline.com:80/"
      },
      {
        "datetime": "2006-12-18T17:13:41Z",
        "uri": "http://web.archive.org/web/20061218171341/http://www.dirtysouthradioonline.com:80/"
      },
      {
        "datetime": "2006-12-23T11:15:57Z",
        "uri": "http://web.archive.org/web/20061223111557/http://www.dirtysouthradioonline.com:80/"
      },
      {
        "datetime": "2006-12-31T19:41:26Z",
        "uri": "http://web.archive.org/web/20061231194126/http://www.dirtysouthradioonline.com:80/"
      },
      {
        "datetime": "2007-01-05T20:20:29Z",
        "uri": "http://web.archive.org/web/20070105202029/http://www.dirtysouthradioonline.com:80/"
      },
      {
        "datetime": "2007-01-10T15:41:27Z",
        "uri": "http://web.archive.org/web/20070110154127/http://www.dirtysouthradioonline.com:80/"
      },
      {
        "datetime": "2007-01-15T15:48:19Z",
        "uri": "http://web.archive.org/web/20070115154819/http://dirtysouthradioonline.com:80/"
      },
      {
        "datetime": "2007-01-20T15:12:10Z",
        "uri": "http://web.archive.org/web/20070120151210/http://www.dirtysouthradioonline.com:80/"
      },
      {
        "datetime": "2007-01-25T23:16:53Z",
        "uri": "http://web.archive.org/web/20070125231653/http://www.dirtysouthradioonline.com:80/"
      },
      {
        "datetime": "2007-02-03T08:58:01Z",
        "uri": "http://web.archive.org/web/20070203085801/http://www.dirtysouthradioonline.com:80/"
      },
      {
        "datetime": "2007-03-13T19:34:49Z",
        "uri": "http://web.archive.org/web/20070313193449/http://www.dirtysouthradioonline.com:80/"
      },
      {
        "datetime": "2007-03-21T18:03:24Z",
        "uri": "http://web.archive.org/web/20070321180324/http://www.dirtysouthradioonline.com:80/"
      },
      {
        "datetime": "2007-03-23T03:44:32Z",
        "uri": "http://web.archive.org/web/20070323034432/http://dirtysouthradioonline.com:80/"
      },
      {
        "datetime": "2007-04-27T07:13:05Z",
        "uri": "http://web.archive.org/web/20070427071305/http://www.dirtysouthradioonline.com:80/"
      },
      {
        "datetime": "2007-06-02T00:58:25Z",
        "uri": "http://web.archive.org/web/20070602005825/http://www.dirtysouthradioonline.com:80/"
      },
      {
        "datetime": "2007-06-29T11:35:16Z",
        "uri": "http://web.archive.org/web/20070629113516/http://www.dirtysouthradioonline.com:80/"
      },
      {
        "datetime": "2007-07-02T22:03:02Z",
        "uri": "http://web.archive.org/web/20070702220302/http://www.dirtysouthradioonline.com:80/"
      },
      {
        "datetime": "2007-08-12T03:36:31Z",
        "uri": "http://web.archive.org/web/20070812033631/http://www.dirtysouthradioonline.com:80/"
      },
      {
        "datetime": "2007-09-11T17:25:41Z",
        "uri": "http://web.archive.org/web/20070911172541/http://www.dirtysouthradioonline.com:80/"
      },
      {
        "datetime": "2007-10-01T15:33:17Z",
        "uri": "http://web.archive.org/web/20071001153317/http://www.dirtysouthradioonline.com:80/"
      },
      {
        "datetime": "2007-10-02T19:25:06Z",
        "uri": "http://web.archive.org/web/20071002192506/http://www.dirtysouthradioonline.com:80/"
      },
      {
        "datetime": "2007-10-04T23:53:04Z",
        "uri": "http://web.archive.org/web/20071004235304/http://www.dirtysouthradioonline.com:80/"
      },
      {
        "datetime": "2007-10-06T10:36:44Z",
        "uri": "http://web.archive.org/web/20071006103644/http://www.dirtysouthradioonline.com:80/"
      },
      {
        "datetime": "2007-10-07T16:42:12Z",
        "uri": "http://web.archive.org/web/20071007164212/http://www.dirtysouthradioonline.com:80/"
      },
      {
        "datetime": "2007-10-09T04:14:39Z",
        "uri": "http://web.archive.org/web/20071009041439/http://www.dirtysouthradioonline.com:80/"
      },
      {
        "datetime": "2007-10-11T20:10:41Z",
        "uri": "http://web.archive.org/web/20071011201041/http://www.dirtysouthradioonline.com:80/"
      },
      {
        "datetime": "2007-10-25T03:37:41Z",
        "uri": "http://web.archive.org/web/20071025033741/http://www.dirtysouthradioonline.com:80/"
      },
      {
        "datetime": "2007-11-07T18:55:11Z",
        "uri": "http://web.archive.org/web/20071107185511/http://www.dirtysouthradioonline.com:80/"
      },
      {
        "datetime": "2007-11-15T21:04:48Z",
        "uri": "http://web.archive.org/web/20071115210448/http://www.dirtysouthradioonline.com:80/"
      },
      {
        "datetime": "2007-11-22T21:47:21Z",
        "uri": "http://web.archive.org/web/20071122214721/http://www.dirtysouthradioonline.com:80/"
      },
      {
        "datetime": "2007-11-29T21:41:43Z",
        "uri": "http://web.archive.org/web/20071129214143/http://www.dirtysouthradioonline.com:80/"
      },
      {
        "datetime": "2007-12-07T10:04:41Z",
        "uri": "http://web.archive.org/web/20071207100441/http://www.dirtysouthradioonline.com:80/"
      },
      {
        "datetime": "2007-12-13T18:32:56Z",
        "uri": "http://web.archive.org/web/20071213183256/http://www.dirtysouthradioonline.com:80/"
      },
      {
        "datetime": "2007-12-20T20:24:34Z",
        "uri": "http://web.archive.org/web/20071220202434/http://www.dirtysouthradioonline.com:80/"
      },
      {
        "datetime": "2007-12-27T21:31:04Z",
        "uri": "http://web.archive.org/web/20071227213104/http://www.dirtysouthradioonline.com:80/"
      },
      {
        "datetime": "2008-01-03T17:53:34Z",
        "uri": "http://web.archive.org/web/20080103175334/http://www.dirtysouthradioonline.com:80/"
      },
      {
        "datetime": "2008-01-12T08:16:00Z",
        "uri": "http://web.archive.org/web/20080112081600/http://www.dirtysouthradioonline.com:80/"
      },
      {
        "datetime": "2008-01-22T11:09:40Z",
        "uri": "http://web.archive.org/web/20080122110940/http://www.dirtysouthradioonline.com:80/"
      },
      {
        "datetime": "2008-02-01T00:01:22Z",
        "uri": "http://web.archive.org/web/20080201000122/http://www.dirtysouthradioonline.com:80/"
      },
      {
        "datetime": "2008-02-13T01:09:46Z",
        "uri": "http://web.archive.org/web/20080213010946/http://www.dirtysouthradioonline.com:80/"
      },
      {
        "datetime": "2008-02-22T18:29:17Z",
        "uri": "http://web.archive.org/web/20080222182917/http://www.dirtysouthradioonline.com:80/"
      },
      {
        "datetime": "2008-03-05T18:09:02Z",
        "uri": "http://web.archive.org/web/20080305180902/http://www.dirtysouthradioonline.com:80/"
      },
      {
        "datetime": "2008-03-09T00:02:58Z",
        "uri": "http://web.archive.org/web/20080309000258/http://www.dirtysouthradioonline.com:80/?"
      },
      {
        "datetime": "2008-03-15T05:41:29Z",
        "uri": "http://web.archive.org/web/20080315054129/http://www.dirtysouthradioonline.com:80/"
      },
      {
        "datetime": "2008-03-25T00:15:22Z",
        "uri": "http://web.archive.org/web/20080325001522/http://www.dirtysouthradioonline.com:80/"
      },
      {
        "datetime": "2008-04-03T03:04:19Z",
        "uri": "http://web.archive.org/web/20080403030419/http://www.dirtysouthradioonline.com:80/"
      },
      {
        "datetime": "2008-04-08T10:44:01Z",
        "uri": "http://web.archive.org/web/20080408104401/http://www.dirtysouthradioonline.com:80/?"
      },
      {
        "datetime": "2008-04-11T20:04:16Z",
        "uri": "http://web.archive.org/web/20080411200416/http://www.dirtysouthradioonline.com:80/"
      },
      {
        "datetime": "2008-05-11T04:22:47Z",
        "uri": "http://web.archive.org/web/20080511042247/http://www.dirtysouthradioonline.com:80/"
      },
      {
        "datetime": "2008-05-16T18:04:15Z",
        "uri": "http://web.archive.org/web/20080516180415/http://www.dirtysouthradioonline.com/"
      },
      {
        "datetime": "2008-05-22T08:09:13Z",
        "uri": "http://web.archive.org/web/20080522080913/http://www.dirtysouthradioonline.com:80/"
      },
      {
        "datetime": "2008-06-13T20:42:49Z",
        "uri": "http://web.archive.org/web/20080613204249/http://www.dirtysouthradioonline.com:80/"
      },
      {
        "datetime": "2008-06-25T02:32:27Z",
        "uri": "http://web.archive.org/web/20080625023227/http://dirtysouthradioonline.com:80/"
      },
      {
        "datetime": "2008-07-03T13:55:14Z",
        "uri": "http://web.archive.org/web/20080703135514/http://www.dirtysouthradioonline.com:80/"
      },
      {
        "datetime": "2008-07-04T14:34:11Z",
        "uri": "http://web.archive.org/web/20080704143411/http://www.dirtysouthradioonline.com:80/"
      },
      {
        "datetime": "2008-07-05T20:09:53Z",
        "uri": "http://web.archive.org/web/20080705200953/http://www.dirtysouthradioonline.com:80/"
      },
      {
        "datetime": "2008-07-06T22:55:57Z",
        "uri": "http://web.archive.org/web/20080706225557/http://www.dirtysouthradioonline.com:80/"
      },
      {
        "datetime": "2008-07-07T23:34:43Z",
        "uri": "http://web.archive.org/web/20080707233443/http://www.dirtysouthradioonline.com:80/"
      },
      {
        "datetime": "2008-07-09T08:25:29Z",
        "uri": "http://web.archive.org/web/20080709082529/http://www.dirtysouthradioonline.com:80/"
      },
      {
        "datetime": "2008-07-10T10:09:43Z",
        "uri": "http://web.archive.org/web/20080710100943/http://www.dirtysouthradioonline.com:80/"
      },
      {
        "datetime": "2008-07-11T12:00:20Z",
        "uri": "http://web.archive.org/web/20080711120020/http://www.dirtysouthradioonline.com:80/"
      },
      {
        "datetime": "2008-07-13T20:44:46Z",
        "uri": "http://web.archive.org/web/20080713204446/http://www.dirtysouthradioonline.com:80/"
      },
      {
        "datetime": "2008-07-14T21:22:41Z",
        "uri": "http://web.archive.org/web/20080714212241/http://www.dirtysouthradioonline.com:80/"
      },
      {
        "datetime": "2008-07-16T00:20:20Z",
        "uri": "http://web.archive.org/web/20080716002020/http://www.dirtysouthradioonline.com:80/"
      },
      {
        "datetime": "2008-07-17T00:50:43Z",
        "uri": "http://web.archive.org/web/20080717005043/http://www.dirtysouthradioonline.com:80/"
      },
      {
        "datetime": "2008-07-18T02:43:57Z",
        "uri": "http://web.archive.org/web/20080718024357/http://www.dirtysouthradioonline.com:80/"
      },
      {
        "datetime": "2008-07-19T04:39:21Z",
        "uri": "http://web.archive.org/web/20080719043921/http://dirtysouthradioonline.com:80/"
      },
      {
        "datetime": "2008-07-20T06:06:36Z",
        "uri": "http://web.archive.org/web/20080720060636/http://dirtysouthradioonline.com:80/"
      },
      {
        "datetime": "2008-07-21T08:13:59Z",
        "uri": "http://web.archive.org/web/20080721081359/http://www.dirtysouthradioonline.com:80/"
      },
      {
        "datetime": "2008-07-22T10:22:38Z",
        "uri": "http://web.archive.org/web/20080722102238/http://www.dirtysouthradioonline.com:80/"
      },
      {
        "datetime": "2008-07-23T11:16:36Z",
        "uri": "http://web.archive.org/web/20080723111636/http://www.dirtysouthradioonline.com:80/"
      },
      {
        "datetime": "2008-07-24T12:10:44Z",
        "uri": "http://web.archive.org/web/20080724121044/http://dirtysouthradioonline.com:80/"
      },
      {
        "datetime": "2008-07-25T15:05:11Z",
        "uri": "http://web.archive.org/web/20080725150511/http://www.dirtysouthradioonline.com:80/"
      },
      {
        "datetime": "2008-07-26T15:42:27Z",
        "uri": "http://web.archive.org/web/20080726154227/http://www.dirtysouthradioonline.com:80/"
      },
      {
        "datetime": "2008-07-27T18:26:27Z",
        "uri": "http://web.archive.org/web/20080727182627/http://www.dirtysouthradioonline.com:80/"
      },
      {
        "datetime": "2008-07-28T19:45:43Z",
        "uri": "http://web.archive.org/web/20080728194543/http://www.dirtysouthradioonline.com:80/"
      },
      {
        "datetime": "2008-07-29T21:29:33Z",
        "uri": "http://web.archive.org/web/20080729212933/http://www.dirtysouthradioonline.com:80/"
      },
      {
        "datetime": "2008-07-30T23:49:11Z",
        "uri": "http://web.archive.org/web/20080730234911/http://www.dirtysouthradioonline.com:80/"
      },
      {
        "datetime": "2008-08-05T00:47:51Z",
        "uri": "http://web.archive.org/web/20080805004751/http://www.dirtysouthradioonline.com:80/"
      },
      {
        "datetime": "2008-08-06T03:46:17Z",
        "uri": "http://web.archive.org/web/20080806034617/http://dirtysouthradioonline.com:80/"
      },
      {
        "datetime": "2008-08-07T05:55:02Z",
        "uri": "http://web.archive.org/web/20080807055502/http://dirtysouthradioonline.com:80/"
      },
      {
        "datetime": "2008-08-08T08:19:56Z",
        "uri": "http://web.archive.org/web/20080808081956/http://www.dirtysouthradioonline.com:80/"
      },
      {
        "datetime": "2008-08-09T09:50:20Z",
        "uri": "http://web.archive.org/web/20080809095020/http://www.dirtysouthradioonline.com:80/"
      },
      {
        "datetime": "2008-08-10T11:24:32Z",
        "uri": "http://web.archive.org/web/20080810112432/http://www.dirtysouthradioonline.com:80/"
      },
      {
        "datetime": "2008-08-11T13:04:47Z",
        "uri": "http://web.archive.org/web/20080811130447/http://www.dirtysouthradioonline.com:80/"
      },
      {
        "datetime": "2008-08-12T16:47:24Z",
        "uri": "http://web.archive.org/web/20080812164724/http://www.dirtysouthradioonline.com:80/"
      },
      {
        "datetime": "2008-08-13T17:54:54Z",
        "uri": "http://web.archive.org/web/20080813175454/http://www.dirtysouthradioonline.com:80/"
      },
      {
        "datetime": "2008-08-14T20:11:48Z",
        "uri": "http://web.archive.org/web/20080814201148/http://www.dirtysouthradioonline.com:80/"
      },
      {
        "datetime": "2008-08-15T22:20:04Z",
        "uri": "http://web.archive.org/web/20080815222004/http://www.dirtysouthradioonline.com:80/"
      },
      {
        "datetime": "2008-08-16T23:56:28Z",
        "uri": "http://web.archive.org/web/20080816235628/http://dirtysouthradioonline.com:80/"
      },
      {
        "datetime": "2008-08-18T04:24:56Z",
        "uri": "http://web.archive.org/web/20080818042456/http://dirtysouthradioonline.com:80/"
      },
      {
        "datetime": "2008-08-19T16:25:38Z",
        "uri": "http://web.archive.org/web/20080819162538/http://dirtysouthradioonline.com:80/"
      },
      {
        "datetime": "2008-08-20T23:55:37Z",
        "uri": "http://web.archive.org/web/20080820235537/http://dirtysouthradioonline.com:80/"
      },
      {
        "datetime": "2008-08-22T16:33:05Z",
        "uri": "http://web.archive.org/web/20080822163305/http://www.dirtysouthradioonline.com:80/"
      },
      {
        "datetime": "2008-08-23T17:33:12Z",
        "uri": "http://web.archive.org/web/20080823173312/http://www.dirtysouthradioonline.com:80/"
      },
      {
        "datetime": "2008-08-24T20:16:46Z",
        "uri": "http://web.archive.org/web/20080824201646/http://www.dirtysouthradioonline.com:80/"
      },
      {
        "datetime": "2008-08-25T21:43:26Z",
        "uri": "http://web.archive.org/web/20080825214326/http://www.dirtysouthradioonline.com:80/"
      },
      {
        "datetime": "2008-08-27T02:38:19Z",
        "uri": "http://web.archive.org/web/20080827023819/http://www.dirtysouthradioonline.com:80/"
      },
      {
        "datetime": "2008-08-28T03:22:15Z",
        "uri": "http://web.archive.org/web/20080828032215/http://www.dirtysouthradioonline.com:80/"
      },
      {
        "datetime": "2008-08-30T05:36:28Z",
        "uri": "http://web.archive.org/web/20080830053628/http://www.dirtysouthradioonline.com:80/"
      },
      {
        "datetime": "2008-08-31T07:13:53Z",
        "uri": "http://web.archive.org/web/20080831071353/http://www.dirtysouthradioonline.com:80/"
      },
      {
        "datetime": "2008-09-01T08:36:32Z",
        "uri": "http://web.archive.org/web/20080901083632/http://www.dirtysouthradioonline.com:80/"
      },
      {
        "datetime": "2008-09-02T10:20:38Z",
        "uri": "http://web.archive.org/web/20080902102038/http://www.dirtysouthradioonline.com:80/"
      },
      {
        "datetime": "2008-09-03T11:35:23Z",
        "uri": "http://web.archive.org/web/20080903113523/http://www.dirtysouthradioonline.com:80/"
      },
      {
        "datetime": "2008-09-04T13:56:33Z",
        "uri": "http://web.archive.org/web/20080904135633/http://www.dirtysouthradioonline.com:80/"
      },
      {
        "datetime": "2008-09-05T15:08:45Z",
        "uri": "http://web.archive.org/web/20080905150845/http://www.dirtysouthradioonline.com:80/"
      },
      {
        "datetime": "2008-09-06T15:14:11Z",
        "uri": "http://web.archive.org/web/20080906151411/http://www.dirtysouthradioonline.com:80/"
      },
      {
        "datetime": "2008-09-07T19:25:31Z",
        "uri": "http://web.archive.org/web/20080907192531/http://www.dirtysouthradioonline.com:80/"
      },
      {
        "datetime": "2008-09-07T23:14:00Z",
        "uri": "http://web.archive.org/web/20080907231400/http://www.dirtysouthradioonline.com:80/"
      },
      {
        "datetime": "2008-09-09T01:16:30Z",
        "uri": "http://web.archive.org/web/20080909011630/http://www.dirtysouthradioonline.com:80/"
      },
      {
        "datetime": "2008-09-10T02:18:12Z",
        "uri": "http://web.archive.org/web/20080910021812/http://www.dirtysouthradioonline.com:80/"
      },
      {
        "datetime": "2008-09-11T03:13:12Z",
        "uri": "http://web.archive.org/web/20080911031312/http://www.dirtysouthradioonline.com:80/"
      },
      {
        "datetime": "2008-09-12T03:21:14Z",
        "uri": "http://web.archive.org/web/20080912032114/http://www.dirtysouthradioonline.com:80/"
      },
      {
        "datetime": "2008-09-13T21:39:34Z",
        "uri": "http://web.archive.org/web/20080913213934/http://www.dirtysouthradioonline.com:80/"
      },
      {
        "datetime": "2008-09-19T13:41:13Z",
        "uri": "http://web.archive.org/web/20080919134113/http://www.dirtysouthradioonline.com:80/?"
      },
      {
        "datetime": "2008-09-26T21:55:54Z",
        "uri": "http://web.archive.org/web/20080926215554/http://www.dirtysouthradioonline.com:80/"
      },
      {
        "datetime": "2008-10-10T14:05:40Z",
        "uri": "http://web.archive.org/web/20081010140540/http://www.dirtysouthradioonline.com:80/"
      },
      {
        "datetime": "2008-10-22T08:47:49Z",
        "uri": "http://web.archive.org/web/20081022084749/http://www.dirtysouthradioonline.com:80/"
      },
      {
        "datetime": "2008-10-22T14:51:19Z",
        "uri": "http://web.archive.org/web/20081022145119/http://www.dirtysouthradioonline.com:80/?"
      },
      {
        "datetime": "2008-11-04T16:57:56Z",
        "uri": "http://web.archive.org/web/20081104165756/http://www.dirtysouthradioonline.com:80/"
      },
      {
        "datetime": "2008-11-04T16:57:56Z",
        "uri": "http://web.archive.org/web/20081104165756/http://www.dirtysouthradioonline.com:80/"
      },
      {
        "datetime": "2008-12-18T18:02:07Z",
        "uri": "http://web.archive.org/web/20081218180207/http://www.dirtysouthradioonline.com:80/"
      },
      {
        "datetime": "2008-12-20T10:35:24Z",
        "uri": "http://web.archive.org/web/20081220103524/http://www.dirtysouthradioonline.com:80/"
      },
      {
        "datetime": "2009-01-23T15:46:11Z",
        "uri": "http://wayback.archive-it.org/all/20090123154611/http://www.dirtysouthradioonline.com/"
      },
      {
        "datetime": "2009-01-23T15:46:11Z",
        "uri": "http://web.archive.org/web/20090123154611/http://www.dirtysouthradioonline.com/"
      },
      {
        "datetime": "2009-01-26T01:28:46Z",
        "uri": "http://web.archive.org/web/20090126012846/http://dirtysouthradioonline.com:80/"
      },
      {
        "datetime": "2009-02-05T06:10:01Z",
        "uri": "http://web.archive.org/web/20090205061001/http://dirtysouthradioonline.com:80/"
      },
      {
        "datetime": "2009-02-25T06:59:47Z",
        "uri": "http://web.archive.org/web/20090225065947/http://www.dirtysouthradioonline.com:80/"
      },
      {
        "datetime": "2009-03-17T05:18:28Z",
        "uri": "http://web.archive.org/web/20090317051828/http://www.dirtysouthradioonline.com:80/"
      },
      {
        "datetime": "2010-01-06T03:49:22Z",
        "uri": "http://web.archive.org/web/20100106034922/http://www.dirtysouthradioonline.com/"
      },
      {
        "datetime": "2010-02-12T23:10:33Z",
        "uri": "http://web.archive.org/web/20100212231033/http://www.dirtysouthradioonline.com:80/"
      },
      {
        "datetime": "2010-12-29T14:49:04Z",
        "uri": "http://web.archive.org/web/20101229144904/http://www.dirtysouthradioonline.com/"
      },
      {
        "datetime": "2011-02-02T09:03:24Z",
        "uri": "http://web.archive.org/web/20110202090324/http://www.dirtysouthradioonline.com/"
      },
      {
        "datetime": "2011-02-02T22:42:33Z",
        "uri": "http://web.archive.org/web/20110202224233/http://dirtysouthradioonline.com/"
      },
      {
        "datetime": "2011-02-07T13:10:51Z",
        "uri": "http://web.archive.org/web/20110207131051/http://www.dirtysouthradioonline.com/"
      },
      {
        "datetime": "2011-05-13T03:33:29Z",
        "uri": "http://web.archive.org/web/20110513033329/http://www.dirtysouthradioonline.com/"
      },
      {
        "datetime": "2011-06-08T13:57:40Z",
        "uri": "http://web.archive.org/web/20110608135740/http://www.dirtysouthradioonline.com/"
      },
      {
        "datetime": "2011-08-07T20:10:19Z",
        "uri": "http://web.archive.org/web/20110807201019/http://www.dirtysouthradioonline.com:80/"
      },
      {
        "datetime": "2011-09-03T01:39:08Z",
        "uri": "http://web.archive.org/web/20110903013908/http://www.dirtysouthradioonline.com:80/"
      },
      {
        "datetime": "2011-09-23T19:52:23Z",
        "uri": "http://web.archive.org/web/20110923195223/http://www.dirtysouthradioonline.com:80/"
      },
      {
        "datetime": "2011-10-14T04:19:15Z",
        "uri": "http://web.archive.org/web/20111014041915/http://www.dirtysouthradioonline.com:80/"
      },
      {
        "datetime": "2011-10-24T22:08:32Z",
        "uri": "http://web.archive.org/web/20111024220832/http://www.dirtysouthradioonline.com:80/"
      },
      {
        "datetime": "2011-11-08T17:02:09Z",
        "uri": "http://web.archive.org/web/20111108170209/http://www.dirtysouthradioonline.com:80/"
      },
      {
        "datetime": "2011-11-09T11:42:36Z",
        "uri": "http://web.archive.org/web/20111109114236/http://www.dirtysouthradioonline.com/"
      },
      {
        "datetime": "2011-11-21T20:21:23Z",
        "uri": "http://web.archive.org/web/20111121202123/http://www.dirtysouthradioonline.com/"
      },
      {
        "datetime": "2011-11-26T21:49:28Z",
        "uri": "http://web.archive.org/web/20111126214928/http://dirtysouthradioonline.com:80/"
      },
      {
        "datetime": "2011-12-28T00:06:09Z",
        "uri": "http://web.archive.org/web/20111228000609/http://dirtysouthradioonline.com:80/"
      },
      {
        "datetime": "2012-01-07T16:22:16Z",
        "uri": "http://web.archive.org/web/20120107162216/http://www.dirtysouthradioonline.com/"
      },
      {
        "datetime": "2012-02-15T09:21:14Z",
        "uri": "http://web.archive.org/web/20120215092114/http://www.dirtysouthradioonline.com:80/"
      },
      {
        "datetime": "2012-03-11T13:58:06Z",
        "uri": "http://web.archive.org/web/20120311135806/http://dirtysouthradioonline.com:80/"
      },
      {
        "datetime": "2012-03-28T14:23:42Z",
        "uri": "http://web.archive.org/web/20120328142342/http://www.dirtysouthradioonline.com:80/"
      },
      {
        "datetime": "2012-04-28T06:00:24Z",
        "uri": "http://web.archive.org/web/20120428060024/http://www.dirtysouthradioonline.com:80/"
      },
      {
        "datetime": "2012-05-22T10:26:01Z",
        "uri": "http://web.archive.org/web/20120522102601/http://www.dirtysouthradioonline.com:80/"
      },
      {
        "datetime": "2012-06-18T12:34:56Z",
        "uri": "http://web.archive.org/web/20120618123456/http://www.dirtysouthradioonline.com:80/"
      },
      {
        "datetime": "2012-07-03T04:25:20Z",
        "uri": "http://web.archive.org/web/20120703042520/http://www.dirtysouthradioonline.com:80/"
      },
      {
        "datetime": "2012-07-30T15:18:46Z",
        "uri": "http://webarchive.loc.gov/all/20120730151846/http://www.dirtysouthradioonline.com/"
      },
      {
        "datetime": "2012-08-03T05:23:56Z",
        "uri": "http://web.archive.org/web/20120803052356/http://www.dirtysouthradioonline.com:80/"
      },
      {
        "datetime": "2012-08-24T18:20:46Z",
        "uri": "http://web.archive.org/web/20120824182046/http://dirtysouthradioonline.com/"
      },
      {
        "datetime": "2012-08-28T06:28:14Z",
        "uri": "http://web.archive.org/web/20120828062814/http://www.dirtysouthradioonline.com:80/"
      },
      {
        "datetime": "2012-10-25T09:38:32Z",
        "uri": "http://web.archive.org/web/20121025093832/http://www.dirtysouthradioonline.com:80/"
      },
      {
        "datetime": "2012-11-25T04:37:37Z",
        "uri": "http://web.archive.org/web/20121125043737/http://www.dirtysouthradioonline.com:80/"
      },
      {
        "datetime": "2012-12-26T12:59:03Z",
        "uri": "http://web.archive.org/web/20121226125903/http://www.dirtysouthradioonline.com:80/"
      },
      {
        "datetime": "2013-01-22T12:05:34Z",
        "uri": "http://web.archive.org/web/20130122120534/http://www.dirtysouthradioonline.com/"
      },
      {
        "datetime": "2013-01-29T07:34:17Z",
        "uri": "http://web.archive.org/web/20130129073417/http://www.dirtysouthradioonline.com:80/"
      },
      {
        "datetime": "2013-04-23T03:12:50Z",
        "uri": "http://web.archive.org/web/20130423031250/http://www.dirtysouthradioonline.com/"
      },
      {
        "datetime": "2013-04-26T08:57:05Z",
        "uri": "http://web.archive.org/web/20130426085705/http://www.dirtysouthradioonline.com/"
      },
      {
        "datetime": "2013-05-18T15:16:05Z",
        "uri": "http://web.archive.org/web/20130518151605/http://www.dirtysouthradioonline.com:80/"
      },
      {
        "datetime": "2013-06-01T08:31:01Z",
        "uri": "http://web.archive.org/web/20130601083101/http://dirtysouthradioonline.com/"
      },
      {
        "datetime": "2013-07-19T01:50:14Z",
        "uri": "http://web.archive.org/web/20130719015014/http://dirtysouthradioonline.com:80/"
      },
      {
        "datetime": "2013-07-28T09:37:39Z",
        "uri": "http://web.archive.org/web/20130728093739/http://www.dirtysouthradioonline.com/"
      },
      {
        "datetime": "2013-09-17T18:01:41Z",
        "uri": "http://web.archive.org/web/20130917180141/http://www.dirtysouthradioonline.com:80/"
      },
      {
        "datetime": "2013-10-22T04:29:58Z",
        "uri": "http://web.archive.org/web/20131022042958/http://www.dirtysouthradioonline.com/"
      },
      {
        "datetime": "2013-11-26T13:04:37Z",
        "uri": "http://webarchive.loc.gov/all/20131126130437/http://www.dirtysouthradioonline.com/"
      },
      {
        "datetime": "2013-12-05T11:27:52Z",
        "uri": "http://web.archive.org/web/20131205112752/http://www.dirtysouthradioonline.com/"
      },
      {
        "datetime": "2013-12-15T16:04:52Z",
        "uri": "http://webarchive.loc.gov/all/20131215160452/http://www.dirtysouthradioonline.com/"
      },
      {
        "datetime": "2014-01-01T05:02:01Z",
        "uri": "http://web.archive.org/web/20140101050201/http://dirtysouthradioonline.com/"
      },
      {
        "datetime": "2014-01-27T15:57:32Z",
        "uri": "http://webarchive.loc.gov/all/20140127155732/http://www.dirtysouthradioonline.com/"
      },
      {
        "datetime": "2014-02-08T17:46:28Z",
        "uri": "http://web.archive.org/web/20140208174628/http://www.dirtysouthradioonline.com/"
      },
      {
        "datetime": "2014-02-15T23:02:17Z",
        "uri": "http://web.archive.org/web/20140215230217/http://dirtysouthradioonline.com/"
      },
      {
        "datetime": "2014-02-21T18:15:28Z",
        "uri": "http://web.archive.org/web/20140221181528/http://www.dirtysouthradioonline.com/"
      },
      {
        "datetime": "2014-02-28T06:56:56Z",
        "uri": "http://web.archive.org/web/20140228065656/http://www.dirtysouthradioonline.com:80/"
      },
      {
        "datetime": "2014-04-11T04:02:23Z",
        "uri": "http://web.archive.org/web/20140411040223/http://www.dirtysouthradioonline.com/"
      },
      {
        "datetime": "2014-05-17T07:22:09Z",
        "uri": "http://web.archive.org/web/20140517072209/http://dirtysouthradioonline.com/"
      },
      {
        "datetime": "2014-07-26T03:04:58Z",
        "uri": "http://web.archive.org/web/20140726030458/http://www.dirtysouthradioonline.com/"
      },
      {
        "datetime": "2014-12-17T01:28:34Z",
        "uri": "http://web.archive.org/web/20141217012834/http://dirtysouthradioonline.com/"
      },
      {
        "datetime": "2014-12-18T23:51:07Z",
        "uri": "http://web.archive.org/web/20141218235107/http://www.dirtysouthradioonline.com/"
      },
      {
        "datetime": "2015-02-28T01:19:52Z",
        "uri": "http://web.archive.org/web/20150228011952/http://www.dirtysouthradioonline.com/"
      },
      {
        "datetime": "2015-03-03T20:26:49Z",
        "uri": "http://web.archive.org/web/20150303202649/http://www.dirtysouthradioonline.com:80/"
      },
      {
        "datetime": "2015-03-21T15:29:07Z",
        "uri": "http://web.archive.org/web/20150321152907/http://www.dirtysouthradioonline.com/"
      },
      {
        "datetime": "2015-04-07T19:28:31Z",
        "uri": "http://web.archive.org/web/20150407192831/http://www.dirtysouthradioonline.com:80/"
      },
      {
        "datetime": "2015-05-08T16:31:58Z",
        "uri": "http://web.archive.org/web/20150508163158/http://www.dirtysouthradioonline.com:80/"
      },
      {
        "datetime": "2015-08-01T10:00:19Z",
        "uri": "http://web.archive.org/web/20150801100019/http://dirtysouthradioonline.com/"
      },
      {
        "datetime": "2015-08-23T03:14:21Z",
        "uri": "http://web.archive.org/web/20150823031421/http://www.dirtysouthradioonline.com:80/"
      },
      {
        "datetime": "2015-10-06T05:12:26Z",
        "uri": "http://web.archive.org/web/20151006051226/http://dirtysouthradioonline.com:80/"
      },
      {
        "datetime": "2015-11-08T09:57:45Z",
        "uri": "http://web.archive.org/web/20151108095745/http://dirtysouthradioonline.com:80/"
      },
      {
        "datetime": "2015-12-09T19:27:06Z",
        "uri": "http://web.archive.org/web/20151209192706/http://www.dirtysouthradioonline.com:80/"
      },
      {
        "datetime": "2015-12-26T19:02:29Z",
        "uri": "http://webarchive.loc.gov/all/20151226190229/http://www.dirtysouthradioonline.com/"
      },
      {
        "datetime": "2015-12-29T21:54:41Z",
        "uri": "http://web.archive.org/web/20151229215441/http://www.dirtysouthradioonline.com/"
      },
      {
        "datetime": "2016-01-11T15:25:27Z",
        "uri": "http://web.archive.org/web/20160111152527/http://dirtysouthradioonline.com/"
      },
      {
        "datetime": "2016-01-17T10:54:11Z",
        "uri": "http://web.archive.org/web/20160117105411/http://dirtysouthradioonline.com/"
      },
      {
        "datetime": "2016-01-22T12:55:26Z",
        "uri": "http://web.archive.org/web/20160122125526/http://www.dirtysouthradioonline.com/"
      },
      {
        "datetime": "2016-02-06T21:13:24Z",
        "uri": "http://web.archive.org/web/20160206211324/http://www.dirtysouthradioonline.com/"
      },
      {
        "datetime": "2016-03-01T08:29:21Z",
        "uri": "http://web.archive.org/web/20160301082921/http://www.dirtysouthradioonline.com:80/"
      },
      {
        "datetime": "2016-03-09T07:16:23Z",
        "uri": "http://web.archive.org/web/20160309071623/http://dirtysouthradioonline.com/"
      },
      {
        "datetime": "2016-04-02T01:27:11Z",
        "uri": "http://web.archive.org/web/20160402012711/http://www.dirtysouthradioonline.com:80/"
      },
      {
        "datetime": "2016-04-02T11:18:16Z",
        "uri": "http://web.archive.org/web/20160402111816/http://www.dirtysouthradioonline.com/"
      },
      {
        "datetime": "2016-05-03T08:02:20Z",
        "uri": "http://web.archive.org/web/20160503080220/http://www.dirtysouthradioonline.com:80/"
      },
      {
        "datetime": "2016-06-04T01:51:55Z",
        "uri": "http://web.archive.org/web/20160604015155/http://www.dirtysouthradioonline.com:80/"
      },
      {
        "datetime": "2016-07-08T09:56:55Z",
        "uri": "http://web.archive.org/web/20160708095655/http://www.dirtysouthradioonline.com:80/"
      },
      {
        "datetime": "2016-08-08T21:19:55Z",
        "uri": "http://web.archive.org/web/20160808211955/http://www.dirtysouthradioonline.com:80/"
      },
      {
        "datetime": "2016-09-11T14:56:55Z",
        "uri": "http://web.archive.org/web/20160911145655/http://www.dirtysouthradioonline.com:80/"
      },
      {
        "datetime": "2016-10-03T21:32:03Z",
        "uri": "http://web.archive.org/web/20161003213203/http://dirtysouthradioonline.com/"
      },
      {
        "datetime": "2016-10-13T04:30:42Z",
        "uri": "http://web.archive.org/web/20161013043042/http://www.dirtysouthradioonline.com:80/"
      },
      {
        "datetime": "2016-10-16T17:08:42Z",
        "uri": "http://web.archive.org/web/20161016170842/http://www.dirtysouthradioonline.com/"
      },
      {
        "datetime": "2016-11-14T04:51:52Z",
        "uri": "http://web.archive.org/web/20161114045152/http://www.dirtysouthradioonline.com:80/"
      },
      {
        "datetime": "2016-12-13T03:49:53Z",
        "uri": "http://web.archive.org/web/20161213034953/http://www.dirtysouthradioonline.com:80/"
      },
      {
        "datetime": "2017-03-22T09:42:39Z",
        "uri": "http://web.archive.org/web/20170322094239/http://www.dirtysouthradioonline.com/"
      },
      {
        "datetime": "2017-04-19T04:50:22Z",
        "uri": "http://web.archive.org/web/20170419045022/http://dirtysouthradioonline.com:80/"
      },
      {
        "datetime": "2017-05-15T05:39:32Z",
        "uri": "http://web.archive.org/web/20170515053932/http://www.dirtysouthradioonline.com:80/"
      },
      {
        "datetime": "2017-05-21T22:54:15Z",
        "uri": "http://web.archive.org/web/20170521225415/http://dirtysouthradioonline.com:80/"
      },
      {
        "datetime": "2017-05-30T18:29:16Z",
        "uri": "http://web.archive.org/web/20170530182916/http://www.dirtysouthradioonline.com:80/"
      },
      {
        "datetime": "2017-06-10T05:28:18Z",
        "uri": "http://web.archive.org/web/20170610052818/http://dirtysouthradioonline.com/"
      },
      {
        "datetime": "2017-06-24T15:20:18Z",
        "uri": "http://web.archive.org/web/20170624152018/http://dirtysouthradioonline.com:80/"
      },
      {
        "datetime": "2017-07-01T22:45:51Z",
        "uri": "http://web.archive.org/web/20170701224551/http://www.dirtysouthradioonline.com:80/"
      },
      {
        "datetime": "2017-07-28T12:52:34Z",
        "uri": "http://web.archive.org/web/20170728125234/http://dirtysouthradioonline.com:80/"
      },
      {
        "datetime": "2017-08-02T09:48:30Z",
        "uri": "http://web.archive.org/web/20170802094830/http://www.dirtysouthradioonline.com:80/"
      },
      {
        "datetime": "2017-08-29T21:03:02Z",
        "uri": "http://web.archive.org/web/20170829210302/http://www.dirtysouthradioonline.com/"
      },
      {
        "datetime": "2017-09-21T16:13:54Z",
        "uri": "http://web.archive.org/web/20170921161354/http://dirtysouthradioonline.com/"
      },
      {
        "datetime": "2017-10-15T03:47:16Z",
        "uri": "http://web.archive.org/web/20171015034716/http://www.dirtysouthradioonline.com/"
      },
      {
        "datetime": "2017-11-09T01:01:28Z",
        "uri": "http://web.archive.org/web/20171109010128/http://dirtysouthradioonline.com/"
      },
      {
        "datetime": "2017-11-09T02:23:35Z",
        "uri": "http://web.archive.org/web/20171109022335/http://www.dirtysouthradioonline.com/"
      },
      {
        "datetime": "2017-11-27T04:50:12Z",
        "uri": "http://web.archive.org/web/20171127045012/http://www.dirtysouthradioonline.com"
      },
      {
        "datetime": "2018-01-21T06:20:08Z",
        "uri": "http://web.archive.org/web/20180121062008/http://dirtysouthradioonline.com/"
      },
      {
        "datetime": "2018-01-23T06:55:31Z",
        "uri": "http://web.archive.org/web/20180123065531/http://www.dirtysouthradioonline.com/"
      }
    ],
    "first": {
      "datetime": "2006-02-28T00:32:36Z",
      "uri": "http://web.archive.org/web/20060228003236/http://www.dirtysouthradioonline.com:80/"
    },
    "last": {
      "datetime": "2018-01-23T06:55:31Z",
      "uri": "http://web.archive.org/web/20180123065531/http://www.dirtysouthradioonline.com/"
    }
  },
  "timemap_uri": {
    "link_format": "https://memgator.cs.odu.edu/timemap/link/http://www.dirtysouthradioonline.com",
    "json_format": "https://memgator.cs.odu.edu/timemap/json/http://www.dirtysouthradioonline.com",
    "cdxj_format": "https://memgator.cs.odu.edu/timemap/cdxj/http://www.dirtysouthradioonline.com"
  },
  "timegate_uri": "https://memgator.cs.odu.edu/timegate/http://www.dirtysouthradioonline.com"
}