{
  "original_uri": "https://www.snopes.com/newsweek-proves-that-wikileaks-is-leaking-phony-hillary-clinton-emails/",
  "self": "https://memgator.cs.odu.edu/timemap/json/https://www.snopes.com/newsweek-proves-that-wikileaks-is-leaking-phony-hillary-clinton-emails/",
  "mementos": {
    "list": [
      {
        "datetime": "2016-10-13T16:07:40Z",
        "uri": "http://archive.is/20161013160740/http://www.snopes.com/newsweek-proves-that-wikileaks-is-leaking-phony-hillary-clinton-emails/"
      },
      {
        "datetime": "2016-10-18T18:25:53Z",
        "uri": "http://archive.is/20161018182553/http://www.snopes.com/newsweek-proves-that-wikileaks-is-leaking-phony-hillary-clinton-emails/"
      },
      {
        "datetime": "2016-11-06T00:31:42Z",
        "uri": "http://archive.is/20161106003142/http://www.snopes.com/newsweek-proves-that-wikileaks-is-leaking-phony-hillary-clinton-emails/"
      }
    ],
    "first": {
      "datetime": "2016-10-13T16:07:40Z",
      "uri": "http://archive.is/20161013160740/http://www.snopes.com/newsweek-proves-that-wikileaks-is-leaking-phony-hillary-clinton-emails/"
    },
    "last": {
      "datetime": "2016-11-06T00:31:42Z",
      "uri": "http://archive.is/20161106003142/http://www.snopes.com/newsweek-proves-that-wikileaks-is-leaking-phony-hillary-clinton-emails/"
    }
  },
  "timemap_uri": {
    "link_format": "https://memgator.cs.odu.edu/timemap/link/https://www.snopes.com/newsweek-proves-that-wikileaks-is-leaking-phony-hillary-clinton-emails/",
    "json_format": "https://memgator.cs.odu.edu/timemap/json/https://www.snopes.com/newsweek-proves-that-wikileaks-is-leaking-phony-hillary-clinton-emails/",
    "cdxj_format": "https://memgator.cs.odu.edu/timemap/cdxj/https://www.snopes.com/newsweek-proves-that-wikileaks-is-leaking-phony-hillary-clinton-emails/"
  },
  "timegate_uri": "https://memgator.cs.odu.edu/timegate/https://www.snopes.com/newsweek-proves-that-wikileaks-is-leaking-phony-hillary-clinton-emails/"
}