{
  "original_uri": "http://www.dsrm.us",
  "self": "https://memgator.cs.odu.edu/timemap/json/http://www.dsrm.us",
  "mementos": {
    "list": [
      {
        "datetime": "2013-08-25T04:40:20Z",
        "uri": "http://web.archive.org/web/20130825044020/http://www.dsrm.us:80/"
      },
      {
        "datetime": "2013-10-25T15:55:13Z",
        "uri": "http://web.archive.org/web/20131025155513/http://www.dsrm.us:80/"
      },
      {
        "datetime": "2013-11-18T21:06:48Z",
        "uri": "http://web.archive.org/web/20131118210648/http://www.dsrm.us/"
      },
      {
        "datetime": "2013-11-24T10:43:24Z",
        "uri": "http://web.archive.org/web/20131124104324/http://www.dsrm.us/"
      },
      {
        "datetime": "2013-12-05T11:27:38Z",
        "uri": "http://web.archive.org/web/20131205112738/http://www.dsrm.us/"
      },
      {
        "datetime": "2013-12-23T02:57:18Z",
        "uri": "http://web.archive.org/web/20131223025718/http://dsrm.us/"
      },
      {
        "datetime": "2014-01-22T18:45:49Z",
        "uri": "http://web.archive.org/web/20140122184549/http://www.dsrm.us:80/"
      },
      {
        "datetime": "2014-03-25T22:22:10Z",
        "uri": "http://web.archive.org/web/20140325222210/http://www.dsrm.us:80/"
      },
      {
        "datetime": "2014-05-13T01:47:11Z",
        "uri": "http://web.archive.org/web/20140513014711/http://www.dsrm.us/"
      },
      {
        "datetime": "2014-05-17T07:17:24Z",
        "uri": "http://web.archive.org/web/20140517071724/http://dsrm.us/"
      },
      {
        "datetime": "2014-06-05T16:33:19Z",
        "uri": "http://web.archive.org/web/20140605163319/http://www.dsrm.us:80/"
      },
      {
        "datetime": "2014-08-19T19:34:30Z",
        "uri": "http://web.archive.org/web/20140819193430/http://www.dsrm.us:80/"
      },
      {
        "datetime": "2014-10-27T04:58:23Z",
        "uri": "http://web.archive.org/web/20141027045823/http://www.dsrm.us/"
      },
      {
        "datetime": "2014-12-17T10:09:02Z",
        "uri": "http://web.archive.org/web/20141217100902/http://dsrm.us/"
      },
      {
        "datetime": "2015-03-12T19:04:39Z",
        "uri": "http://web.archive.org/web/20150312190439/http://www.dsrm.us:80/"
      },
      {
        "datetime": "2015-08-01T11:14:56Z",
        "uri": "http://web.archive.org/web/20150801111456/http://dsrm.us/"
      },
      {
        "datetime": "2015-09-23T12:29:10Z",
        "uri": "http://web.archive.org/web/20150923122910/http://www.dsrm.us:80/"
      },
      {
        "datetime": "2016-01-22T07:33:12Z",
        "uri": "http://web.archive.org/web/20160122073312/http://dsrm.us/"
      },
      {
        "datetime": "2016-03-06T06:00:52Z",
        "uri": "http://web.archive.org/web/20160306060052/http://dsrm.us/"
      },
      {
        "datetime": "2016-05-10T12:27:10Z",
        "uri": "http://web.archive.org/web/20160510122710/http://www.dsrm.us:80/"
      },
      {
        "datetime": "2016-06-19T10:43:02Z",
        "uri": "http://web.archive.org/web/20160619104302/http://www.dsrm.us/"
      },
      {
        "datetime": "2016-10-05T04:05:44Z",
        "uri": "http://web.archive.org/web/20161005040544/http://dsrm.us/"
      },
      {
        "datetime": "2017-02-14T20:56:40Z",
        "uri": "http://web.archive.org/web/20170214205640/http://www.dsrm.us/"
      },
      {
        "datetime": "2017-05-20T06:37:01Z",
        "uri": "http://web.archive.org/web/20170520063701/http://dsrm.us/"
      },
      {
        "datetime": "2017-06-21T06:01:34Z",
        "uri": "http://web.archive.org/web/20170621060134/http://www.dsrm.us:80/"
      },
      {
        "datetime": "2017-08-29T22:05:05Z",
        "uri": "http://web.archive.org/web/20170829220505/http://www.dsrm.us/"
      },
      {
        "datetime": "2017-11-06T12:30:09Z",
        "uri": "http://web.archive.org/web/20171106123009/http://www.dsrm.us"
      },
      {
        "datetime": "2017-11-09T00:41:28Z",
        "uri": "http://web.archive.org/web/20171109004128/http://www.dsrm.us/"
      },
      {
        "datetime": "2017-11-27T04:50:08Z",
        "uri": "http://web.archive.org/web/20171127045008/http://www.dsrm.us"
      }
    ],
    "first": {
      "datetime": "2013-08-25T04:40:20Z",
      "uri": "http://web.archive.org/web/20130825044020/http://www.dsrm.us:80/"
    },
    "last": {
      "datetime": "2017-11-27T04:50:08Z",
      "uri": "http://web.archive.org/web/20171127045008/http://www.dsrm.us"
    }
  },
  "timemap_uri": {
    "link_format": "https://memgator.cs.odu.edu/timemap/link/http://www.dsrm.us",
    "json_format": "https://memgator.cs.odu.edu/timemap/json/http://www.dsrm.us",
    "cdxj_format": "https://memgator.cs.odu.edu/timemap/cdxj/http://www.dsrm.us"
  },
  "timegate_uri": "https://memgator.cs.odu.edu/timegate/http://www.dsrm.us"
}