{
  "original_uri": "http://japanese.engadget.com/2018/01/31/super-mario-movie2/",
  "self": "https://memgator.cs.odu.edu/timemap/json/http://japanese.engadget.com/2018/01/31/super-mario-movie2/",
  "mementos": {
    "list": [
      {
        "datetime": "2018-02-01T05:04:32Z",
        "uri": "http://web.archive.org/web/20180201050432/http://japanese.engadget.com/2018/01/31/super-mario-movie2/"
      }
    ],
    "first": {
      "datetime": "2018-02-01T05:04:32Z",
      "uri": "http://web.archive.org/web/20180201050432/http://japanese.engadget.com/2018/01/31/super-mario-movie2/"
    },
    "last": {
      "datetime": "2018-02-01T05:04:32Z",
      "uri": "http://web.archive.org/web/20180201050432/http://japanese.engadget.com/2018/01/31/super-mario-movie2/"
    }
  },
  "timemap_uri": {
    "link_format": "https://memgator.cs.odu.edu/timemap/link/http://japanese.engadget.com/2018/01/31/super-mario-movie2/",
    "json_format": "https://memgator.cs.odu.edu/timemap/json/http://japanese.engadget.com/2018/01/31/super-mario-movie2/",
    "cdxj_format": "https://memgator.cs.odu.edu/timemap/cdxj/http://japanese.engadget.com/2018/01/31/super-mario-movie2/"
  },
  "timegate_uri": "https://memgator.cs.odu.edu/timegate/http://japanese.engadget.com/2018/01/31/super-mario-movie2/"
}