{
  "original_uri": "https://www.youtube.com/watch?v=PVJZ8_1ZRVs",
  "self": "https://memgator.cs.odu.edu/timemap/json/https://www.youtube.com/watch?v=PVJZ8_1ZRVs",
  "mementos": {
    "list": [
      {
        "datetime": "2018-01-31T21:13:25Z",
        "uri": "http://web.archive.org/web/20180131211325/https://www.youtube.com/watch?v=PVJZ8_1ZRVs&gl=US&hl=en"
      },
      {
        "datetime": "2018-02-02T04:05:59Z",
        "uri": "http://wayback.archive-it.org/all/20180202040559/http://www.youtube.com/watch?v=PVJZ8_1ZRVs"
      },
      {
        "datetime": "2018-02-02T04:05:59Z",
        "uri": "http://web.archive.org/web/20180202040559/http://www.youtube.com/watch?v=PVJZ8_1ZRVs"
      },
      {
        "datetime": "2018-02-02T04:08:27Z",
        "uri": "http://wayback.archive-it.org/all/20180202040827/https://www.youtube.com/watch?v=PVJZ8_1ZRVs"
      },
      {
        "datetime": "2018-02-02T04:08:27Z",
        "uri": "http://web.archive.org/web/20180202040827/https://www.youtube.com/watch?v=PVJZ8_1ZRVs"
      }
    ],
    "first": {
      "datetime": "2018-01-31T21:13:25Z",
      "uri": "http://web.archive.org/web/20180131211325/https://www.youtube.com/watch?v=PVJZ8_1ZRVs&gl=US&hl=en"
    },
    "last": {
      "datetime": "2018-02-02T04:08:27Z",
      "uri": "http://web.archive.org/web/20180202040827/https://www.youtube.com/watch?v=PVJZ8_1ZRVs"
    }
  },
  "timemap_uri": {
    "link_format": "https://memgator.cs.odu.edu/timemap/link/https://www.youtube.com/watch?v=PVJZ8_1ZRVs",
    "json_format": "https://memgator.cs.odu.edu/timemap/json/https://www.youtube.com/watch?v=PVJZ8_1ZRVs",
    "cdxj_format": "https://memgator.cs.odu.edu/timemap/cdxj/https://www.youtube.com/watch?v=PVJZ8_1ZRVs"
  },
  "timegate_uri": "https://memgator.cs.odu.edu/timegate/https://www.youtube.com/watch?v=PVJZ8_1ZRVs"
}