{
  "original_uri": "http://http://www.youtube.com/watch?v=cijXcKxluZ8",
  "self": "https://memgator.cs.odu.edu/timemap/json/http://http://www.youtube.com/watch?v=cijXcKxluZ8",
  "mementos": {
    "list": [
      {
        "datetime": "2018-02-02T09:57:21Z",
        "uri": "http://web.archive.org/web/20180202095721/https://www.youtube.com/watch?v=cijXcKxluZ8&gl=US&hl=en"
      },
      {
        "datetime": "2018-02-02T21:29:21Z",
        "uri": "http://web.archive.org/web/20180202212921/https://www.youtube.com/watch?v=cijXcKxluZ8&sns=tw"
      },
      {
        "datetime": "2018-02-03T23:11:19Z",
        "uri": "http://web.archive.org/web/20180203231119/https://www.youtube.com/watch?v=cijXcKxluZ8"
      },
      {
        "datetime": "2018-02-03T23:12:01Z",
        "uri": "http://web.archive.org/web/20180203231201/https://www.youtube.com/watch?v=cijXcKxluZ8&feature=youtu.be"
      },
      {
        "datetime": "2018-02-03T23:12:11Z",
        "uri": "http://web.archive.org/web/20180203231211/https://www.youtube.com/watch?v=cijXcKxluZ8&app=desktop"
      }
    ],
    "first": {
      "datetime": "2018-02-02T09:57:21Z",
      "uri": "http://web.archive.org/web/20180202095721/https://www.youtube.com/watch?v=cijXcKxluZ8&gl=US&hl=en"
    },
    "last": {
      "datetime": "2018-02-03T23:12:11Z",
      "uri": "http://web.archive.org/web/20180203231211/https://www.youtube.com/watch?v=cijXcKxluZ8&app=desktop"
    }
  },
  "timemap_uri": {
    "link_format": "https://memgator.cs.odu.edu/timemap/link/http://http://www.youtube.com/watch?v=cijXcKxluZ8",
    "json_format": "https://memgator.cs.odu.edu/timemap/json/http://http://www.youtube.com/watch?v=cijXcKxluZ8",
    "cdxj_format": "https://memgator.cs.odu.edu/timemap/cdxj/http://http://www.youtube.com/watch?v=cijXcKxluZ8"
  },
  "timegate_uri": "https://memgator.cs.odu.edu/timegate/http://http://www.youtube.com/watch?v=cijXcKxluZ8"
}