{
  "original_uri": "https://www.scribd.com/mobile/doc/316341058/Donald-Trump-Jeffrey-Epstein-Rape-Lawsuit-and-Affidavits",
  "self": "https://memgator.cs.odu.edu/timemap/json/https://www.scribd.com/mobile/doc/316341058/Donald-Trump-Jeffrey-Epstein-Rape-Lawsuit-and-Affidavits",
  "mementos": {
    "list": [
      {
        "datetime": "2016-06-21T21:32:53Z",
        "uri": "http://webarchive.loc.gov/all/20160621213253/https://www.scribd.com/mobile/doc/316341058/Donald-Trump-Jeffrey-Epstein-Rape-Lawsuit-and-Affidavits"
      },
      {
        "datetime": "2016-06-29T17:33:36Z",
        "uri": "http://webarchive.loc.gov/all/20160629173336/https://www.scribd.com/mobile/doc/316341058/Donald-Trump-Jeffrey-Epstein-Rape-Lawsuit-and-Affidavits"
      },
      {
        "datetime": "2016-07-01T12:33:21Z",
        "uri": "http://webarchive.loc.gov/all/20160701123321/https://www.scribd.com/mobile/doc/316341058/Donald-Trump-Jeffrey-Epstein-Rape-Lawsuit-and-Affidavits"
      },
      {
        "datetime": "2016-07-06T03:16:38Z",
        "uri": "http://webarchive.loc.gov/all/20160706031638/https://www.scribd.com/mobile/doc/316341058/Donald-Trump-Jeffrey-Epstein-Rape-Lawsuit-and-Affidavits"
      },
      {
        "datetime": "2016-07-17T20:15:11Z",
        "uri": "http://webarchive.loc.gov/all/20160717201511/https://www.scribd.com/mobile/doc/316341058/Donald-Trump-Jeffrey-Epstein-Rape-Lawsuit-and-Affidavits"
      },
      {
        "datetime": "2016-07-21T12:06:42Z",
        "uri": "http://wayback.archive-it.org/all/20160721120642/https://www.scribd.com/mobile/doc/316341058/Donald-Trump-Jeffrey-Epstein-Rape-Lawsuit-and-Affidavits"
      },
      {
        "datetime": "2016-07-21T12:06:42Z",
        "uri": "http://web.archive.org/web/20160721120642/https://www.scribd.com/mobile/doc/316341058/Donald-Trump-Jeffrey-Epstein-Rape-Lawsuit-and-Affidavits"
      },
      {
        "datetime": "2016-07-22T11:58:33Z",
        "uri": "http://webarchive.loc.gov/all/20160722115833/https://www.scribd.com/mobile/doc/316341058/Donald-Trump-Jeffrey-Epstein-Rape-Lawsuit-and-Affidavits"
      },
      {
        "datetime": "2016-07-22T20:07:00Z",
        "uri": "http://webarchive.loc.gov/all/20160722200700/https://www.scribd.com/mobile/doc/316341058/Donald-Trump-Jeffrey-Epstein-Rape-Lawsuit-and-Affidavits"
      },
      {
        "datetime": "2016-07-27T10:48:23Z",
        "uri": "http://webarchive.loc.gov/all/20160727104823/https://www.scribd.com/mobile/doc/316341058/Donald-Trump-Jeffrey-Epstein-Rape-Lawsuit-and-Affidavits"
      },
      {
        "datetime": "2016-08-03T19:34:05Z",
        "uri": "http://webarchive.loc.gov/all/20160803193405/https://www.scribd.com/mobile/doc/316341058/Donald-Trump-Jeffrey-Epstein-Rape-Lawsuit-and-Affidavits"
      },
      {
        "datetime": "2016-08-10T21:04:10Z",
        "uri": "http://webarchive.loc.gov/all/20160810210410/https://www.scribd.com/mobile/doc/316341058/Donald-Trump-Jeffrey-Epstein-Rape-Lawsuit-and-Affidavits"
      },
      {
        "datetime": "2016-08-13T14:29:16Z",
        "uri": "http://web.archive.org/web/20160813142916/https://www.scribd.com/mobile/doc/316341058/Donald-Trump-Jeffrey-Epstein-Rape-Lawsuit-and-Affidavits"
      },
      {
        "datetime": "2016-08-13T14:33:33Z",
        "uri": "http://web.archive.org/web/20160813143333/https://www.scribd.com/mobile/doc/316341058/Donald-Trump-Jeffrey-Epstein-Rape-Lawsuit-and-Affidavits"
      },
      {
        "datetime": "2016-08-13T14:42:55Z",
        "uri": "http://web.archive.org/web/20160813144255/https://www.scribd.com/mobile/doc/316341058/Donald-Trump-Jeffrey-Epstein-Rape-Lawsuit-and-Affidavits"
      },
      {
        "datetime": "2016-08-13T14:47:27Z",
        "uri": "http://web.archive.org/web/20160813144727/https://www.scribd.com/mobile/doc/316341058/Donald-Trump-Jeffrey-Epstein-Rape-Lawsuit-and-Affidavits"
      },
      {
        "datetime": "2016-08-17T21:36:17Z",
        "uri": "http://webarchive.loc.gov/all/20160817213617/https://www.scribd.com/mobile/doc/316341058/Donald-Trump-Jeffrey-Epstein-Rape-Lawsuit-and-Affidavits"
      },
      {
        "datetime": "2016-08-22T11:09:51Z",
        "uri": "http://webarchive.loc.gov/all/20160822110951/https://www.scribd.com/mobile/doc/316341058/Donald-Trump-Jeffrey-Epstein-Rape-Lawsuit-and-Affidavits"
      },
      {
        "datetime": "2016-08-24T07:29:57Z",
        "uri": "http://webarchive.loc.gov/all/20160824072957/https://www.scribd.com/mobile/doc/316341058/Donald-Trump-Jeffrey-Epstein-Rape-Lawsuit-and-Affidavits"
      },
      {
        "datetime": "2016-08-27T15:55:16Z",
        "uri": "http://webarchive.loc.gov/all/20160827155516/https://www.scribd.com/mobile/doc/316341058/Donald-Trump-Jeffrey-Epstein-Rape-Lawsuit-and-Affidavits"
      },
      {
        "datetime": "2016-08-31T14:30:41Z",
        "uri": "http://webarchive.loc.gov/all/20160831143041/https://www.scribd.com/mobile/doc/316341058/Donald-Trump-Jeffrey-Epstein-Rape-Lawsuit-and-Affidavits"
      },
      {
        "datetime": "2016-09-01T01:41:15Z",
        "uri": "http://webarchive.loc.gov/all/20160901014115/https://www.scribd.com/mobile/doc/316341058/Donald-Trump-Jeffrey-Epstein-Rape-Lawsuit-and-Affidavits"
      },
      {
        "datetime": "2016-09-14T23:39:35Z",
        "uri": "http://wayback.archive-it.org/all/20160914233935/https://www.scribd.com/mobile/doc/316341058/Donald-Trump-Jeffrey-Epstein-Rape-Lawsuit-and-Affidavits"
      },
      {
        "datetime": "2016-09-14T23:39:35Z",
        "uri": "http://web.archive.org/web/20160914233935/https://www.scribd.com/mobile/doc/316341058/Donald-Trump-Jeffrey-Epstein-Rape-Lawsuit-and-Affidavits"
      },
      {
        "datetime": "2016-09-16T19:28:30Z",
        "uri": "http://web.archive.org/web/20160916192830/https://www.scribd.com/mobile/doc/316341058/Donald-Trump-Jeffrey-Epstein-Rape-Lawsuit-and-Affidavits"
      },
      {
        "datetime": "2016-09-27T19:50:12Z",
        "uri": "http://web.archive.org/web/20160927195012/https://www.scribd.com/mobile/doc/316341058/Donald-Trump-Jeffrey-Epstein-Rape-Lawsuit-and-Affidavits"
      },
      {
        "datetime": "2016-10-10T22:33:08Z",
        "uri": "http://web.archive.org/web/20161010223308/https://www.scribd.com/mobile/doc/316341058/Donald-Trump-Jeffrey-Epstein-Rape-Lawsuit-and-Affidavits"
      },
      {
        "datetime": "2016-10-15T12:34:09Z",
        "uri": "http://web.archive.org/web/20161015123409/https://www.scribd.com/mobile/doc/316341058/Donald-Trump-Jeffrey-Epstein-Rape-Lawsuit-and-Affidavits"
      },
      {
        "datetime": "2016-10-16T15:44:04Z",
        "uri": "http://web.archive.org/web/20161016154404/https://www.scribd.com/mobile/doc/316341058/Donald-Trump-Jeffrey-Epstein-Rape-Lawsuit-and-Affidavits"
      },
      {
        "datetime": "2016-10-18T00:26:04Z",
        "uri": "http://web.archive.org/web/20161018002604/https://www.scribd.com/mobile/doc/316341058/Donald-Trump-Jeffrey-Epstein-Rape-Lawsuit-and-Affidavits"
      },
      {
        "datetime": "2016-10-25T20:19:58Z",
        "uri": "http://wayback.archive-it.org/all/20161025201958/https://www.scribd.com/mobile/doc/316341058/Donald-Trump-Jeffrey-Epstein-Rape-Lawsuit-and-Affidavits"
      },
      {
        "datetime": "2016-10-25T20:19:58Z",
        "uri": "http://web.archive.org/web/20161025201958/https://www.scribd.com/mobile/doc/316341058/Donald-Trump-Jeffrey-Epstein-Rape-Lawsuit-and-Affidavits"
      },
      {
        "datetime": "2016-11-07T14:43:14Z",
        "uri": "http://web.archive.org/web/20161107144314/https://www.scribd.com/mobile/doc/316341058/Donald-Trump-Jeffrey-Epstein-Rape-Lawsuit-and-Affidavits"
      },
      {
        "datetime": "2016-11-08T06:59:15Z",
        "uri": "http://web.archive.org/web/20161108065915/https://www.scribd.com/mobile/doc/316341058/Donald-Trump-Jeffrey-Epstein-Rape-Lawsuit-and-Affidavits"
      },
      {
        "datetime": "2016-11-08T22:59:31Z",
        "uri": "http://web.archive.org/web/20161108225931/https://www.scribd.com/mobile/doc/316341058/Donald-Trump-Jeffrey-Epstein-Rape-Lawsuit-and-Affidavits"
      },
      {
        "datetime": "2016-11-09T07:22:09Z",
        "uri": "http://web.archive.org/web/20161109072209/https://www.scribd.com/mobile/doc/316341058/Donald-Trump-Jeffrey-Epstein-Rape-Lawsuit-and-Affidavits"
      },
      {
        "datetime": "2016-11-12T17:51:19Z",
        "uri": "http://web.archive.org/web/20161112175119/https://www.scribd.com/mobile/doc/316341058/Donald-Trump-Jeffrey-Epstein-Rape-Lawsuit-and-Affidavits"
      },
      {
        "datetime": "2016-11-28T13:35:06Z",
        "uri": "http://web.archive.org/web/20161128133506/https://www.scribd.com/mobile/doc/316341058/Donald-Trump-Jeffrey-Epstein-Rape-Lawsuit-and-Affidavits"
      },
      {
        "datetime": "2016-11-30T13:02:30Z",
        "uri": "http://web.archive.org/web/20161130130230/https://www.scribd.com/mobile/doc/316341058/Donald-Trump-Jeffrey-Epstein-Rape-Lawsuit-and-Affidavits"
      },
      {
        "datetime": "2017-01-26T20:14:46Z",
        "uri": "http://wayback.archive-it.org/all/20170126201446/https://www.scribd.com/mobile/doc/316341058/Donald-Trump-Jeffrey-Epstein-Rape-Lawsuit-and-Affidavits"
      },
      {
        "datetime": "2017-01-26T20:14:46Z",
        "uri": "http://web.archive.org/web/20170126201446/https://www.scribd.com/mobile/doc/316341058/Donald-Trump-Jeffrey-Epstein-Rape-Lawsuit-and-Affidavits"
      },
      {
        "datetime": "2017-01-27T20:14:50Z",
        "uri": "http://wayback.archive-it.org/all/20170127201450/https://www.scribd.com/mobile/doc/316341058/Donald-Trump-Jeffrey-Epstein-Rape-Lawsuit-and-Affidavits"
      },
      {
        "datetime": "2017-01-27T20:14:50Z",
        "uri": "http://web.archive.org/web/20170127201450/https://www.scribd.com/mobile/doc/316341058/Donald-Trump-Jeffrey-Epstein-Rape-Lawsuit-and-Affidavits"
      },
      {
        "datetime": "2017-01-28T20:14:37Z",
        "uri": "http://wayback.archive-it.org/all/20170128201437/https://www.scribd.com/mobile/doc/316341058/Donald-Trump-Jeffrey-Epstein-Rape-Lawsuit-and-Affidavits"
      },
      {
        "datetime": "2017-01-28T20:14:37Z",
        "uri": "http://web.archive.org/web/20170128201437/https://www.scribd.com/mobile/doc/316341058/Donald-Trump-Jeffrey-Epstein-Rape-Lawsuit-and-Affidavits"
      },
      {
        "datetime": "2017-02-02T01:12:48Z",
        "uri": "http://web.archive.org/web/20170202011248/https://www.scribd.com/mobile/doc/316341058/Donald-Trump-Jeffrey-Epstein-Rape-Lawsuit-and-Affidavits"
      },
      {
        "datetime": "2017-02-02T11:51:12Z",
        "uri": "http://web.archive.org/web/20170202115112/https://www.scribd.com/mobile/doc/316341058/Donald-Trump-Jeffrey-Epstein-Rape-Lawsuit-and-Affidavits"
      },
      {
        "datetime": "2017-02-21T09:47:32Z",
        "uri": "http://web.archive.org/web/20170221094732/https://www.scribd.com/mobile/doc/316341058/Donald-Trump-Jeffrey-Epstein-Rape-Lawsuit-and-Affidavits"
      },
      {
        "datetime": "2017-04-26T06:02:17Z",
        "uri": "http://wayback.archive-it.org/all/20170426060217/https://www.scribd.com/mobile/doc/316341058/Donald-Trump-Jeffrey-Epstein-Rape-Lawsuit-and-Affidavits"
      },
      {
        "datetime": "2017-04-26T06:02:17Z",
        "uri": "http://web.archive.org/web/20170426060217/https://www.scribd.com/mobile/doc/316341058/Donald-Trump-Jeffrey-Epstein-Rape-Lawsuit-and-Affidavits"
      },
      {
        "datetime": "2017-05-04T00:41:59Z",
        "uri": "http://web.archive.org/web/20170504004159/https://www.scribd.com/mobile/doc/316341058/Donald-Trump-Jeffrey-Epstein-Rape-Lawsuit-and-Affidavits"
      },
      {
        "datetime": "2017-05-04T01:27:34Z",
        "uri": "http://wayback.archive-it.org/all/20170504012734/https://www.scribd.com/mobile/doc/316341058/Donald-Trump-Jeffrey-Epstein-Rape-Lawsuit-and-Affidavits"
      },
      {
        "datetime": "2017-05-04T01:27:34Z",
        "uri": "http://web.archive.org/web/20170504012734/https://www.scribd.com/mobile/doc/316341058/Donald-Trump-Jeffrey-Epstein-Rape-Lawsuit-and-Affidavits"
      },
      {
        "datetime": "2017-05-04T23:56:46Z",
        "uri": "http://web.archive.org/web/20170504235646/https://www.scribd.com/mobile/doc/316341058/Donald-Trump-Jeffrey-Epstein-Rape-Lawsuit-and-Affidavits"
      },
      {
        "datetime": "2017-05-05T23:36:47Z",
        "uri": "http://web.archive.org/web/20170505233647/https://www.scribd.com/mobile/doc/316341058/Donald-Trump-Jeffrey-Epstein-Rape-Lawsuit-and-Affidavits"
      },
      {
        "datetime": "2017-05-06T23:24:20Z",
        "uri": "http://web.archive.org/web/20170506232420/https://www.scribd.com/mobile/doc/316341058/Donald-Trump-Jeffrey-Epstein-Rape-Lawsuit-and-Affidavits"
      },
      {
        "datetime": "2017-05-08T00:56:52Z",
        "uri": "http://web.archive.org/web/20170508005652/https://www.scribd.com/mobile/doc/316341058/Donald-Trump-Jeffrey-Epstein-Rape-Lawsuit-and-Affidavits"
      },
      {
        "datetime": "2017-05-09T00:00:48Z",
        "uri": "http://web.archive.org/web/20170509000048/https://www.scribd.com/mobile/doc/316341058/Donald-Trump-Jeffrey-Epstein-Rape-Lawsuit-and-Affidavits"
      },
      {
        "datetime": "2017-05-10T00:09:42Z",
        "uri": "http://web.archive.org/web/20170510000942/https://www.scribd.com/mobile/doc/316341058/Donald-Trump-Jeffrey-Epstein-Rape-Lawsuit-and-Affidavits"
      },
      {
        "datetime": "2017-05-11T02:15:59Z",
        "uri": "http://web.archive.org/web/20170511021559/https://www.scribd.com/mobile/doc/316341058/Donald-Trump-Jeffrey-Epstein-Rape-Lawsuit-and-Affidavits"
      },
      {
        "datetime": "2017-05-12T02:36:40Z",
        "uri": "http://web.archive.org/web/20170512023640/https://www.scribd.com/mobile/doc/316341058/Donald-Trump-Jeffrey-Epstein-Rape-Lawsuit-and-Affidavits"
      },
      {
        "datetime": "2017-05-13T04:58:37Z",
        "uri": "http://web.archive.org/web/20170513045837/https://www.scribd.com/mobile/doc/316341058/Donald-Trump-Jeffrey-Epstein-Rape-Lawsuit-and-Affidavits"
      },
      {
        "datetime": "2017-05-14T00:22:45Z",
        "uri": "http://web.archive.org/web/20170514002245/https://www.scribd.com/mobile/doc/316341058/Donald-Trump-Jeffrey-Epstein-Rape-Lawsuit-and-Affidavits"
      },
      {
        "datetime": "2017-05-15T02:35:55Z",
        "uri": "http://web.archive.org/web/20170515023555/https://www.scribd.com/mobile/doc/316341058/Donald-Trump-Jeffrey-Epstein-Rape-Lawsuit-and-Affidavits"
      },
      {
        "datetime": "2017-05-16T00:45:30Z",
        "uri": "http://web.archive.org/web/20170516004530/https://www.scribd.com/mobile/doc/316341058/Donald-Trump-Jeffrey-Epstein-Rape-Lawsuit-and-Affidavits"
      },
      {
        "datetime": "2017-05-17T00:06:32Z",
        "uri": "http://web.archive.org/web/20170517000632/https://www.scribd.com/mobile/doc/316341058/Donald-Trump-Jeffrey-Epstein-Rape-Lawsuit-and-Affidavits"
      },
      {
        "datetime": "2017-05-18T00:29:02Z",
        "uri": "http://web.archive.org/web/20170518002902/https://www.scribd.com/mobile/doc/316341058/Donald-Trump-Jeffrey-Epstein-Rape-Lawsuit-and-Affidavits"
      },
      {
        "datetime": "2017-05-19T00:07:12Z",
        "uri": "http://web.archive.org/web/20170519000712/https://www.scribd.com/mobile/doc/316341058/Donald-Trump-Jeffrey-Epstein-Rape-Lawsuit-and-Affidavits"
      },
      {
        "datetime": "2017-05-20T00:14:32Z",
        "uri": "http://web.archive.org/web/20170520001432/https://www.scribd.com/mobile/doc/316341058/Donald-Trump-Jeffrey-Epstein-Rape-Lawsuit-and-Affidavits"
      },
      {
        "datetime": "2017-05-21T06:05:27Z",
        "uri": "http://web.archive.org/web/20170521060527/https://www.scribd.com/mobile/doc/316341058/Donald-Trump-Jeffrey-Epstein-Rape-Lawsuit-and-Affidavits"
      },
      {
        "datetime": "2017-05-22T04:24:26Z",
        "uri": "http://web.archive.org/web/20170522042426/https://www.scribd.com/mobile/doc/316341058/Donald-Trump-Jeffrey-Epstein-Rape-Lawsuit-and-Affidavits"
      },
      {
        "datetime": "2017-05-23T00:19:43Z",
        "uri": "http://web.archive.org/web/20170523001943/https://www.scribd.com/mobile/doc/316341058/Donald-Trump-Jeffrey-Epstein-Rape-Lawsuit-and-Affidavits"
      },
      {
        "datetime": "2017-05-24T00:21:59Z",
        "uri": "http://web.archive.org/web/20170524002159/https://www.scribd.com/mobile/doc/316341058/Donald-Trump-Jeffrey-Epstein-Rape-Lawsuit-and-Affidavits"
      },
      {
        "datetime": "2017-05-25T00:45:13Z",
        "uri": "http://web.archive.org/web/20170525004513/https://www.scribd.com/mobile/doc/316341058/Donald-Trump-Jeffrey-Epstein-Rape-Lawsuit-and-Affidavits"
      },
      {
        "datetime": "2017-05-26T02:10:26Z",
        "uri": "http://web.archive.org/web/20170526021026/https://www.scribd.com/mobile/doc/316341058/Donald-Trump-Jeffrey-Epstein-Rape-Lawsuit-and-Affidavits"
      },
      {
        "datetime": "2017-05-27T00:44:31Z",
        "uri": "http://web.archive.org/web/20170527004431/https://www.scribd.com/mobile/doc/316341058/Donald-Trump-Jeffrey-Epstein-Rape-Lawsuit-and-Affidavits"
      },
      {
        "datetime": "2017-05-28T02:07:58Z",
        "uri": "http://web.archive.org/web/20170528020758/https://www.scribd.com/mobile/doc/316341058/Donald-Trump-Jeffrey-Epstein-Rape-Lawsuit-and-Affidavits"
      },
      {
        "datetime": "2017-05-29T01:08:29Z",
        "uri": "http://web.archive.org/web/20170529010829/https://www.scribd.com/mobile/doc/316341058/Donald-Trump-Jeffrey-Epstein-Rape-Lawsuit-and-Affidavits"
      },
      {
        "datetime": "2017-05-30T01:50:50Z",
        "uri": "http://web.archive.org/web/20170530015050/https://www.scribd.com/mobile/doc/316341058/Donald-Trump-Jeffrey-Epstein-Rape-Lawsuit-and-Affidavits"
      },
      {
        "datetime": "2017-05-31T05:30:00Z",
        "uri": "http://web.archive.org/web/20170531053000/https://www.scribd.com/mobile/doc/316341058/Donald-Trump-Jeffrey-Epstein-Rape-Lawsuit-and-Affidavits"
      },
      {
        "datetime": "2017-06-01T01:03:13Z",
        "uri": "http://web.archive.org/web/20170601010313/https://www.scribd.com/mobile/doc/316341058/Donald-Trump-Jeffrey-Epstein-Rape-Lawsuit-and-Affidavits"
      },
      {
        "datetime": "2017-06-01T01:29:41Z",
        "uri": "http://web.archive.org/web/20170601012941/https://scribd.com/mobile/doc/316341058/Donald-Trump-Jeffrey-Epstein-Rape-Lawsuit-and-Affidavits"
      },
      {
        "datetime": "2017-06-02T01:14:51Z",
        "uri": "http://web.archive.org/web/20170602011451/https://www.scribd.com/mobile/doc/316341058/Donald-Trump-Jeffrey-Epstein-Rape-Lawsuit-and-Affidavits"
      },
      {
        "datetime": "2017-06-03T00:30:52Z",
        "uri": "http://web.archive.org/web/20170603003052/https://www.scribd.com/mobile/doc/316341058/Donald-Trump-Jeffrey-Epstein-Rape-Lawsuit-and-Affidavits"
      },
      {
        "datetime": "2017-06-04T00:38:20Z",
        "uri": "http://web.archive.org/web/20170604003820/https://www.scribd.com/mobile/doc/316341058/Donald-Trump-Jeffrey-Epstein-Rape-Lawsuit-and-Affidavits"
      },
      {
        "datetime": "2017-06-05T02:40:57Z",
        "uri": "http://web.archive.org/web/20170605024057/https://www.scribd.com/mobile/doc/316341058/Donald-Trump-Jeffrey-Epstein-Rape-Lawsuit-and-Affidavits"
      },
      {
        "datetime": "2017-06-06T02:38:37Z",
        "uri": "http://web.archive.org/web/20170606023837/https://www.scribd.com/mobile/doc/316341058/Donald-Trump-Jeffrey-Epstein-Rape-Lawsuit-and-Affidavits"
      },
      {
        "datetime": "2017-06-07T02:55:45Z",
        "uri": "http://web.archive.org/web/20170607025545/https://www.scribd.com/mobile/doc/316341058/Donald-Trump-Jeffrey-Epstein-Rape-Lawsuit-and-Affidavits"
      },
      {
        "datetime": "2017-06-08T03:33:35Z",
        "uri": "http://web.archive.org/web/20170608033335/https://www.scribd.com/mobile/doc/316341058/Donald-Trump-Jeffrey-Epstein-Rape-Lawsuit-and-Affidavits"
      },
      {
        "datetime": "2017-06-09T03:05:02Z",
        "uri": "http://web.archive.org/web/20170609030502/https://www.scribd.com/mobile/doc/316341058/Donald-Trump-Jeffrey-Epstein-Rape-Lawsuit-and-Affidavits"
      },
      {
        "datetime": "2017-06-10T02:35:20Z",
        "uri": "http://web.archive.org/web/20170610023520/https://www.scribd.com/mobile/doc/316341058/Donald-Trump-Jeffrey-Epstein-Rape-Lawsuit-and-Affidavits"
      },
      {
        "datetime": "2017-06-11T02:35:14Z",
        "uri": "http://web.archive.org/web/20170611023514/https://www.scribd.com/mobile/doc/316341058/Donald-Trump-Jeffrey-Epstein-Rape-Lawsuit-and-Affidavits"
      },
      {
        "datetime": "2017-06-11T21:43:43Z",
        "uri": "http://wayback.archive-it.org/all/20170611214343/https://www.scribd.com/mobile/doc/316341058/Donald-Trump-Jeffrey-Epstein-Rape-Lawsuit-and-Affidavits"
      },
      {
        "datetime": "2017-06-11T21:43:43Z",
        "uri": "http://web.archive.org/web/20170611214343/https://www.scribd.com/mobile/doc/316341058/Donald-Trump-Jeffrey-Epstein-Rape-Lawsuit-and-Affidavits"
      },
      {
        "datetime": "2017-06-12T02:33:17Z",
        "uri": "http://web.archive.org/web/20170612023317/https://www.scribd.com/mobile/doc/316341058/Donald-Trump-Jeffrey-Epstein-Rape-Lawsuit-and-Affidavits"
      },
      {
        "datetime": "2017-06-12T20:19:02Z",
        "uri": "http://wayback.archive-it.org/all/20170612201902/https://www.scribd.com/mobile/doc/316341058/Donald-Trump-Jeffrey-Epstein-Rape-Lawsuit-and-Affidavits"
      },
      {
        "datetime": "2017-06-12T20:19:02Z",
        "uri": "http://web.archive.org/web/20170612201902/https://www.scribd.com/mobile/doc/316341058/Donald-Trump-Jeffrey-Epstein-Rape-Lawsuit-and-Affidavits"
      },
      {
        "datetime": "2017-06-13T02:39:22Z",
        "uri": "http://web.archive.org/web/20170613023922/https://www.scribd.com/mobile/doc/316341058/Donald-Trump-Jeffrey-Epstein-Rape-Lawsuit-and-Affidavits"
      },
      {
        "datetime": "2017-06-14T03:25:03Z",
        "uri": "http://web.archive.org/web/20170614032503/https://www.scribd.com/mobile/doc/316341058/Donald-Trump-Jeffrey-Epstein-Rape-Lawsuit-and-Affidavits"
      },
      {
        "datetime": "2017-06-15T03:43:47Z",
        "uri": "http://web.archive.org/web/20170615034347/https://www.scribd.com/mobile/doc/316341058/Donald-Trump-Jeffrey-Epstein-Rape-Lawsuit-and-Affidavits"
      },
      {
        "datetime": "2017-06-16T03:00:42Z",
        "uri": "http://web.archive.org/web/20170616030042/https://www.scribd.com/mobile/doc/316341058/Donald-Trump-Jeffrey-Epstein-Rape-Lawsuit-and-Affidavits"
      },
      {
        "datetime": "2017-06-17T03:00:25Z",
        "uri": "http://web.archive.org/web/20170617030025/https://www.scribd.com/mobile/doc/316341058/Donald-Trump-Jeffrey-Epstein-Rape-Lawsuit-and-Affidavits"
      },
      {
        "datetime": "2017-06-18T02:49:46Z",
        "uri": "http://web.archive.org/web/20170618024946/https://www.scribd.com/mobile/doc/316341058/Donald-Trump-Jeffrey-Epstein-Rape-Lawsuit-and-Affidavits"
      },
      {
        "datetime": "2017-06-19T02:46:17Z",
        "uri": "http://web.archive.org/web/20170619024617/https://www.scribd.com/mobile/doc/316341058/Donald-Trump-Jeffrey-Epstein-Rape-Lawsuit-and-Affidavits"
      },
      {
        "datetime": "2017-06-19T05:36:14Z",
        "uri": "http://wayback.archive-it.org/all/20170619053614/https://www.scribd.com/mobile/doc/316341058/Donald-Trump-Jeffrey-Epstein-Rape-Lawsuit-and-Affidavits"
      },
      {
        "datetime": "2017-06-19T05:36:14Z",
        "uri": "http://web.archive.org/web/20170619053614/https://www.scribd.com/mobile/doc/316341058/Donald-Trump-Jeffrey-Epstein-Rape-Lawsuit-and-Affidavits"
      },
      {
        "datetime": "2017-06-20T03:16:09Z",
        "uri": "http://web.archive.org/web/20170620031609/https://www.scribd.com/mobile/doc/316341058/Donald-Trump-Jeffrey-Epstein-Rape-Lawsuit-and-Affidavits"
      },
      {
        "datetime": "2017-06-21T04:47:16Z",
        "uri": "http://web.archive.org/web/20170621044716/https://www.scribd.com/mobile/doc/316341058/Donald-Trump-Jeffrey-Epstein-Rape-Lawsuit-and-Affidavits"
      },
      {
        "datetime": "2017-06-22T08:02:11Z",
        "uri": "http://web.archive.org/web/20170622080211/https://www.scribd.com/mobile/doc/316341058/Donald-Trump-Jeffrey-Epstein-Rape-Lawsuit-and-Affidavits"
      },
      {
        "datetime": "2017-06-23T08:43:45Z",
        "uri": "http://web.archive.org/web/20170623084345/https://www.scribd.com/mobile/doc/316341058/Donald-Trump-Jeffrey-Epstein-Rape-Lawsuit-and-Affidavits"
      },
      {
        "datetime": "2017-06-24T08:55:33Z",
        "uri": "http://web.archive.org/web/20170624085533/https://www.scribd.com/mobile/doc/316341058/Donald-Trump-Jeffrey-Epstein-Rape-Lawsuit-and-Affidavits"
      },
      {
        "datetime": "2017-06-25T05:27:19Z",
        "uri": "http://web.archive.org/web/20170625052719/https://www.scribd.com/mobile/doc/316341058/Donald-Trump-Jeffrey-Epstein-Rape-Lawsuit-and-Affidavits"
      },
      {
        "datetime": "2017-06-26T03:05:15Z",
        "uri": "http://web.archive.org/web/20170626030515/https://www.scribd.com/mobile/doc/316341058/Donald-Trump-Jeffrey-Epstein-Rape-Lawsuit-and-Affidavits"
      },
      {
        "datetime": "2017-06-27T04:09:58Z",
        "uri": "http://web.archive.org/web/20170627040958/https://www.scribd.com/mobile/doc/316341058/Donald-Trump-Jeffrey-Epstein-Rape-Lawsuit-and-Affidavits"
      },
      {
        "datetime": "2017-06-28T07:07:35Z",
        "uri": "http://web.archive.org/web/20170628070735/https://www.scribd.com/mobile/doc/316341058/Donald-Trump-Jeffrey-Epstein-Rape-Lawsuit-and-Affidavits"
      },
      {
        "datetime": "2017-06-29T06:24:40Z",
        "uri": "http://web.archive.org/web/20170629062440/https://www.scribd.com/mobile/doc/316341058/Donald-Trump-Jeffrey-Epstein-Rape-Lawsuit-and-Affidavits"
      },
      {
        "datetime": "2017-06-30T02:46:17Z",
        "uri": "http://web.archive.org/web/20170630024617/https://www.scribd.com/mobile/doc/316341058/Donald-Trump-Jeffrey-Epstein-Rape-Lawsuit-and-Affidavits"
      },
      {
        "datetime": "2017-07-01T02:30:58Z",
        "uri": "http://web.archive.org/web/20170701023058/https://www.scribd.com/mobile/doc/316341058/Donald-Trump-Jeffrey-Epstein-Rape-Lawsuit-and-Affidavits"
      },
      {
        "datetime": "2017-07-02T02:48:08Z",
        "uri": "http://web.archive.org/web/20170702024808/https://www.scribd.com/mobile/doc/316341058/Donald-Trump-Jeffrey-Epstein-Rape-Lawsuit-and-Affidavits"
      },
      {
        "datetime": "2017-07-02T20:03:55Z",
        "uri": "http://web.archive.org/web/20170702200355/https://www.scribd.com/mobile/doc/316341058/Donald-Trump-Jeffrey-Epstein-Rape-Lawsuit-and-Affidavits"
      },
      {
        "datetime": "2017-07-02T20:19:46Z",
        "uri": "http://web.archive.org/web/20170702201946/https://www.scribd.com/mobile/doc/316341058/Donald-Trump-Jeffrey-Epstein-Rape-Lawsuit-and-Affidavits"
      },
      {
        "datetime": "2017-07-04T03:18:26Z",
        "uri": "http://web.archive.org/web/20170704031826/https://www.scribd.com/mobile/doc/316341058/Donald-Trump-Jeffrey-Epstein-Rape-Lawsuit-and-Affidavits"
      },
      {
        "datetime": "2017-07-05T05:52:54Z",
        "uri": "http://web.archive.org/web/20170705055254/https://www.scribd.com/mobile/doc/316341058/Donald-Trump-Jeffrey-Epstein-Rape-Lawsuit-and-Affidavits"
      },
      {
        "datetime": "2017-07-06T03:14:00Z",
        "uri": "http://web.archive.org/web/20170706031400/https://www.scribd.com/mobile/doc/316341058/Donald-Trump-Jeffrey-Epstein-Rape-Lawsuit-and-Affidavits"
      },
      {
        "datetime": "2017-07-07T06:06:35Z",
        "uri": "http://web.archive.org/web/20170707060635/https://www.scribd.com/mobile/doc/316341058/Donald-Trump-Jeffrey-Epstein-Rape-Lawsuit-and-Affidavits"
      },
      {
        "datetime": "2017-07-08T06:16:35Z",
        "uri": "http://web.archive.org/web/20170708061635/https://www.scribd.com/mobile/doc/316341058/Donald-Trump-Jeffrey-Epstein-Rape-Lawsuit-and-Affidavits"
      },
      {
        "datetime": "2017-07-09T05:58:52Z",
        "uri": "http://web.archive.org/web/20170709055852/https://www.scribd.com/mobile/doc/316341058/Donald-Trump-Jeffrey-Epstein-Rape-Lawsuit-and-Affidavits"
      },
      {
        "datetime": "2017-07-10T03:57:49Z",
        "uri": "http://web.archive.org/web/20170710035749/https://www.scribd.com/mobile/doc/316341058/Donald-Trump-Jeffrey-Epstein-Rape-Lawsuit-and-Affidavits"
      },
      {
        "datetime": "2017-07-11T03:42:11Z",
        "uri": "http://web.archive.org/web/20170711034211/https://www.scribd.com/mobile/doc/316341058/Donald-Trump-Jeffrey-Epstein-Rape-Lawsuit-and-Affidavits"
      },
      {
        "datetime": "2017-07-12T04:03:39Z",
        "uri": "http://web.archive.org/web/20170712040339/https://www.scribd.com/mobile/doc/316341058/Donald-Trump-Jeffrey-Epstein-Rape-Lawsuit-and-Affidavits"
      },
      {
        "datetime": "2017-07-13T04:51:34Z",
        "uri": "http://web.archive.org/web/20170713045134/https://www.scribd.com/mobile/doc/316341058/Donald-Trump-Jeffrey-Epstein-Rape-Lawsuit-and-Affidavits"
      },
      {
        "datetime": "2017-07-14T05:11:34Z",
        "uri": "http://web.archive.org/web/20170714051134/https://www.scribd.com/mobile/doc/316341058/Donald-Trump-Jeffrey-Epstein-Rape-Lawsuit-and-Affidavits"
      },
      {
        "datetime": "2017-07-16T01:56:07Z",
        "uri": "http://web.archive.org/web/20170716015607/https://www.scribd.com/mobile/doc/316341058/Donald-Trump-Jeffrey-Epstein-Rape-Lawsuit-and-Affidavits"
      },
      {
        "datetime": "2017-07-17T02:59:20Z",
        "uri": "http://web.archive.org/web/20170717025920/https://www.scribd.com/mobile/doc/316341058/Donald-Trump-Jeffrey-Epstein-Rape-Lawsuit-and-Affidavits"
      },
      {
        "datetime": "2017-07-18T04:29:02Z",
        "uri": "http://web.archive.org/web/20170718042902/https://www.scribd.com/mobile/doc/316341058/Donald-Trump-Jeffrey-Epstein-Rape-Lawsuit-and-Affidavits"
      },
      {
        "datetime": "2017-07-19T03:29:18Z",
        "uri": "http://web.archive.org/web/20170719032918/https://www.scribd.com/mobile/doc/316341058/Donald-Trump-Jeffrey-Epstein-Rape-Lawsuit-and-Affidavits"
      },
      {
        "datetime": "2017-07-20T01:55:46Z",
        "uri": "http://web.archive.org/web/20170720015546/https://www.scribd.com/mobile/doc/316341058/Donald-Trump-Jeffrey-Epstein-Rape-Lawsuit-and-Affidavits"
      },
      {
        "datetime": "2017-07-21T02:57:20Z",
        "uri": "http://web.archive.org/web/20170721025720/https://www.scribd.com/mobile/doc/316341058/Donald-Trump-Jeffrey-Epstein-Rape-Lawsuit-and-Affidavits"
      },
      {
        "datetime": "2017-07-22T01:30:30Z",
        "uri": "http://web.archive.org/web/20170722013030/https://www.scribd.com/mobile/doc/316341058/Donald-Trump-Jeffrey-Epstein-Rape-Lawsuit-and-Affidavits"
      },
      {
        "datetime": "2017-07-23T02:10:00Z",
        "uri": "http://web.archive.org/web/20170723021000/https://www.scribd.com/mobile/doc/316341058/Donald-Trump-Jeffrey-Epstein-Rape-Lawsuit-and-Affidavits"
      },
      {
        "datetime": "2017-07-24T01:17:39Z",
        "uri": "http://web.archive.org/web/20170724011739/https://www.scribd.com/mobile/doc/316341058/Donald-Trump-Jeffrey-Epstein-Rape-Lawsuit-and-Affidavits"
      },
      {
        "datetime": "2017-07-25T02:29:47Z",
        "uri": "http://web.archive.org/web/20170725022947/https://www.scribd.com/mobile/doc/316341058/Donald-Trump-Jeffrey-Epstein-Rape-Lawsuit-and-Affidavits"
      },
      {
        "datetime": "2017-07-26T03:19:54Z",
        "uri": "http://web.archive.org/web/20170726031954/https://www.scribd.com/mobile/doc/316341058/Donald-Trump-Jeffrey-Epstein-Rape-Lawsuit-and-Affidavits"
      },
      {
        "datetime": "2017-07-27T05:15:38Z",
        "uri": "http://web.archive.org/web/20170727051538/https://www.scribd.com/mobile/doc/316341058/Donald-Trump-Jeffrey-Epstein-Rape-Lawsuit-and-Affidavits"
      },
      {
        "datetime": "2017-08-29T09:19:18Z",
        "uri": "http://wayback.archive-it.org/all/20170829091918/https://www.scribd.com/mobile/doc/316341058/Donald-Trump-Jeffrey-Epstein-Rape-Lawsuit-and-Affidavits"
      },
      {
        "datetime": "2017-08-29T09:19:18Z",
        "uri": "http://web.archive.org/web/20170829091918/https://www.scribd.com/mobile/doc/316341058/Donald-Trump-Jeffrey-Epstein-Rape-Lawsuit-and-Affidavits"
      },
      {
        "datetime": "2017-09-12T18:40:11Z",
        "uri": "http://web.archive.org/web/20170912184011/https://www.scribd.com/mobile/doc/316341058/Donald-Trump-Jeffrey-Epstein-Rape-Lawsuit-and-Affidavits"
      },
      {
        "datetime": "2017-10-18T10:50:49Z",
        "uri": "http://web.archive.org/web/20171018105049/https://www.scribd.com/mobile/doc/316341058/Donald-Trump-Jeffrey-Epstein-Rape-Lawsuit-and-Affidavits"
      },
      {
        "datetime": "2017-10-18T10:51:00Z",
        "uri": "http://archive.is/20171018105100/https://www.scribd.com/mobile/doc/316341058/Donald-Trump-Jeffrey-Epstein-Rape-Lawsuit-and-Affidavits"
      },
      {
        "datetime": "2017-11-02T17:07:17Z",
        "uri": "http://web.archive.org/web/20171102170717/https://www.scribd.com/mobile/doc/316341058/Donald-Trump-Jeffrey-Epstein-Rape-Lawsuit-and-Affidavits"
      },
      {
        "datetime": "2017-11-16T19:39:04Z",
        "uri": "http://wayback.archive-it.org/all/20171116193904/https://www.scribd.com/mobile/doc/316341058/Donald-Trump-Jeffrey-Epstein-Rape-Lawsuit-and-Affidavits"
      },
      {
        "datetime": "2017-11-16T19:39:04Z",
        "uri": "http://web.archive.org/web/20171116193904/https://www.scribd.com/mobile/doc/316341058/Donald-Trump-Jeffrey-Epstein-Rape-Lawsuit-and-Affidavits"
      },
      {
        "datetime": "2017-11-18T06:57:46Z",
        "uri": "http://wayback.archive-it.org/all/20171118065746/https://www.scribd.com/mobile/doc/316341058/Donald-Trump-Jeffrey-Epstein-Rape-Lawsuit-and-Affidavits"
      },
      {
        "datetime": "2017-11-18T06:57:46Z",
        "uri": "http://web.archive.org/web/20171118065746/https://www.scribd.com/mobile/doc/316341058/Donald-Trump-Jeffrey-Epstein-Rape-Lawsuit-and-Affidavits"
      },
      {
        "datetime": "2017-11-21T10:20:37Z",
        "uri": "http://wayback.archive-it.org/all/20171121102037/https://www.scribd.com/mobile/doc/316341058/Donald-Trump-Jeffrey-Epstein-Rape-Lawsuit-and-Affidavits"
      },
      {
        "datetime": "2017-11-21T10:20:37Z",
        "uri": "http://web.archive.org/web/20171121102037/https://www.scribd.com/mobile/doc/316341058/Donald-Trump-Jeffrey-Epstein-Rape-Lawsuit-and-Affidavits"
      },
      {
        "datetime": "2017-11-23T19:42:19Z",
        "uri": "http://wayback.archive-it.org/all/20171123194219/https://www.scribd.com/mobile/doc/316341058/Donald-Trump-Jeffrey-Epstein-Rape-Lawsuit-and-Affidavits"
      },
      {
        "datetime": "2017-11-23T19:42:19Z",
        "uri": "http://web.archive.org/web/20171123194219/https://www.scribd.com/mobile/doc/316341058/Donald-Trump-Jeffrey-Epstein-Rape-Lawsuit-and-Affidavits"
      },
      {
        "datetime": "2017-11-30T01:46:56Z",
        "uri": "http://wayback.archive-it.org/all/20171130014656/https://www.scribd.com/mobile/doc/316341058/Donald-Trump-Jeffrey-Epstein-Rape-Lawsuit-and-Affidavits"
      },
      {
        "datetime": "2017-11-30T01:46:56Z",
        "uri": "http://web.archive.org/web/20171130014656/https://www.scribd.com/mobile/doc/316341058/Donald-Trump-Jeffrey-Epstein-Rape-Lawsuit-and-Affidavits"
      },
      {
        "datetime": "2017-12-11T18:37:56Z",
        "uri": "http://web.archive.org/web/20171211183756/https://www.scribd.com/mobile/doc/316341058/Donald-Trump-Jeffrey-Epstein-Rape-Lawsuit-and-Affidavits"
      },
      {
        "datetime": "2017-12-11T18:37:57Z",
        "uri": "http://web.archive.org/web/20171211183757/https://www.scribd.com/mobile/doc/316341058/Donald-Trump-Jeffrey-Epstein-Rape-Lawsuit-and-Affidavits"
      },
      {
        "datetime": "2017-12-23T14:32:06Z",
        "uri": "http://wayback.archive-it.org/all/20171223143206/https://www.scribd.com/mobile/doc/316341058/Donald-Trump-Jeffrey-Epstein-Rape-Lawsuit-and-Affidavits"
      },
      {
        "datetime": "2017-12-23T14:32:06Z",
        "uri": "http://web.archive.org/web/20171223143206/https://www.scribd.com/mobile/doc/316341058/Donald-Trump-Jeffrey-Epstein-Rape-Lawsuit-and-Affidavits"
      }
    ],
    "first": {
      "datetime": "2016-06-21T21:32:53Z",
      "uri": "http://webarchive.loc.gov/all/20160621213253/https://www.scribd.com/mobile/doc/316341058/Donald-Trump-Jeffrey-Epstein-Rape-Lawsuit-and-Affidavits"
    },
    "last": {
      "datetime": "2017-12-23T14:32:06Z",
      "uri": "http://web.archive.org/web/20171223143206/https://www.scribd.com/mobile/doc/316341058/Donald-Trump-Jeffrey-Epstein-Rape-Lawsuit-and-Affidavits"
    }
  },
  "timemap_uri": {
    "link_format": "https://memgator.cs.odu.edu/timemap/link/https://www.scribd.com/mobile/doc/316341058/Donald-Trump-Jeffrey-Epstein-Rape-Lawsuit-and-Affidavits",
    "json_format": "https://memgator.cs.odu.edu/timemap/json/https://www.scribd.com/mobile/doc/316341058/Donald-Trump-Jeffrey-Epstein-Rape-Lawsuit-and-Affidavits",
    "cdxj_format": "https://memgator.cs.odu.edu/timemap/cdxj/https://www.scribd.com/mobile/doc/316341058/Donald-Trump-Jeffrey-Epstein-Rape-Lawsuit-and-Affidavits"
  },
  "timegate_uri": "https://memgator.cs.odu.edu/timegate/https://www.scribd.com/mobile/doc/316341058/Donald-Trump-Jeffrey-Epstein-Rape-Lawsuit-and-Affidavits"
}