{
  "original_uri": "https://www.zerohedge.com/news/2017-07-16/haiti-official-who-exposed-clinton-foundation-found-dead",
  "self": "https://memgator.cs.odu.edu/timemap/json/https://www.zerohedge.com/news/2017-07-16/haiti-official-who-exposed-clinton-foundation-found-dead",
  "mementos": {
    "list": [
      {
        "datetime": "2017-07-16T16:39:22Z",
        "uri": "http://web.archive.org/web/20170716163922/http://www.zerohedge.com/news/2017-07-16/haiti-official-who-exposed-clinton-foundation-found-dead"
      },
      {
        "datetime": "2017-07-16T17:23:22Z",
        "uri": "http://web.archive.org/web/20170716172322/http://www.zerohedge.com/news/2017-07-16/haiti-official-who-exposed-clinton-foundation-found-dead"
      },
      {
        "datetime": "2017-07-16T17:23:23Z",
        "uri": "http://web.archive.org/web/20170716172323/http://www.zerohedge.com/news/2017-07-16/haiti-official-who-exposed-clinton-foundation-found-dead"
      },
      {
        "datetime": "2017-07-16T18:30:02Z",
        "uri": "http://web.archive.org/web/20170716183002/http://www.zerohedge.com/news/2017-07-16/haiti-official-who-exposed-clinton-foundation-found-dead"
      },
      {
        "datetime": "2017-07-16T19:17:58Z",
        "uri": "http://archive.is/20170716191758/http://www.zerohedge.com/news/2017-07-16/haiti-official-who-exposed-clinton-foundation-found-dead"
      },
      {
        "datetime": "2017-07-17T05:09:00Z",
        "uri": "http://archive.is/20170717050900/http://www.zerohedge.com/news/2017-07-16/haiti-official-who-exposed-clinton-foundation-found-dead"
      },
      {
        "datetime": "2017-07-17T11:43:50Z",
        "uri": "http://web.archive.org/web/20170717114350/http://www.zerohedge.com/news/2017-07-16/haiti-official-who-exposed-clinton-foundation-found-dead"
      },
      {
        "datetime": "2017-07-17T12:29:24Z",
        "uri": "http://web.archive.org/web/20170717122924/http://www.zerohedge.com/news/2017-07-16/haiti-official-who-exposed-clinton-foundation-found-dead"
      },
      {
        "datetime": "2017-07-17T14:45:11Z",
        "uri": "http://web.archive.org/web/20170717144511/http://www.zerohedge.com/news/2017-07-16/haiti-official-who-exposed-clinton-foundation-found-dead"
      },
      {
        "datetime": "2017-07-17T18:55:42Z",
        "uri": "http://web.archive.org/web/20170717185542/http://www.zerohedge.com/news/2017-07-16/haiti-official-who-exposed-clinton-foundation-found-dead"
      },
      {
        "datetime": "2017-07-18T06:48:48Z",
        "uri": "http://web.archive.org/web/20170718064848/http://www.zerohedge.com:80/news/2017-07-16/haiti-official-who-exposed-clinton-foundation-found-dead"
      },
      {
        "datetime": "2017-07-18T19:00:37Z",
        "uri": "http://archive.is/20170718190037/http://www.zerohedge.com/news/2017-07-16/haiti-official-who-exposed-clinton-foundation-found-dead"
      },
      {
        "datetime": "2017-07-18T21:45:10Z",
        "uri": "http://web.archive.org/web/20170718214510/http://www.zerohedge.com:80/news/2017-07-16/haiti-official-who-exposed-clinton-foundation-found-dead"
      },
      {
        "datetime": "2017-07-18T22:12:25Z",
        "uri": "http://web.archive.org/web/20170718221225/http://www.zerohedge.com:80/news/2017-07-16/haiti-official-who-exposed-clinton-foundation-found-dead?"
      },
      {
        "datetime": "2017-07-19T05:42:44Z",
        "uri": "http://wayback.archive-it.org/all/20170719054244/http://www.zerohedge.com/news/2017-07-16/haiti-official-who-exposed-clinton-foundation-found-dead"
      },
      {
        "datetime": "2017-07-19T05:42:44Z",
        "uri": "http://web.archive.org/web/20170719054244/http://www.zerohedge.com/news/2017-07-16/haiti-official-who-exposed-clinton-foundation-found-dead"
      },
      {
        "datetime": "2017-07-25T01:41:33Z",
        "uri": "http://web.archive.org/web/20170725014133/http://www.zerohedge.com:80/news/2017-07-16/haiti-official-who-exposed-clinton-foundation-found-dead"
      },
      {
        "datetime": "2017-07-30T08:09:15Z",
        "uri": "http://web.archive.org/web/20170730080915/http://www.zerohedge.com:80/news/2017-07-16/haiti-official-who-exposed-clinton-foundation-found-dead"
      },
      {
        "datetime": "2017-08-05T06:45:24Z",
        "uri": "http://web.archive.org/web/20170805064524/http://www.zerohedge.com:80/news/2017-07-16/haiti-official-who-exposed-clinton-foundation-found-dead"
      },
      {
        "datetime": "2017-08-18T19:37:39Z",
        "uri": "http://web.archive.org/web/20170818193739/http://www.zerohedge.com/news/2017-07-16/haiti-official-who-exposed-clinton-foundation-found-dead"
      },
      {
        "datetime": "2017-08-27T20:50:31Z",
        "uri": "http://web.archive.org/web/20170827205031/http://www.zerohedge.com/news/2017-07-16/haiti-official-who-exposed-clinton-foundation-found-dead"
      },
      {
        "datetime": "2017-09-11T01:12:18Z",
        "uri": "http://web.archive.org/web/20170911011218/http://www.zerohedge.com/news/2017-07-16/haiti-official-who-exposed-clinton-foundation-found-dead"
      },
      {
        "datetime": "2018-01-12T23:52:25Z",
        "uri": "http://web.archive.org/web/20180112235225/https://www.zerohedge.com/news/2017-07-16/haiti-official-who-exposed-clinton-foundation-found-dead"
      },
      {
        "datetime": "2018-01-16T17:29:03Z",
        "uri": "http://web.archive.org/web/20180116172903/https://www.zerohedge.com/news/2017-07-16/haiti-official-who-exposed-clinton-foundation-found-dead"
      },
      {
        "datetime": "2018-01-17T18:39:57Z",
        "uri": "http://web.archive.org/web/20180117183957/https://www.zerohedge.com/news/2017-07-16/haiti-official-who-exposed-clinton-foundation-found-dead"
      },
      {
        "datetime": "2018-01-23T11:05:21Z",
        "uri": "http://web.archive.org/web/20180123110521/http://www.zerohedge.com/news/2017-07-16/haiti-official-who-exposed-clinton-foundation-found-dead"
      },
      {
        "datetime": "2018-02-02T23:38:25Z",
        "uri": "http://web.archive.org/web/20180202233825/https://www.zerohedge.com/news/2017-07-16/haiti-official-who-exposed-clinton-foundation-found-dead"
      },
      {
        "datetime": "2018-02-03T05:28:36Z",
        "uri": "http://web.archive.org/web/20180203052836/https://www.zerohedge.com/news/2017-07-16/haiti-official-who-exposed-clinton-foundation-found-dead"
      }
    ],
    "first": {
      "datetime": "2017-07-16T16:39:22Z",
      "uri": "http://web.archive.org/web/20170716163922/http://www.zerohedge.com/news/2017-07-16/haiti-official-who-exposed-clinton-foundation-found-dead"
    },
    "last": {
      "datetime": "2018-02-03T05:28:36Z",
      "uri": "http://web.archive.org/web/20180203052836/https://www.zerohedge.com/news/2017-07-16/haiti-official-who-exposed-clinton-foundation-found-dead"
    }
  },
  "timemap_uri": {
    "link_format": "https://memgator.cs.odu.edu/timemap/link/https://www.zerohedge.com/news/2017-07-16/haiti-official-who-exposed-clinton-foundation-found-dead",
    "json_format": "https://memgator.cs.odu.edu/timemap/json/https://www.zerohedge.com/news/2017-07-16/haiti-official-who-exposed-clinton-foundation-found-dead",
    "cdxj_format": "https://memgator.cs.odu.edu/timemap/cdxj/https://www.zerohedge.com/news/2017-07-16/haiti-official-who-exposed-clinton-foundation-found-dead"
  },
  "timegate_uri": "https://memgator.cs.odu.edu/timegate/https://www.zerohedge.com/news/2017-07-16/haiti-official-who-exposed-clinton-foundation-found-dead"
}