{
  "original_uri": "https://www.arlnow.com/2018/02/02/video-acpd-helps-out-in-puerto-rico/",
  "self": "https://memgator.cs.odu.edu/timemap/json/https://www.arlnow.com/2018/02/02/video-acpd-helps-out-in-puerto-rico/",
  "mementos": {
    "list": [
      {
        "datetime": "2018-02-03T01:21:57Z",
        "uri": "http://web.archive.org/web/20180203012157/https://www.arlnow.com/2018/02/02/video-acpd-helps-out-in-puerto-rico/"
      }
    ],
    "first": {
      "datetime": "2018-02-03T01:21:57Z",
      "uri": "http://web.archive.org/web/20180203012157/https://www.arlnow.com/2018/02/02/video-acpd-helps-out-in-puerto-rico/"
    },
    "last": {
      "datetime": "2018-02-03T01:21:57Z",
      "uri": "http://web.archive.org/web/20180203012157/https://www.arlnow.com/2018/02/02/video-acpd-helps-out-in-puerto-rico/"
    }
  },
  "timemap_uri": {
    "link_format": "https://memgator.cs.odu.edu/timemap/link/https://www.arlnow.com/2018/02/02/video-acpd-helps-out-in-puerto-rico/",
    "json_format": "https://memgator.cs.odu.edu/timemap/json/https://www.arlnow.com/2018/02/02/video-acpd-helps-out-in-puerto-rico/",
    "cdxj_format": "https://memgator.cs.odu.edu/timemap/cdxj/https://www.arlnow.com/2018/02/02/video-acpd-helps-out-in-puerto-rico/"
  },
  "timegate_uri": "https://memgator.cs.odu.edu/timegate/https://www.arlnow.com/2018/02/02/video-acpd-helps-out-in-puerto-rico/"
}