{
  "original_uri": "http://hiphopwired.com/743145/a-new-super-mario-movie-is-coming/",
  "self": "https://memgator.cs.odu.edu/timemap/json/http://hiphopwired.com/743145/a-new-super-mario-movie-is-coming/",
  "mementos": {
    "list": [
      {
        "datetime": "2018-02-02T00:11:39Z",
        "uri": "http://web.archive.org/web/20180202001139/http://hiphopwired.com/743145/a-new-super-mario-movie-is-coming/"
      },
      {
        "datetime": "2018-02-02T02:52:36Z",
        "uri": "http://web.archive.org/web/20180202025236/https://hiphopwired.com/743145/a-new-super-mario-movie-is-coming/"
      }
    ],
    "first": {
      "datetime": "2018-02-02T00:11:39Z",
      "uri": "http://web.archive.org/web/20180202001139/http://hiphopwired.com/743145/a-new-super-mario-movie-is-coming/"
    },
    "last": {
      "datetime": "2018-02-02T02:52:36Z",
      "uri": "http://web.archive.org/web/20180202025236/https://hiphopwired.com/743145/a-new-super-mario-movie-is-coming/"
    }
  },
  "timemap_uri": {
    "link_format": "https://memgator.cs.odu.edu/timemap/link/http://hiphopwired.com/743145/a-new-super-mario-movie-is-coming/",
    "json_format": "https://memgator.cs.odu.edu/timemap/json/http://hiphopwired.com/743145/a-new-super-mario-movie-is-coming/",
    "cdxj_format": "https://memgator.cs.odu.edu/timemap/cdxj/http://hiphopwired.com/743145/a-new-super-mario-movie-is-coming/"
  },
  "timegate_uri": "https://memgator.cs.odu.edu/timegate/http://hiphopwired.com/743145/a-new-super-mario-movie-is-coming/"
}