{
  "original_uri": "http://tunein.com/radio/Ice-FM-s265549/",
  "self": "https://memgator.cs.odu.edu/timemap/json/http://tunein.com/radio/Ice-FM-s265549/",
  "mementos": {
    "list": [
      {
        "datetime": "2017-01-05T21:18:04Z",
        "uri": "http://web.archive.org/web/20170105211804/http://tunein.com:80/radio/Ice-FM-s265549/"
      },
      {
        "datetime": "2017-01-05T21:18:04Z",
        "uri": "http://web.archive.org/web/20170105211804/http://tunein.com:80/radio/Ice-FM-s265549"
      },
      {
        "datetime": "2017-01-30T02:28:37Z",
        "uri": "http://web.archive.org/web/20170130022837/http://tunein.com:80/radio/Ice-FM-s265549/"
      },
      {
        "datetime": "2017-05-09T02:01:14Z",
        "uri": "http://web.archive.org/web/20170509020114/http://tunein.com:80/radio/Ice-FM-s265549/"
      },
      {
        "datetime": "2017-05-09T02:01:14Z",
        "uri": "http://web.archive.org/web/20170509020114/http://tunein.com:80/radio/Ice-FM-s265549"
      },
      {
        "datetime": "2017-08-30T05:24:23Z",
        "uri": "http://web.archive.org/web/20170830052423/http://tunein.com/radio/Ice-FM-s265549/"
      },
      {
        "datetime": "2017-08-31T06:34:53Z",
        "uri": "http://web.archive.org/web/20170831063453/https://tunein.com/radio/Ice-FM-s265549/"
      },
      {
        "datetime": "2018-01-30T20:39:43Z",
        "uri": "http://web.archive.org/web/20180130203943/http://tunein.com/radio/Ice-FM-s265549/"
      },
      {
        "datetime": "2018-02-03T19:29:31Z",
        "uri": "http://web.archive.org/web/20180203192931/https://tunein.com/radio/Ice-FM-s265549/"
      }
    ],
    "first": {
      "datetime": "2017-01-05T21:18:04Z",
      "uri": "http://web.archive.org/web/20170105211804/http://tunein.com:80/radio/Ice-FM-s265549/"
    },
    "last": {
      "datetime": "2018-02-03T19:29:31Z",
      "uri": "http://web.archive.org/web/20180203192931/https://tunein.com/radio/Ice-FM-s265549/"
    }
  },
  "timemap_uri": {
    "link_format": "https://memgator.cs.odu.edu/timemap/link/http://tunein.com/radio/Ice-FM-s265549/",
    "json_format": "https://memgator.cs.odu.edu/timemap/json/http://tunein.com/radio/Ice-FM-s265549/",
    "cdxj_format": "https://memgator.cs.odu.edu/timemap/cdxj/http://tunein.com/radio/Ice-FM-s265549/"
  },
  "timegate_uri": "https://memgator.cs.odu.edu/timegate/http://tunein.com/radio/Ice-FM-s265549/"
}