{
  "original_uri": "https://www.truthdig.com/articles/useful-idiocy-donald-trump",
  "self": "https://memgator.cs.odu.edu/timemap/json/https://www.truthdig.com/articles/useful-idiocy-donald-trump",
  "mementos": {
    "list": [
      {
        "datetime": "2018-01-29T01:36:16Z",
        "uri": "http://web.archive.org/web/20180129013616/https://www.truthdig.com/articles/useful-idiocy-donald-trump/"
      },
      {
        "datetime": "2018-01-29T06:40:33Z",
        "uri": "http://web.archive.org/web/20180129064033/https://www.truthdig.com/articles/useful-idiocy-donald-trump/"
      },
      {
        "datetime": "2018-02-03T00:11:36Z",
        "uri": "http://web.archive.org/web/20180203001136/https://www.truthdig.com/articles/useful-idiocy-donald-trump/"
      }
    ],
    "first": {
      "datetime": "2018-01-29T01:36:16Z",
      "uri": "http://web.archive.org/web/20180129013616/https://www.truthdig.com/articles/useful-idiocy-donald-trump/"
    },
    "last": {
      "datetime": "2018-02-03T00:11:36Z",
      "uri": "http://web.archive.org/web/20180203001136/https://www.truthdig.com/articles/useful-idiocy-donald-trump/"
    }
  },
  "timemap_uri": {
    "link_format": "https://memgator.cs.odu.edu/timemap/link/https://www.truthdig.com/articles/useful-idiocy-donald-trump",
    "json_format": "https://memgator.cs.odu.edu/timemap/json/https://www.truthdig.com/articles/useful-idiocy-donald-trump",
    "cdxj_format": "https://memgator.cs.odu.edu/timemap/cdxj/https://www.truthdig.com/articles/useful-idiocy-donald-trump"
  },
  "timegate_uri": "https://memgator.cs.odu.edu/timegate/https://www.truthdig.com/articles/useful-idiocy-donald-trump"
}