{
  "original_uri": "http://www.thegatewaypundit.com/2018/02/gop-rep-fisa-memo-will-show-obama-officials-hillary-clinton-dnc-weaponized-fbi-target-political-adversaries/",
  "self": "https://memgator.cs.odu.edu/timemap/json/http://www.thegatewaypundit.com/2018/02/gop-rep-fisa-memo-will-show-obama-officials-hillary-clinton-dnc-weaponized-fbi-target-political-adversaries/",
  "mementos": {
    "list": [
      {
        "datetime": "2018-02-05T19:23:47Z",
        "uri": "http://web.archive.org/web/20180205192347/http://thegatewaypundit.com/2018/02/gop-rep-fisa-memo-will-show-obama-officials-hillary-clinton-dnc-weaponized-fbi-target-political-adversaries/"
      },
      {
        "datetime": "2018-02-05T19:23:47Z",
        "uri": "http://wayback.archive-it.org/all/20180205192347/http://thegatewaypundit.com/2018/02/gop-rep-fisa-memo-will-show-obama-officials-hillary-clinton-dnc-weaponized-fbi-target-political-adversaries/"
      }
    ],
    "first": {
      "datetime": "2018-02-05T19:23:47Z",
      "uri": "http://web.archive.org/web/20180205192347/http://thegatewaypundit.com/2018/02/gop-rep-fisa-memo-will-show-obama-officials-hillary-clinton-dnc-weaponized-fbi-target-political-adversaries/"
    },
    "last": {
      "datetime": "2018-02-05T19:23:47Z",
      "uri": "http://wayback.archive-it.org/all/20180205192347/http://thegatewaypundit.com/2018/02/gop-rep-fisa-memo-will-show-obama-officials-hillary-clinton-dnc-weaponized-fbi-target-political-adversaries/"
    }
  },
  "timemap_uri": {
    "link_format": "https://memgator.cs.odu.edu/timemap/link/http://www.thegatewaypundit.com/2018/02/gop-rep-fisa-memo-will-show-obama-officials-hillary-clinton-dnc-weaponized-fbi-target-political-adversaries/",
    "json_format": "https://memgator.cs.odu.edu/timemap/json/http://www.thegatewaypundit.com/2018/02/gop-rep-fisa-memo-will-show-obama-officials-hillary-clinton-dnc-weaponized-fbi-target-political-adversaries/",
    "cdxj_format": "https://memgator.cs.odu.edu/timemap/cdxj/http://www.thegatewaypundit.com/2018/02/gop-rep-fisa-memo-will-show-obama-officials-hillary-clinton-dnc-weaponized-fbi-target-political-adversaries/"
  },
  "timegate_uri": "https://memgator.cs.odu.edu/timegate/http://www.thegatewaypundit.com/2018/02/gop-rep-fisa-memo-will-show-obama-officials-hillary-clinton-dnc-weaponized-fbi-target-political-adversaries/"
}