{
  "original_uri": "http://deadline.com/2018/01/state-of-the-union-tv-ratings-donald-trump-barack-obama-1202274787/",
  "self": "https://memgator.cs.odu.edu/timemap/json/http://deadline.com/2018/01/state-of-the-union-tv-ratings-donald-trump-barack-obama-1202274787/",
  "mementos": {
    "list": [
      {
        "datetime": "2018-01-31T17:49:28Z",
        "uri": "http://web.archive.org/web/20180131174928/http://deadline.com/2018/01/state-of-the-union-tv-ratings-donald-trump-barack-obama-1202274787/"
      },
      {
        "datetime": "2018-01-31T20:47:27Z",
        "uri": "http://web.archive.org/web/20180131204727/https://deadline.com/2018/01/state-of-the-union-tv-ratings-donald-trump-barack-obama-1202274787/"
      },
      {
        "datetime": "2018-02-01T00:16:30Z",
        "uri": "http://web.archive.org/web/20180201001630/http://deadline.com/2018/01/state-of-the-union-tv-ratings-donald-trump-barack-obama-1202274787/"
      },
      {
        "datetime": "2018-02-01T03:57:51Z",
        "uri": "http://web.archive.org/web/20180201035751/http://deadline.com/2018/01/state-of-the-union-tv-ratings-donald-trump-barack-obama-1202274787/"
      },
      {
        "datetime": "2018-02-01T03:57:54Z",
        "uri": "http://web.archive.org/web/20180201035754/https://deadline.com/2018/01/state-of-the-union-tv-ratings-donald-trump-barack-obama-1202274787/"
      },
      {
        "datetime": "2018-02-01T21:42:43Z",
        "uri": "http://web.archive.org/web/20180201214243/http://deadline.com/2018/01/state-of-the-union-tv-ratings-donald-trump-barack-obama-1202274787/"
      },
      {
        "datetime": "2018-02-01T21:43:20Z",
        "uri": "http://web.archive.org/web/20180201214320/https://deadline.com/2018/01/state-of-the-union-tv-ratings-donald-trump-barack-obama-1202274787/"
      },
      {
        "datetime": "2018-02-03T10:12:30Z",
        "uri": "http://web.archive.org/web/20180203101230/http://deadline.com/2018/01/state-of-the-union-tv-ratings-donald-trump-barack-obama-1202274787/"
      },
      {
        "datetime": "2018-02-03T10:12:57Z",
        "uri": "http://web.archive.org/web/20180203101257/https://deadline.com/2018/01/state-of-the-union-tv-ratings-donald-trump-barack-obama-1202274787/"
      },
      {
        "datetime": "2018-02-04T07:15:43Z",
        "uri": "http://web.archive.org/web/20180204071543/http://deadline.com/2018/01/state-of-the-union-tv-ratings-donald-trump-barack-obama-1202274787/"
      },
      {
        "datetime": "2018-02-04T07:16:05Z",
        "uri": "http://web.archive.org/web/20180204071605/https://deadline.com/2018/01/state-of-the-union-tv-ratings-donald-trump-barack-obama-1202274787/"
      }
    ],
    "first": {
      "datetime": "2018-01-31T17:49:28Z",
      "uri": "http://web.archive.org/web/20180131174928/http://deadline.com/2018/01/state-of-the-union-tv-ratings-donald-trump-barack-obama-1202274787/"
    },
    "last": {
      "datetime": "2018-02-04T07:16:05Z",
      "uri": "http://web.archive.org/web/20180204071605/https://deadline.com/2018/01/state-of-the-union-tv-ratings-donald-trump-barack-obama-1202274787/"
    }
  },
  "timemap_uri": {
    "link_format": "https://memgator.cs.odu.edu/timemap/link/http://deadline.com/2018/01/state-of-the-union-tv-ratings-donald-trump-barack-obama-1202274787/",
    "json_format": "https://memgator.cs.odu.edu/timemap/json/http://deadline.com/2018/01/state-of-the-union-tv-ratings-donald-trump-barack-obama-1202274787/",
    "cdxj_format": "https://memgator.cs.odu.edu/timemap/cdxj/http://deadline.com/2018/01/state-of-the-union-tv-ratings-donald-trump-barack-obama-1202274787/"
  },
  "timegate_uri": "https://memgator.cs.odu.edu/timegate/http://deadline.com/2018/01/state-of-the-union-tv-ratings-donald-trump-barack-obama-1202274787/"
}