{
  "original_uri": "https://web.de/magazine/politik/us-praesident-donald-trump/donald-trumps-krieg-fbi-torpediert-us-praesident-integritaet-behoerde-32777152",
  "self": "https://memgator.cs.odu.edu/timemap/json/https://web.de/magazine/politik/us-praesident-donald-trump/donald-trumps-krieg-fbi-torpediert-us-praesident-integritaet-behoerde-32777152",
  "mementos": {
    "list": [
      {
        "datetime": "2018-02-01T21:04:45Z",
        "uri": "http://web.archive.org/web/20180201210445/https://web.de/magazine/politik/us-praesident-donald-trump/donald-trumps-krieg-fbi-torpediert-us-praesident-integritaet-behoerde-32777152"
      },
      {
        "datetime": "2018-02-02T11:33:55Z",
        "uri": "http://web.archive.org/web/20180202113355/https://web.de/magazine/politik/us-praesident-donald-trump/donald-trumps-krieg-fbi-torpediert-us-praesident-integritaet-behoerde-32777152"
      }
    ],
    "first": {
      "datetime": "2018-02-01T21:04:45Z",
      "uri": "http://web.archive.org/web/20180201210445/https://web.de/magazine/politik/us-praesident-donald-trump/donald-trumps-krieg-fbi-torpediert-us-praesident-integritaet-behoerde-32777152"
    },
    "last": {
      "datetime": "2018-02-02T11:33:55Z",
      "uri": "http://web.archive.org/web/20180202113355/https://web.de/magazine/politik/us-praesident-donald-trump/donald-trumps-krieg-fbi-torpediert-us-praesident-integritaet-behoerde-32777152"
    }
  },
  "timemap_uri": {
    "link_format": "https://memgator.cs.odu.edu/timemap/link/https://web.de/magazine/politik/us-praesident-donald-trump/donald-trumps-krieg-fbi-torpediert-us-praesident-integritaet-behoerde-32777152",
    "json_format": "https://memgator.cs.odu.edu/timemap/json/https://web.de/magazine/politik/us-praesident-donald-trump/donald-trumps-krieg-fbi-torpediert-us-praesident-integritaet-behoerde-32777152",
    "cdxj_format": "https://memgator.cs.odu.edu/timemap/cdxj/https://web.de/magazine/politik/us-praesident-donald-trump/donald-trumps-krieg-fbi-torpediert-us-praesident-integritaet-behoerde-32777152"
  },
  "timegate_uri": "https://memgator.cs.odu.edu/timegate/https://web.de/magazine/politik/us-praesident-donald-trump/donald-trumps-krieg-fbi-torpediert-us-praesident-integritaet-behoerde-32777152"
}