{
  "original_uri": "http://https://www.theverge.com/2018/2/1/16952514/pokemon-go-planet-earth-documentary-stephen-fry",
  "self": "https://memgator.cs.odu.edu/timemap/json/http://https://www.theverge.com/2018/2/1/16952514/pokemon-go-planet-earth-documentary-stephen-fry",
  "mementos": {
    "list": [
      {
        "datetime": "2018-02-01T15:48:37Z",
        "uri": "http://web.archive.org/web/20180201154837/https://www.theverge.com/2018/2/1/16952514/pokemon-go-planet-earth-documentary-stephen-fry"
      },
      {
        "datetime": "2018-02-01T19:15:10Z",
        "uri": "http://web.archive.org/web/20180201191510/https://www.theverge.com/2018/2/1/16952514/pokemon-go-planet-earth-documentary-stephen-fry"
      }
    ],
    "first": {
      "datetime": "2018-02-01T15:48:37Z",
      "uri": "http://web.archive.org/web/20180201154837/https://www.theverge.com/2018/2/1/16952514/pokemon-go-planet-earth-documentary-stephen-fry"
    },
    "last": {
      "datetime": "2018-02-01T19:15:10Z",
      "uri": "http://web.archive.org/web/20180201191510/https://www.theverge.com/2018/2/1/16952514/pokemon-go-planet-earth-documentary-stephen-fry"
    }
  },
  "timemap_uri": {
    "link_format": "https://memgator.cs.odu.edu/timemap/link/http://https://www.theverge.com/2018/2/1/16952514/pokemon-go-planet-earth-documentary-stephen-fry",
    "json_format": "https://memgator.cs.odu.edu/timemap/json/http://https://www.theverge.com/2018/2/1/16952514/pokemon-go-planet-earth-documentary-stephen-fry",
    "cdxj_format": "https://memgator.cs.odu.edu/timemap/cdxj/http://https://www.theverge.com/2018/2/1/16952514/pokemon-go-planet-earth-documentary-stephen-fry"
  },
  "timegate_uri": "https://memgator.cs.odu.edu/timegate/http://https://www.theverge.com/2018/2/1/16952514/pokemon-go-planet-earth-documentary-stephen-fry"
}