{
  "original_uri": "https://www.alternet.org/news-amp-politics/donald-trump-may-have-no-choice-testify-robert-mueller",
  "self": "https://memgator.cs.odu.edu/timemap/json/https://www.alternet.org/news-amp-politics/donald-trump-may-have-no-choice-testify-robert-mueller",
  "mementos": {
    "list": [
      {
        "datetime": "2018-02-01T20:22:24Z",
        "uri": "http://web.archive.org/web/20180201202224/https://www.alternet.org/news-amp-politics/donald-trump-may-have-no-choice-testify-robert-mueller"
      },
      {
        "datetime": "2018-02-01T21:10:54Z",
        "uri": "http://web.archive.org/web/20180201211054/https://www.alternet.org/news-amp-politics/donald-trump-may-have-no-choice-testify-robert-mueller"
      },
      {
        "datetime": "2018-02-01T22:52:12Z",
        "uri": "http://web.archive.org/web/20180201225212/http://www.alternet.org/news-amp-politics/donald-trump-may-have-no-choice-testify-robert-mueller"
      },
      {
        "datetime": "2018-02-04T06:42:46Z",
        "uri": "http://wayback.archive-it.org/all/20180204064246/https://www.alternet.org/news-amp-politics/donald-trump-may-have-no-choice-testify-robert-mueller"
      },
      {
        "datetime": "2018-02-04T06:42:46Z",
        "uri": "http://web.archive.org/web/20180204064246/https://www.alternet.org/news-amp-politics/donald-trump-may-have-no-choice-testify-robert-mueller"
      }
    ],
    "first": {
      "datetime": "2018-02-01T20:22:24Z",
      "uri": "http://web.archive.org/web/20180201202224/https://www.alternet.org/news-amp-politics/donald-trump-may-have-no-choice-testify-robert-mueller"
    },
    "last": {
      "datetime": "2018-02-04T06:42:46Z",
      "uri": "http://web.archive.org/web/20180204064246/https://www.alternet.org/news-amp-politics/donald-trump-may-have-no-choice-testify-robert-mueller"
    }
  },
  "timemap_uri": {
    "link_format": "https://memgator.cs.odu.edu/timemap/link/https://www.alternet.org/news-amp-politics/donald-trump-may-have-no-choice-testify-robert-mueller",
    "json_format": "https://memgator.cs.odu.edu/timemap/json/https://www.alternet.org/news-amp-politics/donald-trump-may-have-no-choice-testify-robert-mueller",
    "cdxj_format": "https://memgator.cs.odu.edu/timemap/cdxj/https://www.alternet.org/news-amp-politics/donald-trump-may-have-no-choice-testify-robert-mueller"
  },
  "timegate_uri": "https://memgator.cs.odu.edu/timegate/https://www.alternet.org/news-amp-politics/donald-trump-may-have-no-choice-testify-robert-mueller"
}