{
  "original_uri": "http://www.ajc.com/news/local/what-know-about-gwinnett-celebrity-groundhog-gen-beauregard-lee/z5Qe6JUDq230CJGwHTmUlN/",
  "self": "https://memgator.cs.odu.edu/timemap/json/http://www.ajc.com/news/local/what-know-about-gwinnett-celebrity-groundhog-gen-beauregard-lee/z5Qe6JUDq230CJGwHTmUlN/",
  "mementos": {
    "list": [
      {
        "datetime": "2017-02-02T14:56:45Z",
        "uri": "http://web.archive.org/web/20170202145645/http://www.ajc.com/news/local/what-know-about-gwinnett-celebrity-groundhog-gen-beauregard-lee/z5Qe6JUDq230CJGwHTmUlN/"
      },
      {
        "datetime": "2017-02-04T14:07:51Z",
        "uri": "http://web.archive.org/web/20170204140751/http://www.ajc.com:80/news/local/what-know-about-gwinnett-celebrity-groundhog-gen-beauregard-lee/z5Qe6JUDq230CJGwHTmUlN/"
      },
      {
        "datetime": "2017-02-04T14:07:51Z",
        "uri": "http://web.archive.org/web/20170204140751/http://www.ajc.com:80/news/local/what-know-about-gwinnett-celebrity-groundhog-gen-beauregard-lee/z5Qe6JUDq230CJGwHTmUlN"
      },
      {
        "datetime": "2017-02-04T16:35:25Z",
        "uri": "http://web.archive.org/web/20170204163525/http://www.ajc.com:80/news/local/what-know-about-gwinnett-celebrity-groundhog-gen-beauregard-lee/z5Qe6JUDq230CJGwHTmUlN/?"
      },
      {
        "datetime": "2017-02-05T22:02:11Z",
        "uri": "http://web.archive.org/web/20170205220211/http://www.ajc.com:80/news/local/what-know-about-gwinnett-celebrity-groundhog-gen-beauregard-lee/z5Qe6JUDq230CJGwHTmUlN/"
      },
      {
        "datetime": "2017-02-15T23:49:47Z",
        "uri": "http://web.archive.org/web/20170215234947/http://www.ajc.com/news/local/what-know-about-gwinnett-celebrity-groundhog-gen-beauregard-lee/z5Qe6JUDq230CJGwHTmUlN/"
      },
      {
        "datetime": "2017-05-02T06:05:43Z",
        "uri": "http://web.archive.org/web/20170502060543/http://www.ajc.com/news/local/what-know-about-gwinnett-celebrity-groundhog-gen-beauregard-lee/z5Qe6JUDq230CJGwHTmUlN/"
      },
      {
        "datetime": "2017-12-23T08:33:35Z",
        "uri": "http://web.archive.org/web/20171223083335/http://www.ajc.com/news/local/what-know-about-gwinnett-celebrity-groundhog-gen-beauregard-lee/z5Qe6JUDq230CJGwHTmUlN/"
      }
    ],
    "first": {
      "datetime": "2017-02-02T14:56:45Z",
      "uri": "http://web.archive.org/web/20170202145645/http://www.ajc.com/news/local/what-know-about-gwinnett-celebrity-groundhog-gen-beauregard-lee/z5Qe6JUDq230CJGwHTmUlN/"
    },
    "last": {
      "datetime": "2017-12-23T08:33:35Z",
      "uri": "http://web.archive.org/web/20171223083335/http://www.ajc.com/news/local/what-know-about-gwinnett-celebrity-groundhog-gen-beauregard-lee/z5Qe6JUDq230CJGwHTmUlN/"
    }
  },
  "timemap_uri": {
    "link_format": "https://memgator.cs.odu.edu/timemap/link/http://www.ajc.com/news/local/what-know-about-gwinnett-celebrity-groundhog-gen-beauregard-lee/z5Qe6JUDq230CJGwHTmUlN/",
    "json_format": "https://memgator.cs.odu.edu/timemap/json/http://www.ajc.com/news/local/what-know-about-gwinnett-celebrity-groundhog-gen-beauregard-lee/z5Qe6JUDq230CJGwHTmUlN/",
    "cdxj_format": "https://memgator.cs.odu.edu/timemap/cdxj/http://www.ajc.com/news/local/what-know-about-gwinnett-celebrity-groundhog-gen-beauregard-lee/z5Qe6JUDq230CJGwHTmUlN/"
  },
  "timegate_uri": "https://memgator.cs.odu.edu/timegate/http://www.ajc.com/news/local/what-know-about-gwinnett-celebrity-groundhog-gen-beauregard-lee/z5Qe6JUDq230CJGwHTmUlN/"
}