{
  "original_uri": "https://www.ebay.com/itm/Hillary-Clinton-History-Made-Holder-Wallet/282714493185",
  "self": "https://memgator.cs.odu.edu/timemap/json/https://www.ebay.com/itm/Hillary-Clinton-History-Made-Holder-Wallet/282714493185",
  "mementos": {
    "list": [
      {
        "datetime": "2018-01-25T08:24:32Z",
        "uri": "http://web.archive.org/web/20180125082432/https://www.ebay.com/itm/Hillary-Clinton-History-Made-Holder-Wallet/282714493185"
      },
      {
        "datetime": "2018-01-25T08:24:32Z",
        "uri": "http://wayback.archive-it.org/all/20180125082432/https://www.ebay.com/itm/Hillary-Clinton-History-Made-Holder-Wallet/282714493185"
      },
      {
        "datetime": "2018-01-25T11:28:40Z",
        "uri": "http://web.archive.org/web/20180125112840/https://www.ebay.com/itm/Hillary-Clinton-History-Made-Holder-Wallet/282714493185"
      },
      {
        "datetime": "2018-01-25T11:28:40Z",
        "uri": "http://wayback.archive-it.org/all/20180125112840/https://www.ebay.com/itm/Hillary-Clinton-History-Made-Holder-Wallet/282714493185"
      },
      {
        "datetime": "2018-01-25T11:51:57Z",
        "uri": "http://web.archive.org/web/20180125115157/https://www.ebay.com/itm/Hillary-Clinton-History-Made-Holder-Wallet/282714493185"
      },
      {
        "datetime": "2018-01-25T11:51:57Z",
        "uri": "http://wayback.archive-it.org/all/20180125115157/https://www.ebay.com/itm/Hillary-Clinton-History-Made-Holder-Wallet/282714493185"
      }
    ],
    "first": {
      "datetime": "2018-01-25T08:24:32Z",
      "uri": "http://web.archive.org/web/20180125082432/https://www.ebay.com/itm/Hillary-Clinton-History-Made-Holder-Wallet/282714493185"
    },
    "last": {
      "datetime": "2018-01-25T11:51:57Z",
      "uri": "http://wayback.archive-it.org/all/20180125115157/https://www.ebay.com/itm/Hillary-Clinton-History-Made-Holder-Wallet/282714493185"
    }
  },
  "timemap_uri": {
    "link_format": "https://memgator.cs.odu.edu/timemap/link/https://www.ebay.com/itm/Hillary-Clinton-History-Made-Holder-Wallet/282714493185",
    "json_format": "https://memgator.cs.odu.edu/timemap/json/https://www.ebay.com/itm/Hillary-Clinton-History-Made-Holder-Wallet/282714493185",
    "cdxj_format": "https://memgator.cs.odu.edu/timemap/cdxj/https://www.ebay.com/itm/Hillary-Clinton-History-Made-Holder-Wallet/282714493185"
  },
  "timegate_uri": "https://memgator.cs.odu.edu/timegate/https://www.ebay.com/itm/Hillary-Clinton-History-Made-Holder-Wallet/282714493185"
}