{
  "original_uri": "https://www.cnn.com/2018/01/31/politics/mark-corallo-hope-hicks-donald-trump-jr-emails/index.html",
  "self": "https://memgator.cs.odu.edu/timemap/json/https://www.cnn.com/2018/01/31/politics/mark-corallo-hope-hicks-donald-trump-jr-emails/index.html",
  "mementos": {
    "list": [
      {
        "datetime": "2018-02-01T04:47:58Z",
        "uri": "http://web.archive.org/web/20180201044758/https://www.cnn.com/2018/01/31/politics/mark-corallo-hope-hicks-donald-trump-jr-emails/index.html"
      },
      {
        "datetime": "2018-02-01T05:12:25Z",
        "uri": "http://web.archive.org/web/20180201051225/https://www.cnn.com/2018/01/31/politics/mark-corallo-hope-hicks-donald-trump-jr-emails/index.html"
      },
      {
        "datetime": "2018-02-01T05:48:23Z",
        "uri": "http://web.archive.org/web/20180201054823/https://www.cnn.com/2018/01/31/politics/mark-corallo-hope-hicks-donald-trump-jr-emails/index.html"
      },
      {
        "datetime": "2018-02-01T06:16:40Z",
        "uri": "http://web.archive.org/web/20180201061640/http://www.cnn.com/2018/01/31/politics/mark-corallo-hope-hicks-donald-trump-jr-emails/index.html"
      },
      {
        "datetime": "2018-02-01T06:57:25Z",
        "uri": "http://archive.is/20180201065725/https://www.cnn.com/2018/01/31/politics/mark-corallo-hope-hicks-donald-trump-jr-emails/index.html"
      },
      {
        "datetime": "2018-02-01T08:09:31Z",
        "uri": "http://web.archive.org/web/20180201080931/https://www.cnn.com/2018/01/31/politics/mark-corallo-hope-hicks-donald-trump-jr-emails/index.html"
      },
      {
        "datetime": "2018-02-01T09:05:11Z",
        "uri": "http://wayback.archive-it.org/all/20180201090511/https://www.cnn.com/2018/01/31/politics/mark-corallo-hope-hicks-donald-trump-jr-emails/index.html"
      },
      {
        "datetime": "2018-02-01T09:05:11Z",
        "uri": "http://web.archive.org/web/20180201090511/https://www.cnn.com/2018/01/31/politics/mark-corallo-hope-hicks-donald-trump-jr-emails/index.html"
      },
      {
        "datetime": "2018-02-01T13:10:54Z",
        "uri": "http://web.archive.org/web/20180201131054/https://www.cnn.com/2018/01/31/politics/mark-corallo-hope-hicks-donald-trump-jr-emails/index.html"
      },
      {
        "datetime": "2018-02-01T14:13:12Z",
        "uri": "http://web.archive.org/web/20180201141312/https://www.cnn.com/2018/01/31/politics/mark-corallo-hope-hicks-donald-trump-jr-emails/index.html"
      },
      {
        "datetime": "2018-02-01T14:47:41Z",
        "uri": "http://web.archive.org/web/20180201144741/https://www.cnn.com/2018/01/31/politics/mark-corallo-hope-hicks-donald-trump-jr-emails/index.html"
      },
      {
        "datetime": "2018-02-01T15:22:23Z",
        "uri": "http://web.archive.org/web/20180201152223/https://www.cnn.com/2018/01/31/politics/mark-corallo-hope-hicks-donald-trump-jr-emails/index.html"
      },
      {
        "datetime": "2018-02-01T16:00:46Z",
        "uri": "http://web.archive.org/web/20180201160046/https://www.cnn.com/2018/01/31/politics/mark-corallo-hope-hicks-donald-trump-jr-emails/index.html"
      },
      {
        "datetime": "2018-02-01T16:37:09Z",
        "uri": "http://web.archive.org/web/20180201163709/https://www.cnn.com/2018/01/31/politics/mark-corallo-hope-hicks-donald-trump-jr-emails/index.html"
      },
      {
        "datetime": "2018-02-01T17:11:01Z",
        "uri": "http://web.archive.org/web/20180201171101/https://www.cnn.com/2018/01/31/politics/mark-corallo-hope-hicks-donald-trump-jr-emails/index.html"
      },
      {
        "datetime": "2018-02-01T19:40:53Z",
        "uri": "http://web.archive.org/web/20180201194053/https://www.cnn.com/2018/01/31/politics/mark-corallo-hope-hicks-donald-trump-jr-emails/index.html"
      },
      {
        "datetime": "2018-02-01T21:53:56Z",
        "uri": "http://wayback.archive-it.org/all/20180201215356/http://www.cnn.com/2018/01/31/politics/mark-corallo-hope-hicks-donald-trump-jr-emails/index.html"
      },
      {
        "datetime": "2018-02-01T21:53:56Z",
        "uri": "http://web.archive.org/web/20180201215356/http://www.cnn.com/2018/01/31/politics/mark-corallo-hope-hicks-donald-trump-jr-emails/index.html"
      },
      {
        "datetime": "2018-02-01T23:39:29Z",
        "uri": "http://archive.is/20180201233929/https://www.cnn.com/2018/01/31/politics/mark-corallo-hope-hicks-donald-trump-jr-emails/index.html"
      },
      {
        "datetime": "2018-02-02T00:04:10Z",
        "uri": "http://wayback.archive-it.org/all/20180202000410/https://www.cnn.com/2018/01/31/politics/mark-corallo-hope-hicks-donald-trump-jr-emails/index.html"
      },
      {
        "datetime": "2018-02-02T00:04:10Z",
        "uri": "http://web.archive.org/web/20180202000410/https://www.cnn.com/2018/01/31/politics/mark-corallo-hope-hicks-donald-trump-jr-emails/index.html"
      },
      {
        "datetime": "2018-02-02T05:20:20Z",
        "uri": "http://web.archive.org/web/20180202052020/https://www.cnn.com/2018/01/31/politics/mark-corallo-hope-hicks-donald-trump-jr-emails/index.html"
      },
      {
        "datetime": "2018-02-02T08:29:18Z",
        "uri": "http://wayback.archive-it.org/all/20180202082918/http://www.cnn.com/2018/01/31/politics/mark-corallo-hope-hicks-donald-trump-jr-emails/index.html"
      },
      {
        "datetime": "2018-02-02T08:29:18Z",
        "uri": "http://web.archive.org/web/20180202082918/http://www.cnn.com/2018/01/31/politics/mark-corallo-hope-hicks-donald-trump-jr-emails/index.html"
      },
      {
        "datetime": "2018-02-02T10:44:00Z",
        "uri": "http://web.archive.org/web/20180202104400/https://www.cnn.com/2018/01/31/politics/mark-corallo-hope-hicks-donald-trump-jr-emails/index.html"
      },
      {
        "datetime": "2018-02-02T19:20:45Z",
        "uri": "http://web.archive.org/web/20180202192045/http://www.cnn.com/2018/01/31/politics/mark-corallo-hope-hicks-donald-trump-jr-emails/index.html"
      },
      {
        "datetime": "2018-02-02T20:39:38Z",
        "uri": "http://web.archive.org/web/20180202203938/https://www.cnn.com/2018/01/31/politics/mark-corallo-hope-hicks-donald-trump-jr-emails/index.html"
      },
      {
        "datetime": "2018-02-04T06:48:18Z",
        "uri": "http://wayback.archive-it.org/all/20180204064818/https://www.cnn.com/2018/01/31/politics/mark-corallo-hope-hicks-donald-trump-jr-emails/index.html"
      },
      {
        "datetime": "2018-02-04T06:48:18Z",
        "uri": "http://web.archive.org/web/20180204064818/https://www.cnn.com/2018/01/31/politics/mark-corallo-hope-hicks-donald-trump-jr-emails/index.html"
      }
    ],
    "first": {
      "datetime": "2018-02-01T04:47:58Z",
      "uri": "http://web.archive.org/web/20180201044758/https://www.cnn.com/2018/01/31/politics/mark-corallo-hope-hicks-donald-trump-jr-emails/index.html"
    },
    "last": {
      "datetime": "2018-02-04T06:48:18Z",
      "uri": "http://web.archive.org/web/20180204064818/https://www.cnn.com/2018/01/31/politics/mark-corallo-hope-hicks-donald-trump-jr-emails/index.html"
    }
  },
  "timemap_uri": {
    "link_format": "https://memgator.cs.odu.edu/timemap/link/https://www.cnn.com/2018/01/31/politics/mark-corallo-hope-hicks-donald-trump-jr-emails/index.html",
    "json_format": "https://memgator.cs.odu.edu/timemap/json/https://www.cnn.com/2018/01/31/politics/mark-corallo-hope-hicks-donald-trump-jr-emails/index.html",
    "cdxj_format": "https://memgator.cs.odu.edu/timemap/cdxj/https://www.cnn.com/2018/01/31/politics/mark-corallo-hope-hicks-donald-trump-jr-emails/index.html"
  },
  "timegate_uri": "https://memgator.cs.odu.edu/timegate/https://www.cnn.com/2018/01/31/politics/mark-corallo-hope-hicks-donald-trump-jr-emails/index.html"
}