{
  "original_uri": "http://www.soundcloudplaybot.com",
  "self": "https://memgator.cs.odu.edu/timemap/json/http://www.soundcloudplaybot.com",
  "mementos": {
    "list": [
      {
        "datetime": "2017-08-31T09:12:09Z",
        "uri": "http://web.archive.org/web/20170831091209/http://www.soundcloudplaybot.com/"
      },
      {
        "datetime": "2017-10-30T21:10:47Z",
        "uri": "http://web.archive.org/web/20171030211047/http://www.soundcloudplaybot.com/"
      }
    ],
    "first": {
      "datetime": "2017-08-31T09:12:09Z",
      "uri": "http://web.archive.org/web/20170831091209/http://www.soundcloudplaybot.com/"
    },
    "last": {
      "datetime": "2017-10-30T21:10:47Z",
      "uri": "http://web.archive.org/web/20171030211047/http://www.soundcloudplaybot.com/"
    }
  },
  "timemap_uri": {
    "link_format": "https://memgator.cs.odu.edu/timemap/link/http://www.soundcloudplaybot.com",
    "json_format": "https://memgator.cs.odu.edu/timemap/json/http://www.soundcloudplaybot.com",
    "cdxj_format": "https://memgator.cs.odu.edu/timemap/cdxj/http://www.soundcloudplaybot.com"
  },
  "timegate_uri": "https://memgator.cs.odu.edu/timegate/http://www.soundcloudplaybot.com"
}