{
  "original_uri": "http://www.infobae.com/america/deportes/2018/01/31/estados-unidos-volvio-a-negarle-la-visa-a-maradona-luego-de-que-llamara-chirolita-a-donald-trump-miami/",
  "self": "https://memgator.cs.odu.edu/timemap/json/http://www.infobae.com/america/deportes/2018/01/31/estados-unidos-volvio-a-negarle-la-visa-a-maradona-luego-de-que-llamara-chirolita-a-donald-trump-miami/",
  "mementos": {
    "list": [
      {
        "datetime": "2018-02-01T10:58:14Z",
        "uri": "http://web.archive.org/web/20180201105814/https://www.infobae.com/america/deportes/2018/01/31/estados-unidos-volvio-a-negarle-la-visa-a-maradona-luego-de-que-llamara-chirolita-a-donald-trump-miami/"
      }
    ],
    "first": {
      "datetime": "2018-02-01T10:58:14Z",
      "uri": "http://web.archive.org/web/20180201105814/https://www.infobae.com/america/deportes/2018/01/31/estados-unidos-volvio-a-negarle-la-visa-a-maradona-luego-de-que-llamara-chirolita-a-donald-trump-miami/"
    },
    "last": {
      "datetime": "2018-02-01T10:58:14Z",
      "uri": "http://web.archive.org/web/20180201105814/https://www.infobae.com/america/deportes/2018/01/31/estados-unidos-volvio-a-negarle-la-visa-a-maradona-luego-de-que-llamara-chirolita-a-donald-trump-miami/"
    }
  },
  "timemap_uri": {
    "link_format": "https://memgator.cs.odu.edu/timemap/link/http://www.infobae.com/america/deportes/2018/01/31/estados-unidos-volvio-a-negarle-la-visa-a-maradona-luego-de-que-llamara-chirolita-a-donald-trump-miami/",
    "json_format": "https://memgator.cs.odu.edu/timemap/json/http://www.infobae.com/america/deportes/2018/01/31/estados-unidos-volvio-a-negarle-la-visa-a-maradona-luego-de-que-llamara-chirolita-a-donald-trump-miami/",
    "cdxj_format": "https://memgator.cs.odu.edu/timemap/cdxj/http://www.infobae.com/america/deportes/2018/01/31/estados-unidos-volvio-a-negarle-la-visa-a-maradona-luego-de-que-llamara-chirolita-a-donald-trump-miami/"
  },
  "timegate_uri": "https://memgator.cs.odu.edu/timegate/http://www.infobae.com/america/deportes/2018/01/31/estados-unidos-volvio-a-negarle-la-visa-a-maradona-luego-de-que-llamara-chirolita-a-donald-trump-miami/"
}