{
  "original_uri": "https://soundcloud.com/ahmad-daher-10/sjn1nrbnrdww",
  "self": "https://memgator.cs.odu.edu/timemap/json/https://soundcloud.com/ahmad-daher-10/sjn1nrbnrdww",
  "mementos": {
    "list": [
      {
        "datetime": "2017-07-13T19:50:35Z",
        "uri": "http://web.archive.org/web/20170713195035/https://soundcloud.com/ahmad-daher-10/sjn1nrbnrdww"
      }
    ],
    "first": {
      "datetime": "2017-07-13T19:50:35Z",
      "uri": "http://web.archive.org/web/20170713195035/https://soundcloud.com/ahmad-daher-10/sjn1nrbnrdww"
    },
    "last": {
      "datetime": "2017-07-13T19:50:35Z",
      "uri": "http://web.archive.org/web/20170713195035/https://soundcloud.com/ahmad-daher-10/sjn1nrbnrdww"
    }
  },
  "timemap_uri": {
    "link_format": "https://memgator.cs.odu.edu/timemap/link/https://soundcloud.com/ahmad-daher-10/sjn1nrbnrdww",
    "json_format": "https://memgator.cs.odu.edu/timemap/json/https://soundcloud.com/ahmad-daher-10/sjn1nrbnrdww",
    "cdxj_format": "https://memgator.cs.odu.edu/timemap/cdxj/https://soundcloud.com/ahmad-daher-10/sjn1nrbnrdww"
  },
  "timegate_uri": "https://memgator.cs.odu.edu/timegate/https://soundcloud.com/ahmad-daher-10/sjn1nrbnrdww"
}