{
  "original_uri": "http://thegatewaypundit.com/2018/02/hillary-clinton-issues-awful-statement-protection-sexual-harasser-lashes-new-york-times/",
  "self": "https://memgator.cs.odu.edu/timemap/json/http://thegatewaypundit.com/2018/02/hillary-clinton-issues-awful-statement-protection-sexual-harasser-lashes-new-york-times/",
  "mementos": {
    "list": [
      {
        "datetime": "2018-02-02T02:37:09Z",
        "uri": "http://web.archive.org/web/20180202023709/http://www.thegatewaypundit.com/2018/02/hillary-clinton-issues-awful-statement-protection-sexual-harasser-lashes-new-york-times/"
      }
    ],
    "first": {
      "datetime": "2018-02-02T02:37:09Z",
      "uri": "http://web.archive.org/web/20180202023709/http://www.thegatewaypundit.com/2018/02/hillary-clinton-issues-awful-statement-protection-sexual-harasser-lashes-new-york-times/"
    },
    "last": {
      "datetime": "2018-02-02T02:37:09Z",
      "uri": "http://web.archive.org/web/20180202023709/http://www.thegatewaypundit.com/2018/02/hillary-clinton-issues-awful-statement-protection-sexual-harasser-lashes-new-york-times/"
    }
  },
  "timemap_uri": {
    "link_format": "https://memgator.cs.odu.edu/timemap/link/http://thegatewaypundit.com/2018/02/hillary-clinton-issues-awful-statement-protection-sexual-harasser-lashes-new-york-times/",
    "json_format": "https://memgator.cs.odu.edu/timemap/json/http://thegatewaypundit.com/2018/02/hillary-clinton-issues-awful-statement-protection-sexual-harasser-lashes-new-york-times/",
    "cdxj_format": "https://memgator.cs.odu.edu/timemap/cdxj/http://thegatewaypundit.com/2018/02/hillary-clinton-issues-awful-statement-protection-sexual-harasser-lashes-new-york-times/"
  },
  "timegate_uri": "https://memgator.cs.odu.edu/timegate/http://thegatewaypundit.com/2018/02/hillary-clinton-issues-awful-statement-protection-sexual-harasser-lashes-new-york-times/"
}