{
  "original_uri": "http://www.ebay.com/itm/Hillary-Clinton-Limited-Edition-iPhone-Case-4-4s-5-5s-6-6-/282061754414?var=581007827517",
  "self": "https://memgator.cs.odu.edu/timemap/json/http://www.ebay.com/itm/Hillary-Clinton-Limited-Edition-iPhone-Case-4-4s-5-5s-6-6-/282061754414?var=581007827517",
  "mementos": {
    "list": [
      {
        "datetime": "2017-02-24T10:24:52Z",
        "uri": "http://web.archive.org/web/20170224102452/http://www.ebay.com/itm/Hillary-Clinton-Limited-Edition-iPhone-Case-4-4s-5-5s-6-6-/282061754414?var=581007827517"
      },
      {
        "datetime": "2018-01-25T02:38:36Z",
        "uri": "http://wayback.archive-it.org/all/20180125023836/http://www.ebay.com/itm/Hillary-Clinton-Limited-Edition-iPhone-Case-4-4s-5-5s-6-6-/282061754414?var=581007827517"
      },
      {
        "datetime": "2018-01-25T02:38:36Z",
        "uri": "http://web.archive.org/web/20180125023836/http://www.ebay.com/itm/Hillary-Clinton-Limited-Edition-iPhone-Case-4-4s-5-5s-6-6-/282061754414?var=581007827517"
      },
      {
        "datetime": "2018-01-25T09:13:47Z",
        "uri": "http://wayback.archive-it.org/all/20180125091347/http://www.ebay.com/itm/Hillary-Clinton-Limited-Edition-iPhone-Case-4-4s-5-5s-6-6-/282061754414?var=581007827517"
      },
      {
        "datetime": "2018-01-25T09:13:47Z",
        "uri": "http://web.archive.org/web/20180125091347/http://www.ebay.com/itm/Hillary-Clinton-Limited-Edition-iPhone-Case-4-4s-5-5s-6-6-/282061754414?var=581007827517"
      },
      {
        "datetime": "2018-01-25T10:09:59Z",
        "uri": "http://wayback.archive-it.org/all/20180125100959/http://www.ebay.com/itm/Hillary-Clinton-Limited-Edition-iPhone-Case-4-4s-5-5s-6-6-/282061754414?var=581007827517"
      },
      {
        "datetime": "2018-01-25T10:09:59Z",
        "uri": "http://web.archive.org/web/20180125100959/http://www.ebay.com/itm/Hillary-Clinton-Limited-Edition-iPhone-Case-4-4s-5-5s-6-6-/282061754414?var=581007827517"
      },
      {
        "datetime": "2018-01-25T15:02:13Z",
        "uri": "http://wayback.archive-it.org/all/20180125150213/https://www.ebay.com/itm/Hillary-Clinton-Limited-Edition-iPhone-Case-4-4s-5-5s-6-6-/282061754414?var=581007827517"
      },
      {
        "datetime": "2018-01-25T15:02:13Z",
        "uri": "http://web.archive.org/web/20180125150213/https://www.ebay.com/itm/Hillary-Clinton-Limited-Edition-iPhone-Case-4-4s-5-5s-6-6-/282061754414?var=581007827517"
      },
      {
        "datetime": "2018-01-25T16:25:47Z",
        "uri": "http://wayback.archive-it.org/all/20180125162547/https://www.ebay.com/itm/Hillary-Clinton-Limited-Edition-iPhone-Case-4-4s-5-5s-6-6-/282061754414?var=581007827517"
      },
      {
        "datetime": "2018-01-25T16:25:47Z",
        "uri": "http://web.archive.org/web/20180125162547/https://www.ebay.com/itm/Hillary-Clinton-Limited-Edition-iPhone-Case-4-4s-5-5s-6-6-/282061754414?var=581007827517"
      },
      {
        "datetime": "2018-01-29T07:01:17Z",
        "uri": "http://web.archive.org/web/20180129070117/http://www.ebay.com/itm/Hillary-Clinton-Limited-Edition-iPhone-Case-4-4s-5-5s-6-6-/282061754414?var=581007827517"
      }
    ],
    "first": {
      "datetime": "2017-02-24T10:24:52Z",
      "uri": "http://web.archive.org/web/20170224102452/http://www.ebay.com/itm/Hillary-Clinton-Limited-Edition-iPhone-Case-4-4s-5-5s-6-6-/282061754414?var=581007827517"
    },
    "last": {
      "datetime": "2018-01-29T07:01:17Z",
      "uri": "http://web.archive.org/web/20180129070117/http://www.ebay.com/itm/Hillary-Clinton-Limited-Edition-iPhone-Case-4-4s-5-5s-6-6-/282061754414?var=581007827517"
    }
  },
  "timemap_uri": {
    "link_format": "https://memgator.cs.odu.edu/timemap/link/http://www.ebay.com/itm/Hillary-Clinton-Limited-Edition-iPhone-Case-4-4s-5-5s-6-6-/282061754414?var=581007827517",
    "json_format": "https://memgator.cs.odu.edu/timemap/json/http://www.ebay.com/itm/Hillary-Clinton-Limited-Edition-iPhone-Case-4-4s-5-5s-6-6-/282061754414?var=581007827517",
    "cdxj_format": "https://memgator.cs.odu.edu/timemap/cdxj/http://www.ebay.com/itm/Hillary-Clinton-Limited-Edition-iPhone-Case-4-4s-5-5s-6-6-/282061754414?var=581007827517"
  },
  "timegate_uri": "https://memgator.cs.odu.edu/timegate/http://www.ebay.com/itm/Hillary-Clinton-Limited-Edition-iPhone-Case-4-4s-5-5s-6-6-/282061754414?var=581007827517"
}