{
  "original_uri": "http://www.elmundo.com.ve/?p=14046",
  "self": "https://memgator.cs.odu.edu/timemap/json/http://www.elmundo.com.ve/?p=14046",
  "mementos": {
    "list": [
      {
        "datetime": "2018-01-31T23:52:45Z",
        "uri": "http://web.archive.org/web/20180131235245/http://www.elmundo.com.ve/?p=14046"
      }
    ],
    "first": {
      "datetime": "2018-01-31T23:52:45Z",
      "uri": "http://web.archive.org/web/20180131235245/http://www.elmundo.com.ve/?p=14046"
    },
    "last": {
      "datetime": "2018-01-31T23:52:45Z",
      "uri": "http://web.archive.org/web/20180131235245/http://www.elmundo.com.ve/?p=14046"
    }
  },
  "timemap_uri": {
    "link_format": "https://memgator.cs.odu.edu/timemap/link/http://www.elmundo.com.ve/?p=14046",
    "json_format": "https://memgator.cs.odu.edu/timemap/json/http://www.elmundo.com.ve/?p=14046",
    "cdxj_format": "https://memgator.cs.odu.edu/timemap/cdxj/http://www.elmundo.com.ve/?p=14046"
  },
  "timegate_uri": "https://memgator.cs.odu.edu/timegate/http://www.elmundo.com.ve/?p=14046"
}