{
  "original_uri": "https://www.nbcnews.com/storyline/2018-state-of-the-union-address/state-donald-trump-he-thinks-it-couldn-t-be-better-n842501",
  "self": "https://memgator.cs.odu.edu/timemap/json/https://www.nbcnews.com/storyline/2018-state-of-the-union-address/state-donald-trump-he-thinks-it-couldn-t-be-better-n842501",
  "mementos": {
    "list": [
      {
        "datetime": "2018-01-30T17:07:29Z",
        "uri": "http://web.archive.org/web/20180130170729/https://www.nbcnews.com/storyline/2018-state-of-the-union-address/state-donald-trump-he-thinks-it-couldn-t-be-better-n842501"
      },
      {
        "datetime": "2018-01-30T18:37:50Z",
        "uri": "http://web.archive.org/web/20180130183750/https://www.nbcnews.com/storyline/2018-state-of-the-union-address/state-donald-trump-he-thinks-it-couldn-t-be-better-n842501"
      },
      {
        "datetime": "2018-01-30T18:51:34Z",
        "uri": "http://web.archive.org/web/20180130185134/https://www.nbcnews.com/storyline/2018-state-of-the-union-address/state-donald-trump-he-thinks-it-couldn-t-be-better-n842501"
      },
      {
        "datetime": "2018-01-30T19:13:13Z",
        "uri": "http://web.archive.org/web/20180130191313/https://www.nbcnews.com/storyline/2018-state-of-the-union-address/state-donald-trump-he-thinks-it-couldn-t-be-better-n842501"
      },
      {
        "datetime": "2018-01-30T19:24:15Z",
        "uri": "http://web.archive.org/web/20180130192415/https://www.nbcnews.com/storyline/2018-state-of-the-union-address/state-donald-trump-he-thinks-it-couldn-t-be-better-n842501"
      },
      {
        "datetime": "2018-01-30T19:37:39Z",
        "uri": "http://web.archive.org/web/20180130193739/https://www.nbcnews.com/storyline/2018-state-of-the-union-address/state-donald-trump-he-thinks-it-couldn-t-be-better-n842501"
      },
      {
        "datetime": "2018-01-30T19:48:19Z",
        "uri": "http://web.archive.org/web/20180130194819/https://www.nbcnews.com/storyline/2018-state-of-the-union-address/state-donald-trump-he-thinks-it-couldn-t-be-better-n842501"
      },
      {
        "datetime": "2018-01-30T20:39:39Z",
        "uri": "http://web.archive.org/web/20180130203939/https://www.nbcnews.com/storyline/2018-state-of-the-union-address/state-donald-trump-he-thinks-it-couldn-t-be-better-n842501"
      },
      {
        "datetime": "2018-01-30T20:46:02Z",
        "uri": "http://archive.is/20180130204602/https://www.nbcnews.com/storyline/2018-state-of-the-union-address/state-donald-trump-he-thinks-it-couldn-t-be-better-n842501"
      },
      {
        "datetime": "2018-01-30T20:58:25Z",
        "uri": "http://web.archive.org/web/20180130205825/https://www.nbcnews.com/storyline/2018-state-of-the-union-address/state-donald-trump-he-thinks-it-couldn-t-be-better-n842501"
      },
      {
        "datetime": "2018-01-30T21:36:21Z",
        "uri": "http://web.archive.org/web/20180130213621/https://www.nbcnews.com/storyline/2018-state-of-the-union-address/state-donald-trump-he-thinks-it-couldn-t-be-better-n842501"
      },
      {
        "datetime": "2018-01-30T21:51:41Z",
        "uri": "http://archive.is/20180130215141/https://www.nbcnews.com/storyline/2018-state-of-the-union-address/state-donald-trump-he-thinks-it-couldn-t-be-better-n842501"
      },
      {
        "datetime": "2018-01-30T21:55:27Z",
        "uri": "http://web.archive.org/web/20180130215527/https://www.nbcnews.com/storyline/2018-state-of-the-union-address/state-donald-trump-he-thinks-it-couldn-t-be-better-n842501"
      },
      {
        "datetime": "2018-01-30T22:17:58Z",
        "uri": "http://web.archive.org/web/20180130221758/https://www.nbcnews.com/storyline/2018-state-of-the-union-address/state-donald-trump-he-thinks-it-couldn-t-be-better-n842501"
      },
      {
        "datetime": "2018-01-30T23:47:39Z",
        "uri": "http://web.archive.org/web/20180130234739/https://www.nbcnews.com/storyline/2018-state-of-the-union-address/state-donald-trump-he-thinks-it-couldn-t-be-better-n842501"
      },
      {
        "datetime": "2018-01-30T23:49:49Z",
        "uri": "http://archive.is/20180130234949/https://www.nbcnews.com/storyline/2018-state-of-the-union-address/state-donald-trump-he-thinks-it-couldn-t-be-better-n842501"
      },
      {
        "datetime": "2018-01-31T03:49:34Z",
        "uri": "http://web.archive.org/web/20180131034934/https://www.nbcnews.com/storyline/2018-state-of-the-union-address/state-donald-trump-he-thinks-it-couldn-t-be-better-n842501"
      },
      {
        "datetime": "2018-01-31T04:24:09Z",
        "uri": "http://web.archive.org/web/20180131042409/https://www.nbcnews.com/storyline/2018-state-of-the-union-address/state-donald-trump-he-thinks-it-couldn-t-be-better-n842501"
      },
      {
        "datetime": "2018-01-31T04:54:40Z",
        "uri": "http://web.archive.org/web/20180131045440/https://www.nbcnews.com/storyline/2018-state-of-the-union-address/state-donald-trump-he-thinks-it-couldn-t-be-better-n842501"
      },
      {
        "datetime": "2018-01-31T06:10:14Z",
        "uri": "http://web.archive.org/web/20180131061014/https://www.nbcnews.com/storyline/2018-state-of-the-union-address/state-donald-trump-he-thinks-it-couldn-t-be-better-n842501"
      },
      {
        "datetime": "2018-01-31T12:40:15Z",
        "uri": "http://web.archive.org/web/20180131124015/https://www.nbcnews.com/storyline/2018-state-of-the-union-address/state-donald-trump-he-thinks-it-couldn-t-be-better-n842501"
      },
      {
        "datetime": "2018-01-31T15:23:59Z",
        "uri": "http://web.archive.org/web/20180131152359/https://www.nbcnews.com/storyline/2018-state-of-the-union-address/state-donald-trump-he-thinks-it-couldn-t-be-better-n842501"
      },
      {
        "datetime": "2018-02-01T04:03:20Z",
        "uri": "http://web.archive.org/web/20180201040320/https://www.nbcnews.com/storyline/2018-state-of-the-union-address/state-donald-trump-he-thinks-it-couldn-t-be-better-n842501"
      },
      {
        "datetime": "2018-02-01T04:39:58Z",
        "uri": "http://web.archive.org/web/20180201043958/https://www.nbcnews.com/storyline/2018-state-of-the-union-address/state-donald-trump-he-thinks-it-couldn-t-be-better-n842501"
      },
      {
        "datetime": "2018-02-01T04:40:32Z",
        "uri": "http://web.archive.org/web/20180201044032/http://www.nbcnews.com/storyline/2018-state-of-the-union-address/state-donald-trump-he-thinks-it-couldn-t-be-better-n842501"
      },
      {
        "datetime": "2018-02-01T08:46:56Z",
        "uri": "http://web.archive.org/web/20180201084656/https://www.nbcnews.com/storyline/2018-state-of-the-union-address/state-donald-trump-he-thinks-it-couldn-t-be-better-n842501"
      },
      {
        "datetime": "2018-02-01T15:11:40Z",
        "uri": "http://web.archive.org/web/20180201151140/https://www.nbcnews.com/storyline/2018-state-of-the-union-address/state-donald-trump-he-thinks-it-couldn-t-be-better-n842501"
      },
      {
        "datetime": "2018-02-01T16:11:13Z",
        "uri": "http://web.archive.org/web/20180201161113/https://www.nbcnews.com/storyline/2018-state-of-the-union-address/state-donald-trump-he-thinks-it-couldn-t-be-better-n842501"
      },
      {
        "datetime": "2018-02-02T06:20:08Z",
        "uri": "http://web.archive.org/web/20180202062008/https://www.nbcnews.com/storyline/2018-state-of-the-union-address/state-donald-trump-he-thinks-it-couldn-t-be-better-n842501"
      },
      {
        "datetime": "2018-02-02T16:36:36Z",
        "uri": "http://web.archive.org/web/20180202163636/https://www.nbcnews.com/storyline/2018-state-of-the-union-address/state-donald-trump-he-thinks-it-couldn-t-be-better-n842501"
      },
      {
        "datetime": "2018-02-02T21:54:29Z",
        "uri": "http://web.archive.org/web/20180202215429/https://www.nbcnews.com/storyline/2018-state-of-the-union-address/state-donald-trump-he-thinks-it-couldn-t-be-better-n842501"
      },
      {
        "datetime": "2018-02-03T02:24:57Z",
        "uri": "http://web.archive.org/web/20180203022457/https://www.nbcnews.com/storyline/2018-state-of-the-union-address/state-donald-trump-he-thinks-it-couldn-t-be-better-n842501"
      },
      {
        "datetime": "2018-02-03T22:38:57Z",
        "uri": "http://web.archive.org/web/20180203223857/https://www.nbcnews.com/storyline/2018-state-of-the-union-address/state-donald-trump-he-thinks-it-couldn-t-be-better-n842501"
      },
      {
        "datetime": "2018-02-04T00:12:49Z",
        "uri": "http://web.archive.org/web/20180204001249/https://www.nbcnews.com/storyline/2018-state-of-the-union-address/state-donald-trump-he-thinks-it-couldn-t-be-better-n842501"
      },
      {
        "datetime": "2018-02-04T22:32:40Z",
        "uri": "http://web.archive.org/web/20180204223240/https://www.nbcnews.com/storyline/2018-state-of-the-union-address/state-donald-trump-he-thinks-it-couldn-t-be-better-n842501"
      },
      {
        "datetime": "2018-02-05T23:37:53Z",
        "uri": "http://web.archive.org/web/20180205233753/https://www.nbcnews.com/storyline/2018-state-of-the-union-address/state-donald-trump-he-thinks-it-couldn-t-be-better-n842501"
      },
      {
        "datetime": "2018-02-06T14:23:58Z",
        "uri": "http://web.archive.org/web/20180206142358/https://www.nbcnews.com/storyline/2018-state-of-the-union-address/state-donald-trump-he-thinks-it-couldn-t-be-better-n842501"
      },
      {
        "datetime": "2018-02-06T14:41:40Z",
        "uri": "http://web.archive.org/web/20180206144140/https://www.nbcnews.com/storyline/2018-state-of-the-union-address/state-donald-trump-he-thinks-it-couldn-t-be-better-n842501"
      }
    ],
    "first": {
      "datetime": "2018-01-30T17:07:29Z",
      "uri": "http://web.archive.org/web/20180130170729/https://www.nbcnews.com/storyline/2018-state-of-the-union-address/state-donald-trump-he-thinks-it-couldn-t-be-better-n842501"
    },
    "last": {
      "datetime": "2018-02-06T14:41:40Z",
      "uri": "http://web.archive.org/web/20180206144140/https://www.nbcnews.com/storyline/2018-state-of-the-union-address/state-donald-trump-he-thinks-it-couldn-t-be-better-n842501"
    }
  },
  "timemap_uri": {
    "link_format": "https://memgator.cs.odu.edu/timemap/link/https://www.nbcnews.com/storyline/2018-state-of-the-union-address/state-donald-trump-he-thinks-it-couldn-t-be-better-n842501",
    "json_format": "https://memgator.cs.odu.edu/timemap/json/https://www.nbcnews.com/storyline/2018-state-of-the-union-address/state-donald-trump-he-thinks-it-couldn-t-be-better-n842501",
    "cdxj_format": "https://memgator.cs.odu.edu/timemap/cdxj/https://www.nbcnews.com/storyline/2018-state-of-the-union-address/state-donald-trump-he-thinks-it-couldn-t-be-better-n842501"
  },
  "timegate_uri": "https://memgator.cs.odu.edu/timegate/https://www.nbcnews.com/storyline/2018-state-of-the-union-address/state-donald-trump-he-thinks-it-couldn-t-be-better-n842501"
}