{
  "original_uri": "http://www.ebay.com/itm/Hillary-Clinton-STRONGER-TOGETHER-2016-Democrat-Bumper-Sticker-Vinyl-Decal-/282221316530",
  "self": "https://memgator.cs.odu.edu/timemap/json/http://www.ebay.com/itm/Hillary-Clinton-STRONGER-TOGETHER-2016-Democrat-Bumper-Sticker-Vinyl-Decal-/282221316530",
  "mementos": {
    "list": [
      {
        "datetime": "2017-02-24T10:25:20Z",
        "uri": "http://web.archive.org/web/20170224102520/http://www.ebay.com/itm/Hillary-Clinton-STRONGER-TOGETHER-2016-Democrat-Bumper-Sticker-Vinyl-Decal-/282221316530"
      },
      {
        "datetime": "2017-11-19T23:30:28Z",
        "uri": "http://web.archive.org/web/20171119233028/http://www.ebay.com/itm/Hillary-Clinton-STRONGER-TOGETHER-2016-Democrat-Bumper-Sticker-Vinyl-Decal-/282221316530"
      },
      {
        "datetime": "2018-01-24T23:29:10Z",
        "uri": "http://wayback.archive-it.org/all/20180124232910/http://www.ebay.com/itm/Hillary-Clinton-STRONGER-TOGETHER-2016-Democrat-Bumper-Sticker-Vinyl-Decal-/282221316530"
      },
      {
        "datetime": "2018-01-24T23:29:10Z",
        "uri": "http://web.archive.org/web/20180124232910/http://www.ebay.com/itm/Hillary-Clinton-STRONGER-TOGETHER-2016-Democrat-Bumper-Sticker-Vinyl-Decal-/282221316530"
      },
      {
        "datetime": "2018-01-25T05:19:51Z",
        "uri": "http://wayback.archive-it.org/all/20180125051951/http://www.ebay.com/itm/Hillary-Clinton-STRONGER-TOGETHER-2016-Democrat-Bumper-Sticker-Vinyl-Decal-/282221316530"
      },
      {
        "datetime": "2018-01-25T05:19:51Z",
        "uri": "http://web.archive.org/web/20180125051951/http://www.ebay.com/itm/Hillary-Clinton-STRONGER-TOGETHER-2016-Democrat-Bumper-Sticker-Vinyl-Decal-/282221316530"
      },
      {
        "datetime": "2018-01-25T11:36:35Z",
        "uri": "http://wayback.archive-it.org/all/20180125113635/http://www.ebay.com/itm/Hillary-Clinton-STRONGER-TOGETHER-2016-Democrat-Bumper-Sticker-Vinyl-Decal-/282221316530"
      },
      {
        "datetime": "2018-01-25T11:36:35Z",
        "uri": "http://web.archive.org/web/20180125113635/http://www.ebay.com/itm/Hillary-Clinton-STRONGER-TOGETHER-2016-Democrat-Bumper-Sticker-Vinyl-Decal-/282221316530"
      },
      {
        "datetime": "2018-01-25T13:43:32Z",
        "uri": "http://wayback.archive-it.org/all/20180125134332/https://www.ebay.com/itm/Hillary-Clinton-STRONGER-TOGETHER-2016-Democrat-Bumper-Sticker-Vinyl-Decal-/282221316530"
      },
      {
        "datetime": "2018-01-25T13:43:32Z",
        "uri": "http://web.archive.org/web/20180125134332/https://www.ebay.com/itm/Hillary-Clinton-STRONGER-TOGETHER-2016-Democrat-Bumper-Sticker-Vinyl-Decal-/282221316530"
      },
      {
        "datetime": "2018-01-25T17:01:26Z",
        "uri": "http://wayback.archive-it.org/all/20180125170126/https://www.ebay.com/itm/Hillary-Clinton-STRONGER-TOGETHER-2016-Democrat-Bumper-Sticker-Vinyl-Decal-/282221316530"
      },
      {
        "datetime": "2018-01-25T17:01:26Z",
        "uri": "http://web.archive.org/web/20180125170126/https://www.ebay.com/itm/Hillary-Clinton-STRONGER-TOGETHER-2016-Democrat-Bumper-Sticker-Vinyl-Decal-/282221316530"
      }
    ],
    "first": {
      "datetime": "2017-02-24T10:25:20Z",
      "uri": "http://web.archive.org/web/20170224102520/http://www.ebay.com/itm/Hillary-Clinton-STRONGER-TOGETHER-2016-Democrat-Bumper-Sticker-Vinyl-Decal-/282221316530"
    },
    "last": {
      "datetime": "2018-01-25T17:01:26Z",
      "uri": "http://web.archive.org/web/20180125170126/https://www.ebay.com/itm/Hillary-Clinton-STRONGER-TOGETHER-2016-Democrat-Bumper-Sticker-Vinyl-Decal-/282221316530"
    }
  },
  "timemap_uri": {
    "link_format": "https://memgator.cs.odu.edu/timemap/link/http://www.ebay.com/itm/Hillary-Clinton-STRONGER-TOGETHER-2016-Democrat-Bumper-Sticker-Vinyl-Decal-/282221316530",
    "json_format": "https://memgator.cs.odu.edu/timemap/json/http://www.ebay.com/itm/Hillary-Clinton-STRONGER-TOGETHER-2016-Democrat-Bumper-Sticker-Vinyl-Decal-/282221316530",
    "cdxj_format": "https://memgator.cs.odu.edu/timemap/cdxj/http://www.ebay.com/itm/Hillary-Clinton-STRONGER-TOGETHER-2016-Democrat-Bumper-Sticker-Vinyl-Decal-/282221316530"
  },
  "timegate_uri": "https://memgator.cs.odu.edu/timegate/http://www.ebay.com/itm/Hillary-Clinton-STRONGER-TOGETHER-2016-Democrat-Bumper-Sticker-Vinyl-Decal-/282221316530"
}