{
  "original_uri": "http://tunein.com/radio/La-Meta-809-s260327/",
  "self": "https://memgator.cs.odu.edu/timemap/json/http://tunein.com/radio/La-Meta-809-s260327/",
  "mementos": {
    "list": [
      {
        "datetime": "2016-10-15T14:52:30Z",
        "uri": "http://web.archive.org/web/20161015145230/http://tunein.com:80/radio/La-Meta-809-s260327/"
      },
      {
        "datetime": "2017-09-04T13:32:11Z",
        "uri": "http://web.archive.org/web/20170904133211/http://tunein.com/radio/La-Meta-809-s260327/"
      },
      {
        "datetime": "2017-09-12T22:39:03Z",
        "uri": "http://web.archive.org/web/20170912223903/https://tunein.com/radio/La-Meta-809-s260327/"
      },
      {
        "datetime": "2018-01-30T20:44:08Z",
        "uri": "http://web.archive.org/web/20180130204408/http://tunein.com/radio/La-Meta-809-s260327/"
      }
    ],
    "first": {
      "datetime": "2016-10-15T14:52:30Z",
      "uri": "http://web.archive.org/web/20161015145230/http://tunein.com:80/radio/La-Meta-809-s260327/"
    },
    "last": {
      "datetime": "2018-01-30T20:44:08Z",
      "uri": "http://web.archive.org/web/20180130204408/http://tunein.com/radio/La-Meta-809-s260327/"
    }
  },
  "timemap_uri": {
    "link_format": "https://memgator.cs.odu.edu/timemap/link/http://tunein.com/radio/La-Meta-809-s260327/",
    "json_format": "https://memgator.cs.odu.edu/timemap/json/http://tunein.com/radio/La-Meta-809-s260327/",
    "cdxj_format": "https://memgator.cs.odu.edu/timemap/cdxj/http://tunein.com/radio/La-Meta-809-s260327/"
  },
  "timegate_uri": "https://memgator.cs.odu.edu/timegate/http://tunein.com/radio/La-Meta-809-s260327/"
}