{
  "original_uri": "http://www.palmerreport.com/analysis/fbi-declares-war-trump/7693/",
  "self": "https://memgator.cs.odu.edu/timemap/json/http://www.palmerreport.com/analysis/fbi-declares-war-trump/7693/",
  "mementos": {
    "list": [
      {
        "datetime": "2018-02-01T06:59:33Z",
        "uri": "http://web.archive.org/web/20180201065933/http://www.palmerreport.com/analysis/fbi-declares-war-trump/7693/"
      }
    ],
    "first": {
      "datetime": "2018-02-01T06:59:33Z",
      "uri": "http://web.archive.org/web/20180201065933/http://www.palmerreport.com/analysis/fbi-declares-war-trump/7693/"
    },
    "last": {
      "datetime": "2018-02-01T06:59:33Z",
      "uri": "http://web.archive.org/web/20180201065933/http://www.palmerreport.com/analysis/fbi-declares-war-trump/7693/"
    }
  },
  "timemap_uri": {
    "link_format": "https://memgator.cs.odu.edu/timemap/link/http://www.palmerreport.com/analysis/fbi-declares-war-trump/7693/",
    "json_format": "https://memgator.cs.odu.edu/timemap/json/http://www.palmerreport.com/analysis/fbi-declares-war-trump/7693/",
    "cdxj_format": "https://memgator.cs.odu.edu/timemap/cdxj/http://www.palmerreport.com/analysis/fbi-declares-war-trump/7693/"
  },
  "timegate_uri": "https://memgator.cs.odu.edu/timegate/http://www.palmerreport.com/analysis/fbi-declares-war-trump/7693/"
}