{
  "original_uri": "https://newrepublic.com/article/143586/trumps-russian-laundromat-trump-tower-luxury-high-rises-dirty-money-international-crime-syndicate",
  "self": "https://memgator.cs.odu.edu/timemap/json/https://newrepublic.com/article/143586/trumps-russian-laundromat-trump-tower-luxury-high-rises-dirty-money-international-crime-syndicate",
  "mementos": {
    "list": [
      {
        "datetime": "2017-07-13T12:16:24Z",
        "uri": "http://archive.is/20170713121624/https://newrepublic.com/article/143586/trumps-russian-laundromat-trump-tower-luxury-high-rises-dirty-money-international-crime-syndicate"
      },
      {
        "datetime": "2017-07-13T12:16:24Z",
        "uri": "http://web.archive.org/web/20170713121624/https://newrepublic.com/article/143586/trumps-russian-laundromat-trump-tower-luxury-high-rises-dirty-money-international-crime-syndicate"
      },
      {
        "datetime": "2017-07-13T14:01:33Z",
        "uri": "http://web.archive.org/web/20170713140133/https://newrepublic.com/article/143586/trumps-russian-laundromat-trump-tower-luxury-high-rises-dirty-money-international-crime-syndicate"
      },
      {
        "datetime": "2017-07-13T14:18:02Z",
        "uri": "http://web.archive.org/web/20170713141802/https://newrepublic.com/article/143586/trumps-russian-laundromat-trump-tower-luxury-high-rises-dirty-money-international-crime-syndicate"
      },
      {
        "datetime": "2017-07-13T14:35:58Z",
        "uri": "http://web.archive.org/web/20170713143558/https://newrepublic.com/article/143586/trumps-russian-laundromat-trump-tower-luxury-high-rises-dirty-money-international-crime-syndicate"
      },
      {
        "datetime": "2017-07-13T15:10:43Z",
        "uri": "http://web.archive.org/web/20170713151043/https://newrepublic.com/article/143586/trumps-russian-laundromat-trump-tower-luxury-high-rises-dirty-money-international-crime-syndicate"
      },
      {
        "datetime": "2017-07-13T15:46:20Z",
        "uri": "http://web.archive.org/web/20170713154620/https://newrepublic.com/article/143586/trumps-russian-laundromat-trump-tower-luxury-high-rises-dirty-money-international-crime-syndicate"
      },
      {
        "datetime": "2017-07-13T16:21:08Z",
        "uri": "http://web.archive.org/web/20170713162108/https://newrepublic.com/article/143586/trumps-russian-laundromat-trump-tower-luxury-high-rises-dirty-money-international-crime-syndicate"
      },
      {
        "datetime": "2017-07-13T16:55:00Z",
        "uri": "http://web.archive.org/web/20170713165500/https://newrepublic.com/article/143586/trumps-russian-laundromat-trump-tower-luxury-high-rises-dirty-money-international-crime-syndicate"
      },
      {
        "datetime": "2017-07-13T17:29:18Z",
        "uri": "http://web.archive.org/web/20170713172918/https://newrepublic.com/article/143586/trumps-russian-laundromat-trump-tower-luxury-high-rises-dirty-money-international-crime-syndicate"
      },
      {
        "datetime": "2017-07-13T18:02:58Z",
        "uri": "http://web.archive.org/web/20170713180258/https://newrepublic.com/article/143586/trumps-russian-laundromat-trump-tower-luxury-high-rises-dirty-money-international-crime-syndicate"
      },
      {
        "datetime": "2017-07-13T18:41:28Z",
        "uri": "http://web.archive.org/web/20170713184128/https://newrepublic.com/article/143586/trumps-russian-laundromat-trump-tower-luxury-high-rises-dirty-money-international-crime-syndicate"
      },
      {
        "datetime": "2017-07-13T19:16:53Z",
        "uri": "http://web.archive.org/web/20170713191653/https://newrepublic.com/article/143586/trumps-russian-laundromat-trump-tower-luxury-high-rises-dirty-money-international-crime-syndicate"
      },
      {
        "datetime": "2017-07-13T19:51:03Z",
        "uri": "http://web.archive.org/web/20170713195103/https://newrepublic.com/article/143586/trumps-russian-laundromat-trump-tower-luxury-high-rises-dirty-money-international-crime-syndicate"
      },
      {
        "datetime": "2017-07-13T20:24:56Z",
        "uri": "http://web.archive.org/web/20170713202456/https://newrepublic.com/article/143586/trumps-russian-laundromat-trump-tower-luxury-high-rises-dirty-money-international-crime-syndicate"
      },
      {
        "datetime": "2017-07-13T20:58:42Z",
        "uri": "http://web.archive.org/web/20170713205842/https://newrepublic.com/article/143586/trumps-russian-laundromat-trump-tower-luxury-high-rises-dirty-money-international-crime-syndicate"
      },
      {
        "datetime": "2017-07-13T21:32:29Z",
        "uri": "http://web.archive.org/web/20170713213229/https://newrepublic.com/article/143586/trumps-russian-laundromat-trump-tower-luxury-high-rises-dirty-money-international-crime-syndicate"
      },
      {
        "datetime": "2017-07-14T15:46:15Z",
        "uri": "http://web.archive.org/web/20170714154615/https://newrepublic.com/article/143586/trumps-russian-laundromat-trump-tower-luxury-high-rises-dirty-money-international-crime-syndicate"
      },
      {
        "datetime": "2017-07-15T01:15:18Z",
        "uri": "http://web.archive.org/web/20170715011518/https://newrepublic.com/article/143586/trumps-russian-laundromat-trump-tower-luxury-high-rises-dirty-money-international-crime-syndicate"
      },
      {
        "datetime": "2017-07-15T04:33:46Z",
        "uri": "http://web.archive.org/web/20170715043346/https://newrepublic.com/article/143586/trumps-russian-laundromat-trump-tower-luxury-high-rises-dirty-money-international-crime-syndicate"
      },
      {
        "datetime": "2017-07-15T07:10:27Z",
        "uri": "http://web.archive.org/web/20170715071027/https://newrepublic.com/article/143586/trumps-russian-laundromat-trump-tower-luxury-high-rises-dirty-money-international-crime-syndicate"
      },
      {
        "datetime": "2017-07-15T14:30:36Z",
        "uri": "http://web.archive.org/web/20170715143036/https://newrepublic.com/article/143586/trumps-russian-laundromat-trump-tower-luxury-high-rises-dirty-money-international-crime-syndicate"
      },
      {
        "datetime": "2017-07-15T21:24:21Z",
        "uri": "http://web.archive.org/web/20170715212421/https://newrepublic.com/article/143586/trumps-russian-laundromat-trump-tower-luxury-high-rises-dirty-money-international-crime-syndicate"
      },
      {
        "datetime": "2017-07-15T23:25:17Z",
        "uri": "http://web.archive.org/web/20170715232517/https://newrepublic.com/article/143586/trumps-russian-laundromat-trump-tower-luxury-high-rises-dirty-money-international-crime-syndicate"
      },
      {
        "datetime": "2017-07-16T01:00:10Z",
        "uri": "http://web.archive.org/web/20170716010010/https://newrepublic.com/article/143586/trumps-russian-laundromat-trump-tower-luxury-high-rises-dirty-money-international-crime-syndicate"
      },
      {
        "datetime": "2017-07-16T18:30:27Z",
        "uri": "http://web.archive.org/web/20170716183027/https://newrepublic.com/article/143586/trumps-russian-laundromat-trump-tower-luxury-high-rises-dirty-money-international-crime-syndicate"
      },
      {
        "datetime": "2017-07-17T02:43:16Z",
        "uri": "http://web.archive.org/web/20170717024316/https://newrepublic.com/article/143586/trumps-russian-laundromat-trump-tower-luxury-high-rises-dirty-money-international-crime-syndicate"
      },
      {
        "datetime": "2017-07-17T04:18:55Z",
        "uri": "http://web.archive.org/web/20170717041855/https://newrepublic.com/article/143586/trumps-russian-laundromat-trump-tower-luxury-high-rises-dirty-money-international-crime-syndicate"
      },
      {
        "datetime": "2017-07-17T16:43:10Z",
        "uri": "http://web.archive.org/web/20170717164310/https://newrepublic.com/article/143586/trumps-russian-laundromat-trump-tower-luxury-high-rises-dirty-money-international-crime-syndicate"
      },
      {
        "datetime": "2017-07-18T13:58:26Z",
        "uri": "http://web.archive.org/web/20170718135826/https://newrepublic.com/article/143586/trumps-russian-laundromat-trump-tower-luxury-high-rises-dirty-money-international-crime-syndicate"
      },
      {
        "datetime": "2017-07-18T16:24:51Z",
        "uri": "http://wayback.archive-it.org/all/20170718162451/https://newrepublic.com/article/143586/trumps-russian-laundromat-trump-tower-luxury-high-rises-dirty-money-international-crime-syndicate"
      },
      {
        "datetime": "2017-07-18T16:24:51Z",
        "uri": "http://web.archive.org/web/20170718162451/https://newrepublic.com/article/143586/trumps-russian-laundromat-trump-tower-luxury-high-rises-dirty-money-international-crime-syndicate"
      },
      {
        "datetime": "2017-07-19T02:21:08Z",
        "uri": "http://web.archive.org/web/20170719022108/https://newrepublic.com/article/143586/trumps-russian-laundromat-trump-tower-luxury-high-rises-dirty-money-international-crime-syndicate"
      },
      {
        "datetime": "2017-07-19T05:50:14Z",
        "uri": "http://wayback.archive-it.org/all/20170719055014/https://newrepublic.com/article/143586/trumps-russian-laundromat-trump-tower-luxury-high-rises-dirty-money-international-crime-syndicate"
      },
      {
        "datetime": "2017-07-19T05:50:14Z",
        "uri": "http://web.archive.org/web/20170719055014/https://newrepublic.com/article/143586/trumps-russian-laundromat-trump-tower-luxury-high-rises-dirty-money-international-crime-syndicate"
      },
      {
        "datetime": "2017-07-19T17:54:32Z",
        "uri": "http://wayback.archive-it.org/all/20170719175432/https://newrepublic.com/article/143586/trumps-russian-laundromat-trump-tower-luxury-high-rises-dirty-money-international-crime-syndicate"
      },
      {
        "datetime": "2017-07-19T17:54:32Z",
        "uri": "http://web.archive.org/web/20170719175432/https://newrepublic.com/article/143586/trumps-russian-laundromat-trump-tower-luxury-high-rises-dirty-money-international-crime-syndicate"
      },
      {
        "datetime": "2017-07-20T01:09:13Z",
        "uri": "http://web.archive.org/web/20170720010913/https://newrepublic.com/article/143586/trumps-russian-laundromat-trump-tower-luxury-high-rises-dirty-money-international-crime-syndicate"
      },
      {
        "datetime": "2017-07-20T08:52:22Z",
        "uri": "http://web.archive.org/web/20170720085222/https://newrepublic.com/article/143586/trumps-russian-laundromat-trump-tower-luxury-high-rises-dirty-money-international-crime-syndicate"
      },
      {
        "datetime": "2017-07-20T19:30:20Z",
        "uri": "http://web.archive.org/web/20170720193020/https://newrepublic.com/article/143586/trumps-russian-laundromat-trump-tower-luxury-high-rises-dirty-money-international-crime-syndicate"
      },
      {
        "datetime": "2017-07-21T14:02:17Z",
        "uri": "http://wayback.archive-it.org/all/20170721140217/https://newrepublic.com/article/143586/trumps-russian-laundromat-trump-tower-luxury-high-rises-dirty-money-international-crime-syndicate"
      },
      {
        "datetime": "2017-07-21T14:02:17Z",
        "uri": "http://web.archive.org/web/20170721140217/https://newrepublic.com/article/143586/trumps-russian-laundromat-trump-tower-luxury-high-rises-dirty-money-international-crime-syndicate"
      },
      {
        "datetime": "2017-07-23T01:19:13Z",
        "uri": "http://web.archive.org/web/20170723011913/https://newrepublic.com/article/143586/trumps-russian-laundromat-trump-tower-luxury-high-rises-dirty-money-international-crime-syndicate"
      },
      {
        "datetime": "2017-07-23T09:59:43Z",
        "uri": "http://web.archive.org/web/20170723095943/https://newrepublic.com/article/143586/trumps-russian-laundromat-trump-tower-luxury-high-rises-dirty-money-international-crime-syndicate"
      },
      {
        "datetime": "2017-07-23T13:32:33Z",
        "uri": "http://web.archive.org/web/20170723133233/https://newrepublic.com/article/143586/trumps-russian-laundromat-trump-tower-luxury-high-rises-dirty-money-international-crime-syndicate"
      },
      {
        "datetime": "2017-07-23T21:25:37Z",
        "uri": "http://web.archive.org/web/20170723212537/https://newrepublic.com/article/143586/trumps-russian-laundromat-trump-tower-luxury-high-rises-dirty-money-international-crime-syndicate"
      },
      {
        "datetime": "2017-07-24T16:13:38Z",
        "uri": "http://web.archive.org/web/20170724161338/https://newrepublic.com/article/143586/trumps-russian-laundromat-trump-tower-luxury-high-rises-dirty-money-international-crime-syndicate"
      },
      {
        "datetime": "2017-07-25T16:28:11Z",
        "uri": "http://web.archive.org/web/20170725162811/https://newrepublic.com/article/143586/trumps-russian-laundromat-trump-tower-luxury-high-rises-dirty-money-international-crime-syndicate"
      },
      {
        "datetime": "2017-07-26T08:57:45Z",
        "uri": "http://archive.is/20170726085745/https://newrepublic.com/article/143586/trumps-russian-laundromat-trump-tower-luxury-high-rises-dirty-money-international-crime-syndicate"
      },
      {
        "datetime": "2017-07-26T08:57:45Z",
        "uri": "http://web.archive.org/web/20170726085745/https://newrepublic.com/article/143586/trumps-russian-laundromat-trump-tower-luxury-high-rises-dirty-money-international-crime-syndicate"
      },
      {
        "datetime": "2017-07-30T21:54:17Z",
        "uri": "http://web.archive.org/web/20170730215417/https://newrepublic.com/article/143586/trumps-russian-laundromat-trump-tower-luxury-high-rises-dirty-money-international-crime-syndicate"
      },
      {
        "datetime": "2017-08-01T00:39:14Z",
        "uri": "http://web.archive.org/web/20170801003914/https://newrepublic.com/article/143586/trumps-russian-laundromat-trump-tower-luxury-high-rises-dirty-money-international-crime-syndicate"
      },
      {
        "datetime": "2017-08-01T16:37:57Z",
        "uri": "http://web.archive.org/web/20170801163757/https://newrepublic.com/article/143586/trumps-russian-laundromat-trump-tower-luxury-high-rises-dirty-money-international-crime-syndicate"
      },
      {
        "datetime": "2017-08-02T16:24:59Z",
        "uri": "http://web.archive.org/web/20170802162459/https://newrepublic.com/article/143586/trumps-russian-laundromat-trump-tower-luxury-high-rises-dirty-money-international-crime-syndicate"
      },
      {
        "datetime": "2017-08-03T00:50:54Z",
        "uri": "http://web.archive.org/web/20170803005054/https://newrepublic.com/article/143586/trumps-russian-laundromat-trump-tower-luxury-high-rises-dirty-money-international-crime-syndicate"
      },
      {
        "datetime": "2017-08-05T15:06:04Z",
        "uri": "http://web.archive.org/web/20170805150604/https://newrepublic.com/article/143586/trumps-russian-laundromat-trump-tower-luxury-high-rises-dirty-money-international-crime-syndicate"
      },
      {
        "datetime": "2017-08-05T18:34:59Z",
        "uri": "http://web.archive.org/web/20170805183459/https://newrepublic.com/article/143586/trumps-russian-laundromat-trump-tower-luxury-high-rises-dirty-money-international-crime-syndicate"
      },
      {
        "datetime": "2017-08-05T19:27:17Z",
        "uri": "http://web.archive.org/web/20170805192717/https://newrepublic.com/article/143586/trumps-russian-laundromat-trump-tower-luxury-high-rises-dirty-money-international-crime-syndicate"
      },
      {
        "datetime": "2017-08-05T22:23:09Z",
        "uri": "http://web.archive.org/web/20170805222309/https://newrepublic.com/article/143586/trumps-russian-laundromat-trump-tower-luxury-high-rises-dirty-money-international-crime-syndicate"
      },
      {
        "datetime": "2017-08-06T04:53:17Z",
        "uri": "http://web.archive.org/web/20170806045317/https://newrepublic.com/article/143586/trumps-russian-laundromat-trump-tower-luxury-high-rises-dirty-money-international-crime-syndicate"
      },
      {
        "datetime": "2017-08-06T10:18:18Z",
        "uri": "http://web.archive.org/web/20170806101818/https://newrepublic.com/article/143586/trumps-russian-laundromat-trump-tower-luxury-high-rises-dirty-money-international-crime-syndicate"
      },
      {
        "datetime": "2017-08-06T13:31:40Z",
        "uri": "http://web.archive.org/web/20170806133140/https://newrepublic.com/article/143586/trumps-russian-laundromat-trump-tower-luxury-high-rises-dirty-money-international-crime-syndicate"
      },
      {
        "datetime": "2017-08-26T10:40:39Z",
        "uri": "http://web.archive.org/web/20170826104039/https://newrepublic.com/article/143586/trumps-russian-laundromat-trump-tower-luxury-high-rises-dirty-money-international-crime-syndicate"
      },
      {
        "datetime": "2017-08-27T02:03:39Z",
        "uri": "http://web.archive.org/web/20170827020339/https://newrepublic.com/article/143586/trumps-russian-laundromat-trump-tower-luxury-high-rises-dirty-money-international-crime-syndicate"
      },
      {
        "datetime": "2017-08-28T21:33:00Z",
        "uri": "http://web.archive.org/web/20170828213300/https://newrepublic.com/article/143586/trumps-russian-laundromat-trump-tower-luxury-high-rises-dirty-money-international-crime-syndicate"
      },
      {
        "datetime": "2017-08-31T01:57:08Z",
        "uri": "http://web.archive.org/web/20170831015708/https://newrepublic.com/article/143586/trumps-russian-laundromat-trump-tower-luxury-high-rises-dirty-money-international-crime-syndicate"
      },
      {
        "datetime": "2017-09-13T14:30:14Z",
        "uri": "http://wayback.archive-it.org/all/20170913143014/https://newrepublic.com/article/143586/trumps-russian-laundromat-trump-tower-luxury-high-rises-dirty-money-international-crime-syndicate"
      },
      {
        "datetime": "2017-09-13T14:30:14Z",
        "uri": "http://web.archive.org/web/20170913143014/https://newrepublic.com/article/143586/trumps-russian-laundromat-trump-tower-luxury-high-rises-dirty-money-international-crime-syndicate"
      },
      {
        "datetime": "2017-09-14T19:14:26Z",
        "uri": "http://wayback.archive-it.org/all/20170914191426/https://newrepublic.com/article/143586/trumps-russian-laundromat-trump-tower-luxury-high-rises-dirty-money-international-crime-syndicate"
      },
      {
        "datetime": "2017-09-14T19:14:26Z",
        "uri": "http://web.archive.org/web/20170914191426/https://newrepublic.com/article/143586/trumps-russian-laundromat-trump-tower-luxury-high-rises-dirty-money-international-crime-syndicate"
      },
      {
        "datetime": "2017-09-14T23:14:31Z",
        "uri": "http://web.archive.org/web/20170914231431/http://newrepublic.com/article/143586/trumps-russian-laundromat-trump-tower-luxury-high-rises-dirty-money-international-crime-syndicate"
      },
      {
        "datetime": "2017-09-16T00:20:54Z",
        "uri": "http://web.archive.org/web/20170916002054/https://newrepublic.com/article/143586/trumps-russian-laundromat-trump-tower-luxury-high-rises-dirty-money-international-crime-syndicate"
      },
      {
        "datetime": "2017-09-18T06:22:20Z",
        "uri": "http://web.archive.org/web/20170918062220/https://newrepublic.com/article/143586/trumps-russian-laundromat-trump-tower-luxury-high-rises-dirty-money-international-crime-syndicate"
      },
      {
        "datetime": "2017-09-19T21:41:27Z",
        "uri": "http://web.archive.org/web/20170919214127/https://newrepublic.com/article/143586/trumps-russian-laundromat-trump-tower-luxury-high-rises-dirty-money-international-crime-syndicate"
      },
      {
        "datetime": "2017-09-20T09:01:04Z",
        "uri": "http://web.archive.org/web/20170920090104/https://newrepublic.com/article/143586/trumps-russian-laundromat-trump-tower-luxury-high-rises-dirty-money-international-crime-syndicate"
      },
      {
        "datetime": "2017-09-21T00:38:14Z",
        "uri": "http://web.archive.org/web/20170921003814/https://newrepublic.com/article/143586/trumps-russian-laundromat-trump-tower-luxury-high-rises-dirty-money-international-crime-syndicate"
      },
      {
        "datetime": "2017-09-21T03:06:58Z",
        "uri": "http://web.archive.org/web/20170921030658/https://newrepublic.com/article/143586/trumps-russian-laundromat-trump-tower-luxury-high-rises-dirty-money-international-crime-syndicate"
      },
      {
        "datetime": "2017-10-10T22:13:02Z",
        "uri": "http://archive.is/20171010221302/https://newrepublic.com/article/143586/trumps-russian-laundromat-trump-tower-luxury-high-rises-dirty-money-international-crime-syndicate"
      },
      {
        "datetime": "2017-10-10T22:13:02Z",
        "uri": "http://web.archive.org/web/20171010221302/https://newrepublic.com/article/143586/trumps-russian-laundromat-trump-tower-luxury-high-rises-dirty-money-international-crime-syndicate"
      },
      {
        "datetime": "2017-10-13T03:56:51Z",
        "uri": "http://archive.is/20171013035651/https://newrepublic.com/article/143586/trumps-russian-laundromat-trump-tower-luxury-high-rises-dirty-money-international-crime-syndicate"
      },
      {
        "datetime": "2017-10-19T00:03:39Z",
        "uri": "http://web.archive.org/web/20171019000339/https://newrepublic.com/article/143586/trumps-russian-laundromat-trump-tower-luxury-high-rises-dirty-money-international-crime-syndicate"
      },
      {
        "datetime": "2017-10-19T23:04:23Z",
        "uri": "http://wayback.archive-it.org/all/20171019230423/https://newrepublic.com/article/143586/trumps-russian-laundromat-trump-tower-luxury-high-rises-dirty-money-international-crime-syndicate"
      },
      {
        "datetime": "2017-10-22T22:17:01Z",
        "uri": "http://web.archive.org/web/20171022221701/https://newrepublic.com/article/143586/trumps-russian-laundromat-trump-tower-luxury-high-rises-dirty-money-international-crime-syndicate"
      },
      {
        "datetime": "2017-10-24T00:05:45Z",
        "uri": "http://web.archive.org/web/20171024000545/https://newrepublic.com/article/143586/trumps-russian-laundromat-trump-tower-luxury-high-rises-dirty-money-international-crime-syndicate"
      },
      {
        "datetime": "2017-10-24T23:55:21Z",
        "uri": "http://web.archive.org/web/20171024235521/https://newrepublic.com/article/143586/trumps-russian-laundromat-trump-tower-luxury-high-rises-dirty-money-international-crime-syndicate"
      },
      {
        "datetime": "2017-10-26T00:49:51Z",
        "uri": "http://web.archive.org/web/20171026004951/https://newrepublic.com/article/143586/trumps-russian-laundromat-trump-tower-luxury-high-rises-dirty-money-international-crime-syndicate"
      },
      {
        "datetime": "2017-10-26T14:46:58Z",
        "uri": "http://web.archive.org/web/20171026144658/https://newrepublic.com/article/143586/trumps-russian-laundromat-trump-tower-luxury-high-rises-dirty-money-international-crime-syndicate"
      },
      {
        "datetime": "2017-10-27T02:01:05Z",
        "uri": "http://web.archive.org/web/20171027020105/https://newrepublic.com/article/143586/trumps-russian-laundromat-trump-tower-luxury-high-rises-dirty-money-international-crime-syndicate"
      },
      {
        "datetime": "2017-10-28T21:31:35Z",
        "uri": "http://web.archive.org/web/20171028213135/https://newrepublic.com/article/143586/trumps-russian-laundromat-trump-tower-luxury-high-rises-dirty-money-international-crime-syndicate"
      },
      {
        "datetime": "2017-10-31T17:04:06Z",
        "uri": "http://wayback.archive-it.org/all/20171031170406/https://newrepublic.com/article/143586/trumps-russian-laundromat-trump-tower-luxury-high-rises-dirty-money-international-crime-syndicate"
      },
      {
        "datetime": "2017-10-31T17:04:06Z",
        "uri": "http://web.archive.org/web/20171031170406/https://newrepublic.com/article/143586/trumps-russian-laundromat-trump-tower-luxury-high-rises-dirty-money-international-crime-syndicate"
      },
      {
        "datetime": "2017-11-01T03:20:51Z",
        "uri": "http://web.archive.org/web/20171101032051/https://newrepublic.com/article/143586/trumps-russian-laundromat-trump-tower-luxury-high-rises-dirty-money-international-crime-syndicate"
      },
      {
        "datetime": "2017-11-01T20:08:36Z",
        "uri": "http://web.archive.org/web/20171101200836/https://newrepublic.com/article/143586/trumps-russian-laundromat-trump-tower-luxury-high-rises-dirty-money-international-crime-syndicate"
      },
      {
        "datetime": "2017-11-01T21:19:27Z",
        "uri": "http://web.archive.org/web/20171101211927/https://newrepublic.com/article/143586/trumps-russian-laundromat-trump-tower-luxury-high-rises-dirty-money-international-crime-syndicate"
      },
      {
        "datetime": "2017-11-02T13:52:36Z",
        "uri": "http://wayback.archive-it.org/all/20171102135236/https://newrepublic.com/article/143586/trumps-russian-laundromat-trump-tower-luxury-high-rises-dirty-money-international-crime-syndicate"
      },
      {
        "datetime": "2017-11-02T13:52:36Z",
        "uri": "http://web.archive.org/web/20171102135236/https://newrepublic.com/article/143586/trumps-russian-laundromat-trump-tower-luxury-high-rises-dirty-money-international-crime-syndicate"
      },
      {
        "datetime": "2017-11-02T22:31:07Z",
        "uri": "http://web.archive.org/web/20171102223107/https://newrepublic.com/article/143586/trumps-russian-laundromat-trump-tower-luxury-high-rises-dirty-money-international-crime-syndicate"
      },
      {
        "datetime": "2017-11-02T22:41:24Z",
        "uri": "http://web.archive.org/web/20171102224124/https://newrepublic.com/article/143586/trumps-russian-laundromat-trump-tower-luxury-high-rises-dirty-money-international-crime-syndicate"
      },
      {
        "datetime": "2017-11-02T22:51:43Z",
        "uri": "http://web.archive.org/web/20171102225143/https://newrepublic.com/article/143586/trumps-russian-laundromat-trump-tower-luxury-high-rises-dirty-money-international-crime-syndicate"
      },
      {
        "datetime": "2017-11-03T01:20:51Z",
        "uri": "http://web.archive.org/web/20171103012051/https://newrepublic.com/article/143586/trumps-russian-laundromat-trump-tower-luxury-high-rises-dirty-money-international-crime-syndicate"
      },
      {
        "datetime": "2017-11-04T02:31:04Z",
        "uri": "http://web.archive.org/web/20171104023104/https://newrepublic.com/article/143586/trumps-russian-laundromat-trump-tower-luxury-high-rises-dirty-money-international-crime-syndicate"
      },
      {
        "datetime": "2017-11-05T03:08:38Z",
        "uri": "http://web.archive.org/web/20171105030838/https://newrepublic.com/article/143586/trumps-russian-laundromat-trump-tower-luxury-high-rises-dirty-money-international-crime-syndicate"
      },
      {
        "datetime": "2017-11-05T05:40:06Z",
        "uri": "http://web.archive.org/web/20171105054006/https://newrepublic.com/article/143586/trumps-russian-laundromat-trump-tower-luxury-high-rises-dirty-money-international-crime-syndicate"
      },
      {
        "datetime": "2017-11-06T04:16:49Z",
        "uri": "http://web.archive.org/web/20171106041649/https://newrepublic.com/article/143586/trumps-russian-laundromat-trump-tower-luxury-high-rises-dirty-money-international-crime-syndicate"
      },
      {
        "datetime": "2017-11-07T07:16:35Z",
        "uri": "http://web.archive.org/web/20171107071635/https://newrepublic.com/article/143586/trumps-russian-laundromat-trump-tower-luxury-high-rises-dirty-money-international-crime-syndicate"
      },
      {
        "datetime": "2017-11-07T09:45:18Z",
        "uri": "http://web.archive.org/web/20171107094518/https://newrepublic.com/article/143586/trumps-russian-laundromat-trump-tower-luxury-high-rises-dirty-money-international-crime-syndicate"
      },
      {
        "datetime": "2017-11-08T05:14:22Z",
        "uri": "http://web.archive.org/web/20171108051422/https://newrepublic.com/article/143586/trumps-russian-laundromat-trump-tower-luxury-high-rises-dirty-money-international-crime-syndicate"
      },
      {
        "datetime": "2017-11-08T20:15:55Z",
        "uri": "http://web.archive.org/web/20171108201555/https://newrepublic.com/article/143586/trumps-russian-laundromat-trump-tower-luxury-high-rises-dirty-money-international-crime-syndicate"
      },
      {
        "datetime": "2017-11-08T20:40:11Z",
        "uri": "http://web.archive.org/web/20171108204011/https://newrepublic.com/article/143586/trumps-russian-laundromat-trump-tower-luxury-high-rises-dirty-money-international-crime-syndicate"
      },
      {
        "datetime": "2017-11-09T05:53:51Z",
        "uri": "http://web.archive.org/web/20171109055351/https://newrepublic.com/article/143586/trumps-russian-laundromat-trump-tower-luxury-high-rises-dirty-money-international-crime-syndicate"
      },
      {
        "datetime": "2017-11-10T06:31:58Z",
        "uri": "http://web.archive.org/web/20171110063158/https://newrepublic.com/article/143586/trumps-russian-laundromat-trump-tower-luxury-high-rises-dirty-money-international-crime-syndicate"
      },
      {
        "datetime": "2017-11-11T07:21:23Z",
        "uri": "http://web.archive.org/web/20171111072123/https://newrepublic.com/article/143586/trumps-russian-laundromat-trump-tower-luxury-high-rises-dirty-money-international-crime-syndicate"
      },
      {
        "datetime": "2017-11-12T07:57:59Z",
        "uri": "http://web.archive.org/web/20171112075759/https://newrepublic.com/article/143586/trumps-russian-laundromat-trump-tower-luxury-high-rises-dirty-money-international-crime-syndicate"
      },
      {
        "datetime": "2017-11-13T08:17:44Z",
        "uri": "http://web.archive.org/web/20171113081744/https://newrepublic.com/article/143586/trumps-russian-laundromat-trump-tower-luxury-high-rises-dirty-money-international-crime-syndicate"
      },
      {
        "datetime": "2017-11-14T09:02:28Z",
        "uri": "http://web.archive.org/web/20171114090228/https://newrepublic.com/article/143586/trumps-russian-laundromat-trump-tower-luxury-high-rises-dirty-money-international-crime-syndicate"
      },
      {
        "datetime": "2017-11-14T09:46:07Z",
        "uri": "http://web.archive.org/web/20171114094607/https://newrepublic.com/article/143586/trumps-russian-laundromat-trump-tower-luxury-high-rises-dirty-money-international-crime-syndicate"
      },
      {
        "datetime": "2017-11-15T04:31:34Z",
        "uri": "http://archive.is/20171115043134/https://newrepublic.com/article/143586/trumps-russian-laundromat-trump-tower-luxury-high-rises-dirty-money-international-crime-syndicate"
      },
      {
        "datetime": "2017-11-15T09:36:55Z",
        "uri": "http://web.archive.org/web/20171115093655/https://newrepublic.com/article/143586/trumps-russian-laundromat-trump-tower-luxury-high-rises-dirty-money-international-crime-syndicate"
      },
      {
        "datetime": "2017-11-15T21:08:53Z",
        "uri": "http://web.archive.org/web/20171115210853/https://newrepublic.com/article/143586/trumps-russian-laundromat-trump-tower-luxury-high-rises-dirty-money-international-crime-syndicate"
      },
      {
        "datetime": "2017-11-16T06:03:49Z",
        "uri": "http://wayback.archive-it.org/all/20171116060349/https://newrepublic.com/article/143586/trumps-russian-laundromat-trump-tower-luxury-high-rises-dirty-money-international-crime-syndicate"
      },
      {
        "datetime": "2017-11-16T06:03:49Z",
        "uri": "http://web.archive.org/web/20171116060349/https://newrepublic.com/article/143586/trumps-russian-laundromat-trump-tower-luxury-high-rises-dirty-money-international-crime-syndicate"
      },
      {
        "datetime": "2017-11-16T09:35:01Z",
        "uri": "http://web.archive.org/web/20171116093501/https://newrepublic.com/article/143586/trumps-russian-laundromat-trump-tower-luxury-high-rises-dirty-money-international-crime-syndicate"
      },
      {
        "datetime": "2017-11-16T16:04:17Z",
        "uri": "http://wayback.archive-it.org/all/20171116160417/https://newrepublic.com/article/143586/trumps-russian-laundromat-trump-tower-luxury-high-rises-dirty-money-international-crime-syndicate"
      },
      {
        "datetime": "2017-11-16T16:04:17Z",
        "uri": "http://web.archive.org/web/20171116160417/https://newrepublic.com/article/143586/trumps-russian-laundromat-trump-tower-luxury-high-rises-dirty-money-international-crime-syndicate"
      },
      {
        "datetime": "2017-11-16T16:39:08Z",
        "uri": "http://wayback.archive-it.org/all/20171116163908/https://newrepublic.com/article/143586/trumps-russian-laundromat-trump-tower-luxury-high-rises-dirty-money-international-crime-syndicate"
      },
      {
        "datetime": "2017-11-16T16:39:08Z",
        "uri": "http://web.archive.org/web/20171116163908/https://newrepublic.com/article/143586/trumps-russian-laundromat-trump-tower-luxury-high-rises-dirty-money-international-crime-syndicate"
      },
      {
        "datetime": "2017-11-16T17:41:09Z",
        "uri": "http://wayback.archive-it.org/all/20171116174109/https://newrepublic.com/article/143586/trumps-russian-laundromat-trump-tower-luxury-high-rises-dirty-money-international-crime-syndicate"
      },
      {
        "datetime": "2017-11-16T17:41:09Z",
        "uri": "http://web.archive.org/web/20171116174109/https://newrepublic.com/article/143586/trumps-russian-laundromat-trump-tower-luxury-high-rises-dirty-money-international-crime-syndicate"
      },
      {
        "datetime": "2017-11-17T10:02:14Z",
        "uri": "http://web.archive.org/web/20171117100214/https://newrepublic.com/article/143586/trumps-russian-laundromat-trump-tower-luxury-high-rises-dirty-money-international-crime-syndicate"
      },
      {
        "datetime": "2017-11-17T10:04:35Z",
        "uri": "http://web.archive.org/web/20171117100435/https://newrepublic.com/article/143586/trumps-russian-laundromat-trump-tower-luxury-high-rises-dirty-money-international-crime-syndicate"
      },
      {
        "datetime": "2017-11-17T16:39:00Z",
        "uri": "http://wayback.archive-it.org/all/20171117163900/https://newrepublic.com/article/143586/trumps-russian-laundromat-trump-tower-luxury-high-rises-dirty-money-international-crime-syndicate"
      },
      {
        "datetime": "2017-11-17T16:39:00Z",
        "uri": "http://web.archive.org/web/20171117163900/https://newrepublic.com/article/143586/trumps-russian-laundromat-trump-tower-luxury-high-rises-dirty-money-international-crime-syndicate"
      },
      {
        "datetime": "2017-11-18T07:54:29Z",
        "uri": "http://wayback.archive-it.org/all/20171118075429/https://newrepublic.com/article/143586/trumps-russian-laundromat-trump-tower-luxury-high-rises-dirty-money-international-crime-syndicate"
      },
      {
        "datetime": "2017-11-18T07:54:29Z",
        "uri": "http://web.archive.org/web/20171118075429/https://newrepublic.com/article/143586/trumps-russian-laundromat-trump-tower-luxury-high-rises-dirty-money-international-crime-syndicate"
      },
      {
        "datetime": "2017-11-18T12:27:09Z",
        "uri": "http://web.archive.org/web/20171118122709/https://newrepublic.com/article/143586/trumps-russian-laundromat-trump-tower-luxury-high-rises-dirty-money-international-crime-syndicate"
      },
      {
        "datetime": "2017-11-19T13:09:39Z",
        "uri": "http://web.archive.org/web/20171119130939/https://newrepublic.com/article/143586/trumps-russian-laundromat-trump-tower-luxury-high-rises-dirty-money-international-crime-syndicate"
      },
      {
        "datetime": "2017-11-20T14:04:14Z",
        "uri": "http://web.archive.org/web/20171120140414/https://newrepublic.com/article/143586/trumps-russian-laundromat-trump-tower-luxury-high-rises-dirty-money-international-crime-syndicate"
      },
      {
        "datetime": "2017-11-21T14:01:29Z",
        "uri": "http://web.archive.org/web/20171121140129/https://newrepublic.com/article/143586/trumps-russian-laundromat-trump-tower-luxury-high-rises-dirty-money-international-crime-syndicate"
      },
      {
        "datetime": "2017-11-22T13:55:31Z",
        "uri": "http://web.archive.org/web/20171122135531/https://newrepublic.com/article/143586/trumps-russian-laundromat-trump-tower-luxury-high-rises-dirty-money-international-crime-syndicate"
      },
      {
        "datetime": "2017-11-22T20:12:41Z",
        "uri": "http://wayback.archive-it.org/all/20171122201241/https://newrepublic.com/article/143586/trumps-russian-laundromat-trump-tower-luxury-high-rises-dirty-money-international-crime-syndicate"
      },
      {
        "datetime": "2017-11-22T20:12:41Z",
        "uri": "http://web.archive.org/web/20171122201241/https://newrepublic.com/article/143586/trumps-russian-laundromat-trump-tower-luxury-high-rises-dirty-money-international-crime-syndicate"
      },
      {
        "datetime": "2017-11-22T21:49:50Z",
        "uri": "http://web.archive.org/web/20171122214950/https://newrepublic.com/article/143586/trumps-russian-laundromat-trump-tower-luxury-high-rises-dirty-money-international-crime-syndicate"
      },
      {
        "datetime": "2017-11-23T14:25:55Z",
        "uri": "http://wayback.archive-it.org/all/20171123142555/https://newrepublic.com/article/143586/trumps-russian-laundromat-trump-tower-luxury-high-rises-dirty-money-international-crime-syndicate"
      },
      {
        "datetime": "2017-11-23T14:25:55Z",
        "uri": "http://web.archive.org/web/20171123142555/https://newrepublic.com/article/143586/trumps-russian-laundromat-trump-tower-luxury-high-rises-dirty-money-international-crime-syndicate"
      },
      {
        "datetime": "2017-11-23T15:17:17Z",
        "uri": "http://web.archive.org/web/20171123151717/https://newrepublic.com/article/143586/trumps-russian-laundromat-trump-tower-luxury-high-rises-dirty-money-international-crime-syndicate"
      },
      {
        "datetime": "2017-11-24T11:25:56Z",
        "uri": "http://web.archive.org/web/20171124112556/https://newrepublic.com/article/143586/trumps-russian-laundromat-trump-tower-luxury-high-rises-dirty-money-international-crime-syndicate"
      },
      {
        "datetime": "2017-11-24T15:22:44Z",
        "uri": "http://web.archive.org/web/20171124152244/https://newrepublic.com/article/143586/trumps-russian-laundromat-trump-tower-luxury-high-rises-dirty-money-international-crime-syndicate"
      },
      {
        "datetime": "2017-11-25T16:07:21Z",
        "uri": "http://web.archive.org/web/20171125160721/https://newrepublic.com/article/143586/trumps-russian-laundromat-trump-tower-luxury-high-rises-dirty-money-international-crime-syndicate"
      },
      {
        "datetime": "2017-11-26T15:25:45Z",
        "uri": "http://wayback.archive-it.org/all/20171126152545/https://newrepublic.com/article/143586/trumps-russian-laundromat-trump-tower-luxury-high-rises-dirty-money-international-crime-syndicate"
      },
      {
        "datetime": "2017-11-26T15:25:45Z",
        "uri": "http://web.archive.org/web/20171126152545/https://newrepublic.com/article/143586/trumps-russian-laundromat-trump-tower-luxury-high-rises-dirty-money-international-crime-syndicate"
      },
      {
        "datetime": "2017-11-26T16:48:06Z",
        "uri": "http://web.archive.org/web/20171126164806/https://newrepublic.com/article/143586/trumps-russian-laundromat-trump-tower-luxury-high-rises-dirty-money-international-crime-syndicate"
      },
      {
        "datetime": "2017-11-26T18:12:24Z",
        "uri": "http://web.archive.org/web/20171126181224/https://newrepublic.com/article/143586/trumps-russian-laundromat-trump-tower-luxury-high-rises-dirty-money-international-crime-syndicate"
      },
      {
        "datetime": "2017-11-26T23:55:49Z",
        "uri": "http://wayback.archive-it.org/all/20171126235549/https://newrepublic.com/article/143586/trumps-russian-laundromat-trump-tower-luxury-high-rises-dirty-money-international-crime-syndicate"
      },
      {
        "datetime": "2017-11-26T23:55:49Z",
        "uri": "http://web.archive.org/web/20171126235549/https://newrepublic.com/article/143586/trumps-russian-laundromat-trump-tower-luxury-high-rises-dirty-money-international-crime-syndicate"
      },
      {
        "datetime": "2017-11-27T05:32:15Z",
        "uri": "http://web.archive.org/web/20171127053215/https://newrepublic.com/article/143586/trumps-russian-laundromat-trump-tower-luxury-high-rises-dirty-money-international-crime-syndicate"
      },
      {
        "datetime": "2017-11-27T05:47:30Z",
        "uri": "http://web.archive.org/web/20171127054730/https://newrepublic.com/article/143586/trumps-russian-laundromat-trump-tower-luxury-high-rises-dirty-money-international-crime-syndicate"
      },
      {
        "datetime": "2017-11-27T23:24:17Z",
        "uri": "http://web.archive.org/web/20171127232417/https://newrepublic.com/article/143586/trumps-russian-laundromat-trump-tower-luxury-high-rises-dirty-money-international-crime-syndicate"
      },
      {
        "datetime": "2017-11-28T20:53:02Z",
        "uri": "http://wayback.archive-it.org/all/20171128205302/https://newrepublic.com/article/143586/trumps-russian-laundromat-trump-tower-luxury-high-rises-dirty-money-international-crime-syndicate"
      },
      {
        "datetime": "2017-11-28T20:53:02Z",
        "uri": "http://web.archive.org/web/20171128205302/https://newrepublic.com/article/143586/trumps-russian-laundromat-trump-tower-luxury-high-rises-dirty-money-international-crime-syndicate"
      },
      {
        "datetime": "2017-11-28T21:44:46Z",
        "uri": "http://web.archive.org/web/20171128214446/https://newrepublic.com/article/143586/trumps-russian-laundromat-trump-tower-luxury-high-rises-dirty-money-international-crime-syndicate"
      },
      {
        "datetime": "2017-11-29T00:19:53Z",
        "uri": "http://web.archive.org/web/20171129001953/https://newrepublic.com/article/143586/trumps-russian-laundromat-trump-tower-luxury-high-rises-dirty-money-international-crime-syndicate"
      },
      {
        "datetime": "2017-11-29T22:21:20Z",
        "uri": "http://web.archive.org/web/20171129222120/https://newrepublic.com/article/143586/trumps-russian-laundromat-trump-tower-luxury-high-rises-dirty-money-international-crime-syndicate"
      },
      {
        "datetime": "2017-11-29T23:59:22Z",
        "uri": "http://web.archive.org/web/20171129235922/https://newrepublic.com/article/143586/trumps-russian-laundromat-trump-tower-luxury-high-rises-dirty-money-international-crime-syndicate"
      },
      {
        "datetime": "2017-11-30T07:49:34Z",
        "uri": "http://wayback.archive-it.org/all/20171130074934/https://newrepublic.com/article/143586/trumps-russian-laundromat-trump-tower-luxury-high-rises-dirty-money-international-crime-syndicate"
      },
      {
        "datetime": "2017-11-30T07:49:34Z",
        "uri": "http://web.archive.org/web/20171130074934/https://newrepublic.com/article/143586/trumps-russian-laundromat-trump-tower-luxury-high-rises-dirty-money-international-crime-syndicate"
      },
      {
        "datetime": "2017-11-30T11:29:51Z",
        "uri": "http://wayback.archive-it.org/all/20171130112951/https://newrepublic.com/article/143586/trumps-russian-laundromat-trump-tower-luxury-high-rises-dirty-money-international-crime-syndicate"
      },
      {
        "datetime": "2017-11-30T11:29:51Z",
        "uri": "http://web.archive.org/web/20171130112951/https://newrepublic.com/article/143586/trumps-russian-laundromat-trump-tower-luxury-high-rises-dirty-money-international-crime-syndicate"
      },
      {
        "datetime": "2017-12-01T00:46:24Z",
        "uri": "http://web.archive.org/web/20171201004624/https://newrepublic.com/article/143586/trumps-russian-laundromat-trump-tower-luxury-high-rises-dirty-money-international-crime-syndicate"
      },
      {
        "datetime": "2017-12-01T23:53:45Z",
        "uri": "http://web.archive.org/web/20171201235345/https://newrepublic.com/article/143586/trumps-russian-laundromat-trump-tower-luxury-high-rises-dirty-money-international-crime-syndicate"
      },
      {
        "datetime": "2017-12-02T01:00:02Z",
        "uri": "http://wayback.archive-it.org/all/20171202010002/https://newrepublic.com/article/143586/trumps-russian-laundromat-trump-tower-luxury-high-rises-dirty-money-international-crime-syndicate"
      },
      {
        "datetime": "2017-12-02T01:00:02Z",
        "uri": "http://web.archive.org/web/20171202010002/https://newrepublic.com/article/143586/trumps-russian-laundromat-trump-tower-luxury-high-rises-dirty-money-international-crime-syndicate"
      },
      {
        "datetime": "2017-12-03T00:47:51Z",
        "uri": "http://web.archive.org/web/20171203004751/https://newrepublic.com/article/143586/trumps-russian-laundromat-trump-tower-luxury-high-rises-dirty-money-international-crime-syndicate"
      },
      {
        "datetime": "2017-12-04T02:33:02Z",
        "uri": "http://web.archive.org/web/20171204023302/https://newrepublic.com/article/143586/trumps-russian-laundromat-trump-tower-luxury-high-rises-dirty-money-international-crime-syndicate"
      },
      {
        "datetime": "2017-12-05T02:18:11Z",
        "uri": "http://web.archive.org/web/20171205021811/https://newrepublic.com/article/143586/trumps-russian-laundromat-trump-tower-luxury-high-rises-dirty-money-international-crime-syndicate"
      },
      {
        "datetime": "2017-12-06T03:08:19Z",
        "uri": "http://web.archive.org/web/20171206030819/https://newrepublic.com/article/143586/trumps-russian-laundromat-trump-tower-luxury-high-rises-dirty-money-international-crime-syndicate"
      },
      {
        "datetime": "2017-12-06T22:50:30Z",
        "uri": "http://web.archive.org/web/20171206225030/https://newrepublic.com/article/143586/trumps-russian-laundromat-trump-tower-luxury-high-rises-dirty-money-international-crime-syndicate"
      },
      {
        "datetime": "2017-12-07T03:22:00Z",
        "uri": "http://web.archive.org/web/20171207032200/https://newrepublic.com/article/143586/trumps-russian-laundromat-trump-tower-luxury-high-rises-dirty-money-international-crime-syndicate"
      },
      {
        "datetime": "2017-12-07T22:21:37Z",
        "uri": "http://wayback.archive-it.org/all/20171207222137/https://newrepublic.com/article/143586/trumps-russian-laundromat-trump-tower-luxury-high-rises-dirty-money-international-crime-syndicate"
      },
      {
        "datetime": "2017-12-07T22:21:37Z",
        "uri": "http://web.archive.org/web/20171207222137/https://newrepublic.com/article/143586/trumps-russian-laundromat-trump-tower-luxury-high-rises-dirty-money-international-crime-syndicate"
      },
      {
        "datetime": "2017-12-08T03:29:41Z",
        "uri": "http://web.archive.org/web/20171208032941/https://newrepublic.com/article/143586/trumps-russian-laundromat-trump-tower-luxury-high-rises-dirty-money-international-crime-syndicate"
      },
      {
        "datetime": "2017-12-08T17:23:12Z",
        "uri": "http://wayback.archive-it.org/all/20171208172312/https://newrepublic.com/article/143586/trumps-russian-laundromat-trump-tower-luxury-high-rises-dirty-money-international-crime-syndicate"
      },
      {
        "datetime": "2017-12-08T17:23:12Z",
        "uri": "http://web.archive.org/web/20171208172312/https://newrepublic.com/article/143586/trumps-russian-laundromat-trump-tower-luxury-high-rises-dirty-money-international-crime-syndicate"
      },
      {
        "datetime": "2017-12-09T04:21:30Z",
        "uri": "http://web.archive.org/web/20171209042130/https://newrepublic.com/article/143586/trumps-russian-laundromat-trump-tower-luxury-high-rises-dirty-money-international-crime-syndicate"
      },
      {
        "datetime": "2017-12-10T04:41:39Z",
        "uri": "http://web.archive.org/web/20171210044139/https://newrepublic.com/article/143586/trumps-russian-laundromat-trump-tower-luxury-high-rises-dirty-money-international-crime-syndicate"
      },
      {
        "datetime": "2017-12-11T06:01:32Z",
        "uri": "http://web.archive.org/web/20171211060132/https://newrepublic.com/article/143586/trumps-russian-laundromat-trump-tower-luxury-high-rises-dirty-money-international-crime-syndicate"
      },
      {
        "datetime": "2017-12-12T05:37:57Z",
        "uri": "http://web.archive.org/web/20171212053757/https://newrepublic.com/article/143586/trumps-russian-laundromat-trump-tower-luxury-high-rises-dirty-money-international-crime-syndicate"
      },
      {
        "datetime": "2017-12-12T17:40:54Z",
        "uri": "http://wayback.archive-it.org/all/20171212174054/https://newrepublic.com/article/143586/trumps-russian-laundromat-trump-tower-luxury-high-rises-dirty-money-international-crime-syndicate"
      },
      {
        "datetime": "2017-12-12T17:40:54Z",
        "uri": "http://web.archive.org/web/20171212174054/https://newrepublic.com/article/143586/trumps-russian-laundromat-trump-tower-luxury-high-rises-dirty-money-international-crime-syndicate"
      },
      {
        "datetime": "2017-12-13T23:20:02Z",
        "uri": "http://web.archive.org/web/20171213232002/https://newrepublic.com/article/143586/trumps-russian-laundromat-trump-tower-luxury-high-rises-dirty-money-international-crime-syndicate"
      },
      {
        "datetime": "2017-12-14T08:51:48Z",
        "uri": "http://web.archive.org/web/20171214085148/https://newrepublic.com/article/143586/trumps-russian-laundromat-trump-tower-luxury-high-rises-dirty-money-international-crime-syndicate"
      },
      {
        "datetime": "2017-12-16T16:17:46Z",
        "uri": "http://web.archive.org/web/20171216161746/https://newrepublic.com/article/143586/trumps-russian-laundromat-trump-tower-luxury-high-rises-dirty-money-international-crime-syndicate"
      },
      {
        "datetime": "2017-12-19T14:49:51Z",
        "uri": "http://web.archive.org/web/20171219144951/https://newrepublic.com/article/143586/trumps-russian-laundromat-trump-tower-luxury-high-rises-dirty-money-international-crime-syndicate"
      },
      {
        "datetime": "2017-12-20T15:20:28Z",
        "uri": "http://web.archive.org/web/20171220152028/https://newrepublic.com/article/143586/trumps-russian-laundromat-trump-tower-luxury-high-rises-dirty-money-international-crime-syndicate"
      },
      {
        "datetime": "2017-12-20T23:53:53Z",
        "uri": "http://web.archive.org/web/20171220235353/https://newrepublic.com/article/143586/trumps-russian-laundromat-trump-tower-luxury-high-rises-dirty-money-international-crime-syndicate"
      },
      {
        "datetime": "2017-12-22T04:42:10Z",
        "uri": "http://web.archive.org/web/20171222044210/https://newrepublic.com/article/143586/trumps-russian-laundromat-trump-tower-luxury-high-rises-dirty-money-international-crime-syndicate"
      },
      {
        "datetime": "2017-12-23T04:47:08Z",
        "uri": "http://web.archive.org/web/20171223044708/https://newrepublic.com/article/143586/trumps-russian-laundromat-trump-tower-luxury-high-rises-dirty-money-international-crime-syndicate"
      },
      {
        "datetime": "2017-12-24T05:51:34Z",
        "uri": "http://wayback.archive-it.org/all/20171224055134/https://newrepublic.com/article/143586/trumps-russian-laundromat-trump-tower-luxury-high-rises-dirty-money-international-crime-syndicate"
      },
      {
        "datetime": "2017-12-24T05:51:34Z",
        "uri": "http://web.archive.org/web/20171224055134/https://newrepublic.com/article/143586/trumps-russian-laundromat-trump-tower-luxury-high-rises-dirty-money-international-crime-syndicate"
      },
      {
        "datetime": "2017-12-24T08:34:17Z",
        "uri": "http://web.archive.org/web/20171224083417/https://newrepublic.com/article/143586/trumps-russian-laundromat-trump-tower-luxury-high-rises-dirty-money-international-crime-syndicate"
      },
      {
        "datetime": "2017-12-24T14:33:05Z",
        "uri": "http://web.archive.org/web/20171224143305/https://newrepublic.com/article/143586/trumps-russian-laundromat-trump-tower-luxury-high-rises-dirty-money-international-crime-syndicate"
      },
      {
        "datetime": "2017-12-24T14:44:11Z",
        "uri": "http://web.archive.org/web/20171224144411/https://newrepublic.com/article/143586/trumps-russian-laundromat-trump-tower-luxury-high-rises-dirty-money-international-crime-syndicate"
      },
      {
        "datetime": "2017-12-24T14:54:16Z",
        "uri": "http://web.archive.org/web/20171224145416/https://newrepublic.com/article/143586/trumps-russian-laundromat-trump-tower-luxury-high-rises-dirty-money-international-crime-syndicate"
      },
      {
        "datetime": "2017-12-26T02:04:03Z",
        "uri": "http://web.archive.org/web/20171226020403/https://newrepublic.com/article/143586/trumps-russian-laundromat-trump-tower-luxury-high-rises-dirty-money-international-crime-syndicate"
      },
      {
        "datetime": "2017-12-27T02:09:29Z",
        "uri": "http://web.archive.org/web/20171227020929/https://newrepublic.com/article/143586/trumps-russian-laundromat-trump-tower-luxury-high-rises-dirty-money-international-crime-syndicate"
      },
      {
        "datetime": "2017-12-27T14:20:09Z",
        "uri": "http://web.archive.org/web/20171227142009/https://newrepublic.com/article/143586/trumps-russian-laundromat-trump-tower-luxury-high-rises-dirty-money-international-crime-syndicate"
      },
      {
        "datetime": "2017-12-28T00:10:31Z",
        "uri": "http://web.archive.org/web/20171228001031/https://newrepublic.com/article/143586/trumps-russian-laundromat-trump-tower-luxury-high-rises-dirty-money-international-crime-syndicate"
      },
      {
        "datetime": "2017-12-28T21:39:14Z",
        "uri": "http://web.archive.org/web/20171228213914/https://newrepublic.com/article/143586/trumps-russian-laundromat-trump-tower-luxury-high-rises-dirty-money-international-crime-syndicate"
      },
      {
        "datetime": "2017-12-29T06:11:17Z",
        "uri": "http://web.archive.org/web/20171229061117/https://newrepublic.com/article/143586/trumps-russian-laundromat-trump-tower-luxury-high-rises-dirty-money-international-crime-syndicate"
      },
      {
        "datetime": "2017-12-30T04:48:04Z",
        "uri": "http://web.archive.org/web/20171230044804/https://newrepublic.com/article/143586/trumps-russian-laundromat-trump-tower-luxury-high-rises-dirty-money-international-crime-syndicate"
      },
      {
        "datetime": "2018-01-01T08:30:53Z",
        "uri": "http://web.archive.org/web/20180101083053/https://newrepublic.com/article/143586/trumps-russian-laundromat-trump-tower-luxury-high-rises-dirty-money-international-crime-syndicate"
      },
      {
        "datetime": "2018-01-03T04:11:02Z",
        "uri": "http://web.archive.org/web/20180103041102/https://newrepublic.com/article/143586/trumps-russian-laundromat-trump-tower-luxury-high-rises-dirty-money-international-crime-syndicate"
      },
      {
        "datetime": "2018-01-04T00:38:26Z",
        "uri": "http://web.archive.org/web/20180104003826/https://newrepublic.com/article/143586/trumps-russian-laundromat-trump-tower-luxury-high-rises-dirty-money-international-crime-syndicate"
      },
      {
        "datetime": "2018-01-04T11:16:19Z",
        "uri": "http://web.archive.org/web/20180104111619/https://newrepublic.com/article/143586/trumps-russian-laundromat-trump-tower-luxury-high-rises-dirty-money-international-crime-syndicate"
      },
      {
        "datetime": "2018-01-05T08:54:21Z",
        "uri": "http://web.archive.org/web/20180105085421/https://newrepublic.com/article/143586/trumps-russian-laundromat-trump-tower-luxury-high-rises-dirty-money-international-crime-syndicate"
      },
      {
        "datetime": "2018-01-07T11:05:21Z",
        "uri": "http://web.archive.org/web/20180107110521/https://newrepublic.com/article/143586/trumps-russian-laundromat-trump-tower-luxury-high-rises-dirty-money-international-crime-syndicate"
      },
      {
        "datetime": "2018-01-08T12:30:02Z",
        "uri": "http://web.archive.org/web/20180108123002/https://newrepublic.com/article/143586/trumps-russian-laundromat-trump-tower-luxury-high-rises-dirty-money-international-crime-syndicate"
      },
      {
        "datetime": "2018-01-10T18:04:32Z",
        "uri": "http://web.archive.org/web/20180110180432/https://newrepublic.com/article/143586/trumps-russian-laundromat-trump-tower-luxury-high-rises-dirty-money-international-crime-syndicate"
      },
      {
        "datetime": "2018-01-11T00:50:17Z",
        "uri": "http://web.archive.org/web/20180111005017/https://newrepublic.com/article/143586/trumps-russian-laundromat-trump-tower-luxury-high-rises-dirty-money-international-crime-syndicate"
      },
      {
        "datetime": "2018-01-18T01:27:31Z",
        "uri": "http://web.archive.org/web/20180118012731/https://newrepublic.com/article/143586/trumps-russian-laundromat-trump-tower-luxury-high-rises-dirty-money-international-crime-syndicate"
      },
      {
        "datetime": "2018-01-20T17:07:26Z",
        "uri": "http://web.archive.org/web/20180120170726/https://newrepublic.com/article/143586/trumps-russian-laundromat-trump-tower-luxury-high-rises-dirty-money-international-crime-syndicate"
      },
      {
        "datetime": "2018-01-21T17:11:05Z",
        "uri": "http://web.archive.org/web/20180121171105/https://newrepublic.com/article/143586/trumps-russian-laundromat-trump-tower-luxury-high-rises-dirty-money-international-crime-syndicate"
      },
      {
        "datetime": "2018-01-21T17:26:06Z",
        "uri": "http://web.archive.org/web/20180121172606/https://newrepublic.com/article/143586/trumps-russian-laundromat-trump-tower-luxury-high-rises-dirty-money-international-crime-syndicate"
      },
      {
        "datetime": "2018-01-22T17:50:38Z",
        "uri": "http://web.archive.org/web/20180122175038/https://newrepublic.com/article/143586/trumps-russian-laundromat-trump-tower-luxury-high-rises-dirty-money-international-crime-syndicate"
      },
      {
        "datetime": "2018-01-23T18:33:15Z",
        "uri": "http://web.archive.org/web/20180123183315/https://newrepublic.com/article/143586/trumps-russian-laundromat-trump-tower-luxury-high-rises-dirty-money-international-crime-syndicate"
      },
      {
        "datetime": "2018-01-23T20:55:52Z",
        "uri": "http://wayback.archive-it.org/all/20180123205552/https://newrepublic.com/article/143586/trumps-russian-laundromat-trump-tower-luxury-high-rises-dirty-money-international-crime-syndicate"
      },
      {
        "datetime": "2018-01-23T20:55:52Z",
        "uri": "http://web.archive.org/web/20180123205552/https://newrepublic.com/article/143586/trumps-russian-laundromat-trump-tower-luxury-high-rises-dirty-money-international-crime-syndicate"
      },
      {
        "datetime": "2018-01-23T21:09:23Z",
        "uri": "http://wayback.archive-it.org/all/20180123210923/https://newrepublic.com/article/143586/trumps-russian-laundromat-trump-tower-luxury-high-rises-dirty-money-international-crime-syndicate"
      },
      {
        "datetime": "2018-01-23T21:09:23Z",
        "uri": "http://web.archive.org/web/20180123210923/https://newrepublic.com/article/143586/trumps-russian-laundromat-trump-tower-luxury-high-rises-dirty-money-international-crime-syndicate"
      },
      {
        "datetime": "2018-01-24T18:52:08Z",
        "uri": "http://web.archive.org/web/20180124185208/https://newrepublic.com/article/143586/trumps-russian-laundromat-trump-tower-luxury-high-rises-dirty-money-international-crime-syndicate"
      },
      {
        "datetime": "2018-01-25T01:57:27Z",
        "uri": "http://web.archive.org/web/20180125015727/https://newrepublic.com/article/143586/trumps-russian-laundromat-trump-tower-luxury-high-rises-dirty-money-international-crime-syndicate"
      },
      {
        "datetime": "2018-01-25T10:00:34Z",
        "uri": "http://web.archive.org/web/20180125100034/https://newrepublic.com/article/143586/trumps-russian-laundromat-trump-tower-luxury-high-rises-dirty-money-international-crime-syndicate"
      },
      {
        "datetime": "2018-01-25T19:18:09Z",
        "uri": "http://web.archive.org/web/20180125191809/https://newrepublic.com/article/143586/trumps-russian-laundromat-trump-tower-luxury-high-rises-dirty-money-international-crime-syndicate"
      },
      {
        "datetime": "2018-01-26T19:47:51Z",
        "uri": "http://web.archive.org/web/20180126194751/https://newrepublic.com/article/143586/trumps-russian-laundromat-trump-tower-luxury-high-rises-dirty-money-international-crime-syndicate"
      },
      {
        "datetime": "2018-01-27T20:32:11Z",
        "uri": "http://web.archive.org/web/20180127203211/https://newrepublic.com/article/143586/trumps-russian-laundromat-trump-tower-luxury-high-rises-dirty-money-international-crime-syndicate"
      },
      {
        "datetime": "2018-01-27T23:20:51Z",
        "uri": "http://web.archive.org/web/20180127232051/https://newrepublic.com/article/143586/trumps-russian-laundromat-trump-tower-luxury-high-rises-dirty-money-international-crime-syndicate"
      },
      {
        "datetime": "2018-01-28T21:40:26Z",
        "uri": "http://web.archive.org/web/20180128214026/https://newrepublic.com/article/143586/trumps-russian-laundromat-trump-tower-luxury-high-rises-dirty-money-international-crime-syndicate"
      },
      {
        "datetime": "2018-01-30T15:44:52Z",
        "uri": "http://web.archive.org/web/20180130154452/https://newrepublic.com/article/143586/trumps-russian-laundromat-trump-tower-luxury-high-rises-dirty-money-international-crime-syndicate"
      },
      {
        "datetime": "2018-02-01T00:55:22Z",
        "uri": "http://web.archive.org/web/20180201005522/https://newrepublic.com/article/143586/trumps-russian-laundromat-trump-tower-luxury-high-rises-dirty-money-international-crime-syndicate"
      },
      {
        "datetime": "2018-02-01T02:31:43Z",
        "uri": "http://web.archive.org/web/20180201023143/https://newrepublic.com/article/143586/trumps-russian-laundromat-trump-tower-luxury-high-rises-dirty-money-international-crime-syndicate"
      },
      {
        "datetime": "2018-02-02T01:04:51Z",
        "uri": "http://web.archive.org/web/20180202010451/https://newrepublic.com/article/143586/trumps-russian-laundromat-trump-tower-luxury-high-rises-dirty-money-international-crime-syndicate"
      }
    ],
    "first": {
      "datetime": "2017-07-13T12:16:24Z",
      "uri": "http://archive.is/20170713121624/https://newrepublic.com/article/143586/trumps-russian-laundromat-trump-tower-luxury-high-rises-dirty-money-international-crime-syndicate"
    },
    "last": {
      "datetime": "2018-02-02T01:04:51Z",
      "uri": "http://web.archive.org/web/20180202010451/https://newrepublic.com/article/143586/trumps-russian-laundromat-trump-tower-luxury-high-rises-dirty-money-international-crime-syndicate"
    }
  },
  "timemap_uri": {
    "link_format": "https://memgator.cs.odu.edu/timemap/link/https://newrepublic.com/article/143586/trumps-russian-laundromat-trump-tower-luxury-high-rises-dirty-money-international-crime-syndicate",
    "json_format": "https://memgator.cs.odu.edu/timemap/json/https://newrepublic.com/article/143586/trumps-russian-laundromat-trump-tower-luxury-high-rises-dirty-money-international-crime-syndicate",
    "cdxj_format": "https://memgator.cs.odu.edu/timemap/cdxj/https://newrepublic.com/article/143586/trumps-russian-laundromat-trump-tower-luxury-high-rises-dirty-money-international-crime-syndicate"
  },
  "timegate_uri": "https://memgator.cs.odu.edu/timegate/https://newrepublic.com/article/143586/trumps-russian-laundromat-trump-tower-luxury-high-rises-dirty-money-international-crime-syndicate"
}