{
  "original_uri": "https://www.wsj.com/articles/trump-makes-quick-work-of-re-election-fundraising-1517515120?tesla=y",
  "self": "https://memgator.cs.odu.edu/timemap/json/https://www.wsj.com/articles/trump-makes-quick-work-of-re-election-fundraising-1517515120?tesla=y",
  "mementos": {
    "list": [
      {
        "datetime": "2018-02-01T20:50:37Z",
        "uri": "http://web.archive.org/web/20180201205037/http://www.wsj.com/articles/trump-makes-quick-work-of-re-election-fundraising-1517515120?tesla=y"
      },
      {
        "datetime": "2018-02-01T20:50:40Z",
        "uri": "http://web.archive.org/web/20180201205040/https://www.wsj.com/articles/trump-makes-quick-work-of-re-election-fundraising-1517515120?tesla=y"
      },
      {
        "datetime": "2018-02-01T21:56:36Z",
        "uri": "http://web.archive.org/web/20180201215636/http://www.wsj.com/articles/trump-makes-quick-work-of-re-election-fundraising-1517515120?tesla=y"
      },
      {
        "datetime": "2018-02-01T21:56:37Z",
        "uri": "http://web.archive.org/web/20180201215637/https://www.wsj.com/articles/trump-makes-quick-work-of-re-election-fundraising-1517515120?tesla=y"
      },
      {
        "datetime": "2018-02-03T00:24:24Z",
        "uri": "http://web.archive.org/web/20180203002424/http://www.wsj.com/articles/trump-makes-quick-work-of-re-election-fundraising-1517515120?tesla=y"
      },
      {
        "datetime": "2018-02-03T00:24:36Z",
        "uri": "http://web.archive.org/web/20180203002436/https://www.wsj.com/articles/trump-makes-quick-work-of-re-election-fundraising-1517515120?tesla=y"
      }
    ],
    "first": {
      "datetime": "2018-02-01T20:50:37Z",
      "uri": "http://web.archive.org/web/20180201205037/http://www.wsj.com/articles/trump-makes-quick-work-of-re-election-fundraising-1517515120?tesla=y"
    },
    "last": {
      "datetime": "2018-02-03T00:24:36Z",
      "uri": "http://web.archive.org/web/20180203002436/https://www.wsj.com/articles/trump-makes-quick-work-of-re-election-fundraising-1517515120?tesla=y"
    }
  },
  "timemap_uri": {
    "link_format": "https://memgator.cs.odu.edu/timemap/link/https://www.wsj.com/articles/trump-makes-quick-work-of-re-election-fundraising-1517515120?tesla=y",
    "json_format": "https://memgator.cs.odu.edu/timemap/json/https://www.wsj.com/articles/trump-makes-quick-work-of-re-election-fundraising-1517515120?tesla=y",
    "cdxj_format": "https://memgator.cs.odu.edu/timemap/cdxj/https://www.wsj.com/articles/trump-makes-quick-work-of-re-election-fundraising-1517515120?tesla=y"
  },
  "timegate_uri": "https://memgator.cs.odu.edu/timegate/https://www.wsj.com/articles/trump-makes-quick-work-of-re-election-fundraising-1517515120?tesla=y"
}