{
  "original_uri": "https://www.desmog.uk/2018/01/28/donald-trump-piers-morgan-interview-climate-denial-rebekah-robert-mercer",
  "self": "https://memgator.cs.odu.edu/timemap/json/https://www.desmog.uk/2018/01/28/donald-trump-piers-morgan-interview-climate-denial-rebekah-robert-mercer",
  "mementos": {
    "list": [
      {
        "datetime": "2018-02-02T23:47:27Z",
        "uri": "http://web.archive.org/web/20180202234727/https://www.desmog.uk/2018/01/28/donald-trump-piers-morgan-interview-climate-denial-rebekah-robert-mercer"
      }
    ],
    "first": {
      "datetime": "2018-02-02T23:47:27Z",
      "uri": "http://web.archive.org/web/20180202234727/https://www.desmog.uk/2018/01/28/donald-trump-piers-morgan-interview-climate-denial-rebekah-robert-mercer"
    },
    "last": {
      "datetime": "2018-02-02T23:47:27Z",
      "uri": "http://web.archive.org/web/20180202234727/https://www.desmog.uk/2018/01/28/donald-trump-piers-morgan-interview-climate-denial-rebekah-robert-mercer"
    }
  },
  "timemap_uri": {
    "link_format": "https://memgator.cs.odu.edu/timemap/link/https://www.desmog.uk/2018/01/28/donald-trump-piers-morgan-interview-climate-denial-rebekah-robert-mercer",
    "json_format": "https://memgator.cs.odu.edu/timemap/json/https://www.desmog.uk/2018/01/28/donald-trump-piers-morgan-interview-climate-denial-rebekah-robert-mercer",
    "cdxj_format": "https://memgator.cs.odu.edu/timemap/cdxj/https://www.desmog.uk/2018/01/28/donald-trump-piers-morgan-interview-climate-denial-rebekah-robert-mercer"
  },
  "timegate_uri": "https://memgator.cs.odu.edu/timegate/https://www.desmog.uk/2018/01/28/donald-trump-piers-morgan-interview-climate-denial-rebekah-robert-mercer"
}