{
  "original_uri": "https://news.sanook.com/5198290/",
  "self": "https://memgator.cs.odu.edu/timemap/json/https://news.sanook.com/5198290/",
  "mementos": {
    "list": [
      {
        "datetime": "2018-02-02T06:32:53Z",
        "uri": "http://web.archive.org/web/20180202063253/https://news.sanook.com/5198290/"
      },
      {
        "datetime": "2018-02-02T06:41:25Z",
        "uri": "http://web.archive.org/web/20180202064125/https://news.sanook.com/5198290/"
      }
    ],
    "first": {
      "datetime": "2018-02-02T06:32:53Z",
      "uri": "http://web.archive.org/web/20180202063253/https://news.sanook.com/5198290/"
    },
    "last": {
      "datetime": "2018-02-02T06:41:25Z",
      "uri": "http://web.archive.org/web/20180202064125/https://news.sanook.com/5198290/"
    }
  },
  "timemap_uri": {
    "link_format": "https://memgator.cs.odu.edu/timemap/link/https://news.sanook.com/5198290/",
    "json_format": "https://memgator.cs.odu.edu/timemap/json/https://news.sanook.com/5198290/",
    "cdxj_format": "https://memgator.cs.odu.edu/timemap/cdxj/https://news.sanook.com/5198290/"
  },
  "timegate_uri": "https://memgator.cs.odu.edu/timegate/https://news.sanook.com/5198290/"
}