{
  "original_uri": "http://https://gigazine.net/news/20180131-super-mario-infamous-stage/",
  "self": "https://memgator.cs.odu.edu/timemap/json/http://https://gigazine.net/news/20180131-super-mario-infamous-stage/",
  "mementos": {
    "list": [
      {
        "datetime": "2018-02-01T00:05:05Z",
        "uri": "http://web.archive.org/web/20180201000505/http://gigazine.net/news/20180131-super-mario-infamous-stage/"
      },
      {
        "datetime": "2018-02-01T00:15:25Z",
        "uri": "http://web.archive.org/web/20180201001525/https://gigazine.net/news/20180131-super-mario-infamous-stage/"
      },
      {
        "datetime": "2018-02-01T03:12:56Z",
        "uri": "http://web.archive.org/web/20180201031256/http://gigazine.net/news/20180131-super-mario-infamous-stage/"
      },
      {
        "datetime": "2018-02-01T06:04:07Z",
        "uri": "http://web.archive.org/web/20180201060407/http://gigazine.net/news/20180131-super-mario-infamous-stage/"
      },
      {
        "datetime": "2018-02-01T08:06:34Z",
        "uri": "http://web.archive.org/web/20180201080634/http://gigazine.net/news/20180131-super-mario-infamous-stage/"
      },
      {
        "datetime": "2018-02-01T09:48:38Z",
        "uri": "http://web.archive.org/web/20180201094838/http://gigazine.net/news/20180131-super-mario-infamous-stage/"
      }
    ],
    "first": {
      "datetime": "2018-02-01T00:05:05Z",
      "uri": "http://web.archive.org/web/20180201000505/http://gigazine.net/news/20180131-super-mario-infamous-stage/"
    },
    "last": {
      "datetime": "2018-02-01T09:48:38Z",
      "uri": "http://web.archive.org/web/20180201094838/http://gigazine.net/news/20180131-super-mario-infamous-stage/"
    }
  },
  "timemap_uri": {
    "link_format": "https://memgator.cs.odu.edu/timemap/link/http://https://gigazine.net/news/20180131-super-mario-infamous-stage/",
    "json_format": "https://memgator.cs.odu.edu/timemap/json/http://https://gigazine.net/news/20180131-super-mario-infamous-stage/",
    "cdxj_format": "https://memgator.cs.odu.edu/timemap/cdxj/http://https://gigazine.net/news/20180131-super-mario-infamous-stage/"
  },
  "timegate_uri": "https://memgator.cs.odu.edu/timegate/http://https://gigazine.net/news/20180131-super-mario-infamous-stage/"
}