{
  "original_uri": "http://missofcircle.com/entrants/0168",
  "self": "https://memgator.cs.odu.edu/timemap/json/http://missofcircle.com/entrants/0168",
  "mementos": {
    "list": [
      {
        "datetime": "2017-12-29T15:00:34Z",
        "uri": "http://web.archive.org/web/20171229150034/http://missofcircle.com/entrants/0168"
      },
      {
        "datetime": "2017-12-30T19:50:59Z",
        "uri": "http://web.archive.org/web/20171230195059/http://missofcircle.com/entrants/0168"
      },
      {
        "datetime": "2018-01-03T01:17:20Z",
        "uri": "http://web.archive.org/web/20180103011720/http://missofcircle.com/entrants/0168"
      },
      {
        "datetime": "2018-01-03T06:35:53Z",
        "uri": "http://web.archive.org/web/20180103063553/http://missofcircle.com/entrants/0168"
      },
      {
        "datetime": "2018-01-03T07:40:00Z",
        "uri": "http://web.archive.org/web/20180103074000/http://missofcircle.com/entrants/0168"
      },
      {
        "datetime": "2018-01-04T00:35:47Z",
        "uri": "http://web.archive.org/web/20180104003547/http://missofcircle.com/entrants/0168"
      },
      {
        "datetime": "2018-01-21T08:09:47Z",
        "uri": "http://web.archive.org/web/20180121080947/http://missofcircle.com/entrants/0168"
      }
    ],
    "first": {
      "datetime": "2017-12-29T15:00:34Z",
      "uri": "http://web.archive.org/web/20171229150034/http://missofcircle.com/entrants/0168"
    },
    "last": {
      "datetime": "2018-01-21T08:09:47Z",
      "uri": "http://web.archive.org/web/20180121080947/http://missofcircle.com/entrants/0168"
    }
  },
  "timemap_uri": {
    "link_format": "https://memgator.cs.odu.edu/timemap/link/http://missofcircle.com/entrants/0168",
    "json_format": "https://memgator.cs.odu.edu/timemap/json/http://missofcircle.com/entrants/0168",
    "cdxj_format": "https://memgator.cs.odu.edu/timemap/cdxj/http://missofcircle.com/entrants/0168"
  },
  "timegate_uri": "https://memgator.cs.odu.edu/timegate/http://missofcircle.com/entrants/0168"
}