{
  "original_uri": "http://plugin.01net.com/pop/le-film-super-mario-est-officiel-et-sera-coproduit-par-shigeru-miyamoto-1363372.html",
  "self": "https://memgator.cs.odu.edu/timemap/json/http://plugin.01net.com/pop/le-film-super-mario-est-officiel-et-sera-coproduit-par-shigeru-miyamoto-1363372.html",
  "mementos": {
    "list": [
      {
        "datetime": "2018-02-01T13:05:02Z",
        "uri": "http://web.archive.org/web/20180201130502/http://plugin.01net.com/pop/le-film-super-mario-est-officiel-et-sera-coproduit-par-shigeru-miyamoto-1363372.html"
      }
    ],
    "first": {
      "datetime": "2018-02-01T13:05:02Z",
      "uri": "http://web.archive.org/web/20180201130502/http://plugin.01net.com/pop/le-film-super-mario-est-officiel-et-sera-coproduit-par-shigeru-miyamoto-1363372.html"
    },
    "last": {
      "datetime": "2018-02-01T13:05:02Z",
      "uri": "http://web.archive.org/web/20180201130502/http://plugin.01net.com/pop/le-film-super-mario-est-officiel-et-sera-coproduit-par-shigeru-miyamoto-1363372.html"
    }
  },
  "timemap_uri": {
    "link_format": "https://memgator.cs.odu.edu/timemap/link/http://plugin.01net.com/pop/le-film-super-mario-est-officiel-et-sera-coproduit-par-shigeru-miyamoto-1363372.html",
    "json_format": "https://memgator.cs.odu.edu/timemap/json/http://plugin.01net.com/pop/le-film-super-mario-est-officiel-et-sera-coproduit-par-shigeru-miyamoto-1363372.html",
    "cdxj_format": "https://memgator.cs.odu.edu/timemap/cdxj/http://plugin.01net.com/pop/le-film-super-mario-est-officiel-et-sera-coproduit-par-shigeru-miyamoto-1363372.html"
  },
  "timegate_uri": "https://memgator.cs.odu.edu/timegate/http://plugin.01net.com/pop/le-film-super-mario-est-officiel-et-sera-coproduit-par-shigeru-miyamoto-1363372.html"
}