{
  "original_uri": "https://www.allkpop.com/article/2018/02/dazed-teases-more-single-cuts-of-taeyang-min-hyo-rins-wedding-pictorial-in-hawaii",
  "self": "https://memgator.cs.odu.edu/timemap/json/https://www.allkpop.com/article/2018/02/dazed-teases-more-single-cuts-of-taeyang-min-hyo-rins-wedding-pictorial-in-hawaii",
  "mementos": {
    "list": [
      {
        "datetime": "2018-02-02T05:21:13Z",
        "uri": "http://web.archive.org/web/20180202052113/https://www.allkpop.com/article/2018/02/dazed-teases-more-single-cuts-of-taeyang-min-hyo-rins-wedding-pictorial-in-hawaii"
      },
      {
        "datetime": "2018-02-03T02:28:39Z",
        "uri": "http://web.archive.org/web/20180203022839/https://www.allkpop.com/article/2018/02/dazed-teases-more-single-cuts-of-taeyang-min-hyo-rins-wedding-pictorial-in-hawaii"
      }
    ],
    "first": {
      "datetime": "2018-02-02T05:21:13Z",
      "uri": "http://web.archive.org/web/20180202052113/https://www.allkpop.com/article/2018/02/dazed-teases-more-single-cuts-of-taeyang-min-hyo-rins-wedding-pictorial-in-hawaii"
    },
    "last": {
      "datetime": "2018-02-03T02:28:39Z",
      "uri": "http://web.archive.org/web/20180203022839/https://www.allkpop.com/article/2018/02/dazed-teases-more-single-cuts-of-taeyang-min-hyo-rins-wedding-pictorial-in-hawaii"
    }
  },
  "timemap_uri": {
    "link_format": "https://memgator.cs.odu.edu/timemap/link/https://www.allkpop.com/article/2018/02/dazed-teases-more-single-cuts-of-taeyang-min-hyo-rins-wedding-pictorial-in-hawaii",
    "json_format": "https://memgator.cs.odu.edu/timemap/json/https://www.allkpop.com/article/2018/02/dazed-teases-more-single-cuts-of-taeyang-min-hyo-rins-wedding-pictorial-in-hawaii",
    "cdxj_format": "https://memgator.cs.odu.edu/timemap/cdxj/https://www.allkpop.com/article/2018/02/dazed-teases-more-single-cuts-of-taeyang-min-hyo-rins-wedding-pictorial-in-hawaii"
  },
  "timegate_uri": "https://memgator.cs.odu.edu/timegate/https://www.allkpop.com/article/2018/02/dazed-teases-more-single-cuts-of-taeyang-min-hyo-rins-wedding-pictorial-in-hawaii"
}