{
  "original_uri": "http://www.msnbc.com/all-in/watch/is-it-really-cj-and-dj-donald-trump-1150865987583",
  "self": "https://memgator.cs.odu.edu/timemap/json/http://www.msnbc.com/all-in/watch/is-it-really-cj-and-dj-donald-trump-1150865987583",
  "mementos": {
    "list": [
      {
        "datetime": "2018-02-01T02:24:10Z",
        "uri": "http://web.archive.org/web/20180201022410/http://www.msnbc.com/all-in/watch/is-it-really-cj-and-dj-donald-trump-1150865987583"
      },
      {
        "datetime": "2018-02-01T02:24:33Z",
        "uri": "http://web.archive.org/web/20180201022433/https://www.msnbc.com/all-in/watch/is-it-really-cj-and-dj-donald-trump-1150865987583"
      }
    ],
    "first": {
      "datetime": "2018-02-01T02:24:10Z",
      "uri": "http://web.archive.org/web/20180201022410/http://www.msnbc.com/all-in/watch/is-it-really-cj-and-dj-donald-trump-1150865987583"
    },
    "last": {
      "datetime": "2018-02-01T02:24:33Z",
      "uri": "http://web.archive.org/web/20180201022433/https://www.msnbc.com/all-in/watch/is-it-really-cj-and-dj-donald-trump-1150865987583"
    }
  },
  "timemap_uri": {
    "link_format": "https://memgator.cs.odu.edu/timemap/link/http://www.msnbc.com/all-in/watch/is-it-really-cj-and-dj-donald-trump-1150865987583",
    "json_format": "https://memgator.cs.odu.edu/timemap/json/http://www.msnbc.com/all-in/watch/is-it-really-cj-and-dj-donald-trump-1150865987583",
    "cdxj_format": "https://memgator.cs.odu.edu/timemap/cdxj/http://www.msnbc.com/all-in/watch/is-it-really-cj-and-dj-donald-trump-1150865987583"
  },
  "timegate_uri": "https://memgator.cs.odu.edu/timegate/http://www.msnbc.com/all-in/watch/is-it-really-cj-and-dj-donald-trump-1150865987583"
}