{
  "original_uri": "http://bieber-news.com",
  "self": "https://memgator.cs.odu.edu/timemap/json/http://bieber-news.com",
  "mementos": {
    "list": [
      {
        "datetime": "2012-01-18T08:45:49Z",
        "uri": "http://web.archive.org/web/20120118084549/http://www.bieber-news.com:80/"
      },
      {
        "datetime": "2012-01-18T08:45:49Z",
        "uri": "http://web.archive.org/web/20120118084549/http://bieber-news.com:80/"
      },
      {
        "datetime": "2012-04-04T20:51:37Z",
        "uri": "http://web.archive.org/web/20120404205137/http://bieber-news.com:80/"
      },
      {
        "datetime": "2012-04-10T00:23:54Z",
        "uri": "http://web.archive.org/web/20120410002354/http://bieber-news.com/"
      },
      {
        "datetime": "2012-04-12T03:01:42Z",
        "uri": "http://web.archive.org/web/20120412030142/http://bieber-news.com/"
      },
      {
        "datetime": "2012-04-15T03:39:33Z",
        "uri": "http://web.archive.org/web/20120415033933/http://bieber-news.com:80/"
      },
      {
        "datetime": "2012-04-20T01:14:07Z",
        "uri": "http://web.archive.org/web/20120420011407/http://bieber-news.com:80/?"
      },
      {
        "datetime": "2012-04-29T23:23:02Z",
        "uri": "http://web.archive.org/web/20120429232302/http://bieber-news.com:80/"
      },
      {
        "datetime": "2012-05-01T18:22:33Z",
        "uri": "http://web.archive.org/web/20120501182233/http://bieber-news.com/"
      },
      {
        "datetime": "2012-05-02T03:04:40Z",
        "uri": "http://web.archive.org/web/20120502030440/http://bieber-news.com/"
      },
      {
        "datetime": "2012-05-25T02:34:29Z",
        "uri": "http://web.archive.org/web/20120525023429/http://bieber-news.com:80/"
      },
      {
        "datetime": "2012-06-05T12:39:48Z",
        "uri": "http://web.archive.org/web/20120605123948/http://bieber-news.com:80/"
      },
      {
        "datetime": "2012-06-17T15:52:16Z",
        "uri": "http://web.archive.org/web/20120617155216/http://bieber-news.com:80/"
      },
      {
        "datetime": "2012-07-11T15:51:08Z",
        "uri": "http://web.archive.org/web/20120711155108/http://bieber-news.com:80/"
      },
      {
        "datetime": "2012-07-19T04:47:39Z",
        "uri": "http://web.archive.org/web/20120719044739/http://bieber-news.com:80/?"
      },
      {
        "datetime": "2012-07-24T05:10:40Z",
        "uri": "http://web.archive.org/web/20120724051040/http://bieber-news.com/"
      },
      {
        "datetime": "2012-09-04T06:41:05Z",
        "uri": "http://web.archive.org/web/20120904064105/http://bieber-news.com/"
      },
      {
        "datetime": "2012-09-07T22:10:04Z",
        "uri": "http://wayback.archive-it.org/all/20120907221004/http://bieber-news.com/"
      },
      {
        "datetime": "2012-09-07T22:10:04Z",
        "uri": "http://web.archive.org/web/20120907221004/http://bieber-news.com/"
      },
      {
        "datetime": "2012-09-19T00:46:55Z",
        "uri": "http://web.archive.org/web/20120919004655/http://bieber-news.com/"
      },
      {
        "datetime": "2012-09-19T18:55:29Z",
        "uri": "http://web.archive.org/web/20120919185529/http://bieber-news.com/"
      },
      {
        "datetime": "2012-10-11T13:58:53Z",
        "uri": "http://web.archive.org/web/20121011135853/http://bieber-news.com/"
      },
      {
        "datetime": "2012-12-01T01:10:04Z",
        "uri": "http://web.archive.org/web/20121201011004/http://bieber-news.com/"
      },
      {
        "datetime": "2012-12-06T12:55:02Z",
        "uri": "http://web.archive.org/web/20121206125502/http://bieber-news.com/"
      },
      {
        "datetime": "2012-12-07T08:33:58Z",
        "uri": "http://web.archive.org/web/20121207083358/http://bieber-news.com/"
      },
      {
        "datetime": "2012-12-20T05:49:11Z",
        "uri": "http://web.archive.org/web/20121220054911/http://bieber-news.com/"
      },
      {
        "datetime": "2012-12-20T15:28:10Z",
        "uri": "http://web.archive.org/web/20121220152810/http://bieber-news.com/"
      },
      {
        "datetime": "2012-12-23T02:42:25Z",
        "uri": "http://web.archive.org/web/20121223024225/http://bieber-news.com/"
      },
      {
        "datetime": "2012-12-23T14:40:53Z",
        "uri": "http://web.archive.org/web/20121223144053/http://bieber-news.com/"
      },
      {
        "datetime": "2012-12-27T17:46:38Z",
        "uri": "http://web.archive.org/web/20121227174638/http://bieber-news.com/"
      },
      {
        "datetime": "2013-01-01T11:28:12Z",
        "uri": "http://web.archive.org/web/20130101112812/http://bieber-news.com/"
      },
      {
        "datetime": "2013-01-03T01:33:00Z",
        "uri": "http://web.archive.org/web/20130103013300/http://bieber-news.com/"
      },
      {
        "datetime": "2013-01-05T04:03:04Z",
        "uri": "http://web.archive.org/web/20130105040304/http://bieber-news.com/"
      },
      {
        "datetime": "2013-01-10T14:28:49Z",
        "uri": "http://web.archive.org/web/20130110142849/http://bieber-news.com/"
      },
      {
        "datetime": "2013-01-11T20:30:09Z",
        "uri": "http://web.archive.org/web/20130111203009/http://bieber-news.com/"
      },
      {
        "datetime": "2013-01-13T02:30:16Z",
        "uri": "http://web.archive.org/web/20130113023016/http://bieber-news.com/"
      },
      {
        "datetime": "2013-01-15T06:15:50Z",
        "uri": "http://web.archive.org/web/20130115061550/http://bieber-news.com/"
      },
      {
        "datetime": "2013-01-15T23:19:40Z",
        "uri": "http://web.archive.org/web/20130115231940/http://bieber-news.com/"
      },
      {
        "datetime": "2013-01-18T17:07:49Z",
        "uri": "http://web.archive.org/web/20130118170749/http://bieber-news.com/"
      },
      {
        "datetime": "2013-01-20T00:35:59Z",
        "uri": "http://web.archive.org/web/20130120003559/http://bieber-news.com/"
      },
      {
        "datetime": "2013-01-28T08:10:42Z",
        "uri": "http://web.archive.org/web/20130128081042/http://bieber-news.com/"
      },
      {
        "datetime": "2013-01-29T14:01:07Z",
        "uri": "http://web.archive.org/web/20130129140107/http://bieber-news.com/"
      },
      {
        "datetime": "2013-02-03T04:19:22Z",
        "uri": "http://web.archive.org/web/20130203041922/http://bieber-news.com/"
      },
      {
        "datetime": "2013-02-03T18:51:32Z",
        "uri": "http://web.archive.org/web/20130203185132/http://bieber-news.com/"
      },
      {
        "datetime": "2013-02-05T08:35:10Z",
        "uri": "http://web.archive.org/web/20130205083510/http://bieber-news.com/"
      },
      {
        "datetime": "2013-02-08T10:06:50Z",
        "uri": "http://web.archive.org/web/20130208100650/http://bieber-news.com/"
      },
      {
        "datetime": "2013-02-16T01:49:40Z",
        "uri": "http://web.archive.org/web/20130216014940/http://bieber-news.com/"
      },
      {
        "datetime": "2013-02-17T01:18:04Z",
        "uri": "http://web.archive.org/web/20130217011804/http://bieber-news.com/"
      },
      {
        "datetime": "2013-02-22T15:43:17Z",
        "uri": "http://web.archive.org/web/20130222154317/http://bieber-news.com/"
      },
      {
        "datetime": "2013-02-24T06:29:19Z",
        "uri": "http://web.archive.org/web/20130224062919/http://bieber-news.com/"
      },
      {
        "datetime": "2013-02-24T17:04:37Z",
        "uri": "http://web.archive.org/web/20130224170437/http://bieber-news.com/"
      },
      {
        "datetime": "2013-02-25T22:05:02Z",
        "uri": "http://web.archive.org/web/20130225220502/http://bieber-news.com/"
      },
      {
        "datetime": "2013-02-27T05:17:51Z",
        "uri": "http://web.archive.org/web/20130227051751/http://bieber-news.com/"
      },
      {
        "datetime": "2013-02-28T16:09:24Z",
        "uri": "http://web.archive.org/web/20130228160924/http://bieber-news.com/"
      },
      {
        "datetime": "2013-03-01T21:29:46Z",
        "uri": "http://web.archive.org/web/20130301212946/http://bieber-news.com/"
      },
      {
        "datetime": "2013-03-01T23:36:14Z",
        "uri": "http://web.archive.org/web/20130301233614/http://bieber-news.com/"
      },
      {
        "datetime": "2013-03-02T00:58:54Z",
        "uri": "http://web.archive.org/web/20130302005854/http://bieber-news.com/"
      },
      {
        "datetime": "2013-03-02T19:20:04Z",
        "uri": "http://web.archive.org/web/20130302192004/http://bieber-news.com/"
      },
      {
        "datetime": "2013-03-04T14:15:05Z",
        "uri": "http://web.archive.org/web/20130304141505/http://bieber-news.com/"
      },
      {
        "datetime": "2013-03-15T11:02:00Z",
        "uri": "http://web.archive.org/web/20130315110200/http://bieber-news.com/"
      },
      {
        "datetime": "2013-03-16T12:34:30Z",
        "uri": "http://web.archive.org/web/20130316123430/http://bieber-news.com/"
      },
      {
        "datetime": "2013-03-17T12:20:06Z",
        "uri": "http://web.archive.org/web/20130317122006/http://bieber-news.com/"
      },
      {
        "datetime": "2013-03-18T02:20:17Z",
        "uri": "http://wayback.vefsafn.is/wayback/20130318022017/http://bieber-news.com/"
      },
      {
        "datetime": "2013-03-18T06:20:08Z",
        "uri": "http://web.archive.org/web/20130318062008/http://bieber-news.com/"
      },
      {
        "datetime": "2013-03-20T21:40:07Z",
        "uri": "http://web.archive.org/web/20130320214007/http://bieber-news.com/"
      },
      {
        "datetime": "2013-03-27T12:10:40Z",
        "uri": "http://web.archive.org/web/20130327121040/http://bieber-news.com/"
      },
      {
        "datetime": "2013-03-28T22:58:16Z",
        "uri": "http://web.archive.org/web/20130328225816/http://bieber-news.com/"
      },
      {
        "datetime": "2013-04-01T22:51:43Z",
        "uri": "http://web.archive.org/web/20130401225143/http://bieber-news.com/"
      },
      {
        "datetime": "2013-04-02T13:56:05Z",
        "uri": "http://web.archive.org/web/20130402135605/http://bieber-news.com/"
      },
      {
        "datetime": "2013-04-20T07:34:10Z",
        "uri": "http://web.archive.org/web/20130420073410/http://bieber-news.com/"
      },
      {
        "datetime": "2013-04-22T13:29:04Z",
        "uri": "http://web.archive.org/web/20130422132904/http://bieber-news.com/"
      },
      {
        "datetime": "2013-04-30T05:16:45Z",
        "uri": "http://web.archive.org/web/20130430051645/http://bieber-news.com/"
      },
      {
        "datetime": "2013-05-08T13:51:51Z",
        "uri": "http://archive.is/20130508135151/http://bieber-news.com/"
      },
      {
        "datetime": "2013-05-15T06:05:28Z",
        "uri": "http://web.archive.org/web/20130515060528/http://bieber-news.com/"
      },
      {
        "datetime": "2013-05-20T17:16:51Z",
        "uri": "http://web.archive.org/web/20130520171651/http://bieber-news.com/"
      },
      {
        "datetime": "2013-05-29T22:16:14Z",
        "uri": "http://web.archive.org/web/20130529221614/http://bieber-news.com/"
      },
      {
        "datetime": "2013-05-30T16:16:45Z",
        "uri": "http://web.archive.org/web/20130530161645/http://bieber-news.com/"
      },
      {
        "datetime": "2013-06-20T09:08:29Z",
        "uri": "http://web.archive.org/web/20130620090829/http://bieber-news.com:80/"
      },
      {
        "datetime": "2013-07-08T02:53:27Z",
        "uri": "http://web.archive.org/web/20130708025327/http://bieber-news.com:80/"
      },
      {
        "datetime": "2013-07-08T14:55:34Z",
        "uri": "http://web.archive.org/web/20130708145534/http://bieber-news.com:80/"
      },
      {
        "datetime": "2013-07-14T23:52:56Z",
        "uri": "http://web.archive.org/web/20130714235256/http://bieber-news.com:80/"
      },
      {
        "datetime": "2013-07-22T11:12:39Z",
        "uri": "http://web.archive.org/web/20130722111239/http://bieber-news.com:80/"
      },
      {
        "datetime": "2013-08-05T06:42:59Z",
        "uri": "http://web.archive.org/web/20130805064259/http://bieber-news.com/"
      },
      {
        "datetime": "2013-08-06T03:00:54Z",
        "uri": "http://web.archive.org/web/20130806030054/http://bieber-news.com/"
      },
      {
        "datetime": "2013-08-14T08:25:28Z",
        "uri": "http://web.archive.org/web/20130814082528/http://bieber-news.com:80/"
      },
      {
        "datetime": "2013-10-15T12:31:19Z",
        "uri": "http://web.archive.org/web/20131015123119/http://bieber-news.com/"
      },
      {
        "datetime": "2013-11-26T15:24:45Z",
        "uri": "http://web.archive.org/web/20131126152445/http://bieber-news.com/"
      },
      {
        "datetime": "2013-11-27T18:13:33Z",
        "uri": "http://web.archive.org/web/20131127181333/http://bieber-news.com/"
      },
      {
        "datetime": "2013-12-12T11:19:23Z",
        "uri": "http://web.archive.org/web/20131212111923/http://bieber-news.com/"
      },
      {
        "datetime": "2014-01-03T07:02:39Z",
        "uri": "http://web.archive.org/web/20140103070239/http://bieber-news.com/"
      },
      {
        "datetime": "2014-01-16T07:55:06Z",
        "uri": "http://web.archive.org/web/20140116075506/http://bieber-news.com/"
      },
      {
        "datetime": "2014-02-08T01:43:38Z",
        "uri": "http://web.archive.org/web/20140208014338/http://bieber-news.com/"
      },
      {
        "datetime": "2014-02-08T06:19:57Z",
        "uri": "http://web.archive.org/web/20140208061957/http://bieber-news.com/"
      },
      {
        "datetime": "2014-02-09T06:05:30Z",
        "uri": "http://web.archive.org/web/20140209060530/http://www.bieber-news.com/"
      },
      {
        "datetime": "2014-05-17T00:38:13Z",
        "uri": "http://web.archive.org/web/20140517003813/http://bieber-news.com/"
      },
      {
        "datetime": "2014-06-25T03:51:16Z",
        "uri": "http://web.archive.org/web/20140625035116/http://bieber-news.com/"
      },
      {
        "datetime": "2014-06-25T11:39:53Z",
        "uri": "http://web.archive.org/web/20140625113953/http://bieber-news.com/"
      },
      {
        "datetime": "2014-06-26T12:07:05Z",
        "uri": "http://web.archive.org/web/20140626120705/http://www.bieber-news.com/"
      },
      {
        "datetime": "2014-08-06T16:18:47Z",
        "uri": "http://web.archive.org/web/20140806161847/http://bieber-news.com:80/"
      },
      {
        "datetime": "2014-08-13T16:49:37Z",
        "uri": "http://web.archive.org/web/20140813164937/http://bieber-news.com:80/"
      },
      {
        "datetime": "2014-08-19T14:32:51Z",
        "uri": "http://web.archive.org/web/20140819143251/http://bieber-news.com:80/"
      },
      {
        "datetime": "2014-08-25T13:25:31Z",
        "uri": "http://web.archive.org/web/20140825132531/http://bieber-news.com:80/"
      },
      {
        "datetime": "2014-09-06T17:34:52Z",
        "uri": "http://web.archive.org/web/20140906173452/http://bieber-news.com:80/"
      },
      {
        "datetime": "2014-09-14T15:21:21Z",
        "uri": "http://web.archive.org/web/20140914152121/http://bieber-news.com:80/"
      },
      {
        "datetime": "2014-09-22T05:53:51Z",
        "uri": "http://web.archive.org/web/20140922055351/http://bieber-news.com:80/"
      },
      {
        "datetime": "2014-10-04T21:52:34Z",
        "uri": "http://web.archive.org/web/20141004215234/http://bieber-news.com:80/"
      },
      {
        "datetime": "2014-10-10T14:18:12Z",
        "uri": "http://web.archive.org/web/20141010141812/http://bieber-news.com:80/"
      },
      {
        "datetime": "2014-10-14T11:16:16Z",
        "uri": "http://web.archive.org/web/20141014111616/http://bieber-news.com:80/"
      },
      {
        "datetime": "2014-10-18T12:02:52Z",
        "uri": "http://web.archive.org/web/20141018120252/http://bieber-news.com:80/"
      },
      {
        "datetime": "2014-10-20T11:34:55Z",
        "uri": "http://web.archive.org/web/20141020113455/http://bieber-news.com/"
      },
      {
        "datetime": "2014-10-22T03:07:50Z",
        "uri": "http://web.archive.org/web/20141022030750/http://bieber-news.com:80/"
      },
      {
        "datetime": "2014-10-26T02:41:56Z",
        "uri": "http://web.archive.org/web/20141026024156/http://bieber-news.com:80/"
      },
      {
        "datetime": "2014-10-30T05:03:50Z",
        "uri": "http://web.archive.org/web/20141030050350/http://bieber-news.com:80/"
      },
      {
        "datetime": "2014-11-03T11:18:51Z",
        "uri": "http://web.archive.org/web/20141103111851/http://bieber-news.com:80/"
      },
      {
        "datetime": "2014-11-08T16:49:02Z",
        "uri": "http://web.archive.org/web/20141108164902/http://bieber-news.com:80/"
      },
      {
        "datetime": "2014-11-12T13:54:32Z",
        "uri": "http://web.archive.org/web/20141112135432/http://bieber-news.com:80/"
      },
      {
        "datetime": "2014-11-16T16:12:55Z",
        "uri": "http://web.archive.org/web/20141116161255/http://bieber-news.com:80/"
      },
      {
        "datetime": "2014-12-01T14:04:20Z",
        "uri": "http://web.archive.org/web/20141201140420/http://bieber-news.com:80/"
      },
      {
        "datetime": "2014-12-05T18:46:38Z",
        "uri": "http://web.archive.org/web/20141205184638/http://bieber-news.com:80/"
      },
      {
        "datetime": "2014-12-16T01:09:11Z",
        "uri": "http://web.archive.org/web/20141216010911/http://bieber-news.com:80/"
      },
      {
        "datetime": "2014-12-17T01:30:34Z",
        "uri": "http://web.archive.org/web/20141217013034/http://bieber-news.com/"
      },
      {
        "datetime": "2014-12-20T17:09:17Z",
        "uri": "http://web.archive.org/web/20141220170917/http://bieber-news.com:80/"
      },
      {
        "datetime": "2014-12-25T13:42:34Z",
        "uri": "http://web.archive.org/web/20141225134234/http://bieber-news.com:80/"
      },
      {
        "datetime": "2014-12-30T07:11:39Z",
        "uri": "http://web.archive.org/web/20141230071139/http://bieber-news.com:80/"
      },
      {
        "datetime": "2015-01-04T01:00:59Z",
        "uri": "http://web.archive.org/web/20150104010059/http://bieber-news.com:80/"
      },
      {
        "datetime": "2015-01-08T14:18:33Z",
        "uri": "http://web.archive.org/web/20150108141833/http://bieber-news.com:80/"
      },
      {
        "datetime": "2015-01-13T07:16:32Z",
        "uri": "http://web.archive.org/web/20150113071632/http://bieber-news.com:80/"
      },
      {
        "datetime": "2015-01-18T07:11:43Z",
        "uri": "http://web.archive.org/web/20150118071143/http://bieber-news.com:80/"
      },
      {
        "datetime": "2015-02-05T23:25:46Z",
        "uri": "http://web.archive.org/web/20150205232546/http://bieber-news.com:80/"
      },
      {
        "datetime": "2015-02-07T01:29:34Z",
        "uri": "http://web.archive.org/web/20150207012934/http://bieber-news.com:80/"
      },
      {
        "datetime": "2015-02-14T10:49:24Z",
        "uri": "http://web.archive.org/web/20150214104924/http://bieber-news.com:80/"
      },
      {
        "datetime": "2015-02-19T04:55:56Z",
        "uri": "http://web.archive.org/web/20150219045556/http://bieber-news.com:80/"
      },
      {
        "datetime": "2015-02-24T01:58:09Z",
        "uri": "http://web.archive.org/web/20150224015809/http://bieber-news.com:80/"
      },
      {
        "datetime": "2015-02-28T19:04:46Z",
        "uri": "http://web.archive.org/web/20150228190446/http://bieber-news.com:80/"
      },
      {
        "datetime": "2015-03-05T13:34:16Z",
        "uri": "http://web.archive.org/web/20150305133416/http://bieber-news.com:80/"
      },
      {
        "datetime": "2015-03-10T12:45:04Z",
        "uri": "http://web.archive.org/web/20150310124504/http://bieber-news.com:80/"
      },
      {
        "datetime": "2015-03-14T22:08:31Z",
        "uri": "http://web.archive.org/web/20150314220831/http://bieber-news.com/"
      },
      {
        "datetime": "2015-03-15T02:14:46Z",
        "uri": "http://web.archive.org/web/20150315021446/http://bieber-news.com/"
      },
      {
        "datetime": "2015-03-16T02:37:27Z",
        "uri": "http://web.archive.org/web/20150316023727/http://www.bieber-news.com/"
      },
      {
        "datetime": "2015-03-16T06:48:48Z",
        "uri": "http://web.archive.org/web/20150316064848/http://bieber-news.com:80/"
      },
      {
        "datetime": "2015-03-21T12:00:35Z",
        "uri": "http://web.archive.org/web/20150321120035/http://bieber-news.com:80/"
      },
      {
        "datetime": "2015-03-27T05:16:13Z",
        "uri": "http://web.archive.org/web/20150327051613/http://bieber-news.com:80/"
      },
      {
        "datetime": "2015-03-28T09:46:30Z",
        "uri": "http://web.archive.org/web/20150328094630/http://bieber-news.com:80/"
      },
      {
        "datetime": "2015-04-02T10:18:26Z",
        "uri": "http://wayback.archive-it.org/all/20150402101826/http://bieber-news.com/"
      },
      {
        "datetime": "2015-04-02T10:18:26Z",
        "uri": "http://web.archive.org/web/20150402101826/http://bieber-news.com/"
      },
      {
        "datetime": "2015-04-03T12:49:57Z",
        "uri": "http://web.archive.org/web/20150403124957/http://bieber-news.com:80/"
      },
      {
        "datetime": "2015-04-09T04:45:31Z",
        "uri": "http://web.archive.org/web/20150409044531/http://bieber-news.com:80/"
      },
      {
        "datetime": "2015-04-20T03:25:59Z",
        "uri": "http://web.archive.org/web/20150420032559/http://bieber-news.com:80/"
      },
      {
        "datetime": "2015-04-26T11:36:28Z",
        "uri": "http://web.archive.org/web/20150426113628/http://bieber-news.com:80/"
      },
      {
        "datetime": "2015-05-01T18:28:09Z",
        "uri": "http://web.archive.org/web/20150501182809/http://bieber-news.com:80/"
      },
      {
        "datetime": "2015-05-07T07:09:20Z",
        "uri": "http://web.archive.org/web/20150507070920/http://bieber-news.com:80/"
      },
      {
        "datetime": "2015-05-12T10:14:14Z",
        "uri": "http://web.archive.org/web/20150512101414/http://bieber-news.com:80/"
      },
      {
        "datetime": "2015-05-22T23:44:06Z",
        "uri": "http://web.archive.org/web/20150522234406/http://bieber-news.com:80/"
      },
      {
        "datetime": "2015-05-27T21:59:59Z",
        "uri": "http://web.archive.org/web/20150527215959/http://bieber-news.com:80/"
      },
      {
        "datetime": "2015-05-30T20:46:00Z",
        "uri": "http://web.archive.org/web/20150530204600/http://bieber-news.com/"
      },
      {
        "datetime": "2015-05-31T18:26:06Z",
        "uri": "http://archive.is/20150531182606/http://bieber-news.com/"
      },
      {
        "datetime": "2015-06-10T13:35:05Z",
        "uri": "http://web.archive.org/web/20150610133505/http://bieber-news.com:80/"
      },
      {
        "datetime": "2015-06-17T09:34:23Z",
        "uri": "http://web.archive.org/web/20150617093423/http://bieber-news.com:80/"
      },
      {
        "datetime": "2015-06-27T06:33:36Z",
        "uri": "http://web.archive.org/web/20150627063336/http://bieber-news.com:80/"
      },
      {
        "datetime": "2015-07-03T13:44:58Z",
        "uri": "http://web.archive.org/web/20150703134458/http://bieber-news.com:80/"
      },
      {
        "datetime": "2015-07-07T16:30:18Z",
        "uri": "http://web.archive.org/web/20150707163018/http://bieber-news.com:80/"
      },
      {
        "datetime": "2015-07-11T16:17:54Z",
        "uri": "http://web.archive.org/web/20150711161754/http://bieber-news.com:80/"
      },
      {
        "datetime": "2015-07-15T12:35:03Z",
        "uri": "http://web.archive.org/web/20150715123503/http://bieber-news.com:80/"
      },
      {
        "datetime": "2015-07-21T07:25:10Z",
        "uri": "http://web.archive.org/web/20150721072510/http://bieber-news.com:80/"
      },
      {
        "datetime": "2015-08-01T04:19:26Z",
        "uri": "http://web.archive.org/web/20150801041926/http://bieber-news.com/"
      },
      {
        "datetime": "2015-09-05T21:33:56Z",
        "uri": "http://web.archive.org/web/20150905213356/http://bieber-news.com/"
      },
      {
        "datetime": "2015-09-15T19:55:00Z",
        "uri": "http://wayback.archive-it.org/all/20150915195500/http://bieber-news.com/"
      },
      {
        "datetime": "2015-09-15T19:55:00Z",
        "uri": "http://web.archive.org/web/20150915195500/http://bieber-news.com/"
      },
      {
        "datetime": "2015-09-19T17:23:55Z",
        "uri": "http://web.archive.org/web/20150919172355/http://bieber-news.com:80/"
      },
      {
        "datetime": "2015-10-06T01:56:35Z",
        "uri": "http://web.archive.org/web/20151006015635/http://bieber-news.com:80/"
      },
      {
        "datetime": "2015-10-09T05:11:34Z",
        "uri": "http://web.archive.org/web/20151009051134/http://bieber-news.com:80/"
      },
      {
        "datetime": "2015-10-12T05:26:14Z",
        "uri": "http://web.archive.org/web/20151012052614/http://bieber-news.com:80/"
      },
      {
        "datetime": "2015-10-15T03:31:58Z",
        "uri": "http://web.archive.org/web/20151015033158/http://bieber-news.com:80/"
      },
      {
        "datetime": "2015-10-18T02:41:17Z",
        "uri": "http://web.archive.org/web/20151018024117/http://bieber-news.com:80/"
      },
      {
        "datetime": "2015-10-21T01:35:26Z",
        "uri": "http://web.archive.org/web/20151021013526/http://bieber-news.com:80/"
      },
      {
        "datetime": "2015-10-24T07:39:53Z",
        "uri": "http://web.archive.org/web/20151024073953/http://bieber-news.com:80/"
      },
      {
        "datetime": "2015-10-27T11:24:44Z",
        "uri": "http://web.archive.org/web/20151027112444/http://bieber-news.com:80/"
      },
      {
        "datetime": "2015-10-30T07:54:01Z",
        "uri": "http://web.archive.org/web/20151030075401/http://bieber-news.com:80/"
      },
      {
        "datetime": "2015-11-02T06:45:20Z",
        "uri": "http://web.archive.org/web/20151102064520/http://bieber-news.com:80/"
      },
      {
        "datetime": "2015-11-05T13:57:09Z",
        "uri": "http://web.archive.org/web/20151105135709/http://bieber-news.com/"
      },
      {
        "datetime": "2015-11-06T22:05:59Z",
        "uri": "http://web.archive.org/web/20151106220559/http://bieber-news.com:80/"
      },
      {
        "datetime": "2015-11-07T03:49:03Z",
        "uri": "http://web.archive.org/web/20151107034903/http://bieber-news.com:80/?"
      },
      {
        "datetime": "2015-11-10T04:31:47Z",
        "uri": "http://web.archive.org/web/20151110043147/http://bieber-news.com:80/"
      },
      {
        "datetime": "2015-11-13T04:49:41Z",
        "uri": "http://web.archive.org/web/20151113044941/http://bieber-news.com:80/"
      },
      {
        "datetime": "2015-11-16T13:50:13Z",
        "uri": "http://web.archive.org/web/20151116135013/http://bieber-news.com:80/"
      },
      {
        "datetime": "2015-11-20T08:04:21Z",
        "uri": "http://web.archive.org/web/20151120080421/http://bieber-news.com:80/"
      },
      {
        "datetime": "2015-11-24T02:43:17Z",
        "uri": "http://web.archive.org/web/20151124024317/http://bieber-news.com:80/"
      },
      {
        "datetime": "2015-11-28T06:48:48Z",
        "uri": "http://web.archive.org/web/20151128064848/http://bieber-news.com:80/"
      },
      {
        "datetime": "2015-12-01T17:53:42Z",
        "uri": "http://web.archive.org/web/20151201175342/http://bieber-news.com:80/"
      },
      {
        "datetime": "2015-12-05T07:47:27Z",
        "uri": "http://web.archive.org/web/20151205074727/http://bieber-news.com:80/"
      },
      {
        "datetime": "2015-12-09T00:21:46Z",
        "uri": "http://web.archive.org/web/20151209002146/http://bieber-news.com:80/"
      },
      {
        "datetime": "2015-12-09T00:39:47Z",
        "uri": "http://web.archive.org/web/20151209003947/http://bieber-news.com:80/?"
      },
      {
        "datetime": "2015-12-17T11:04:24Z",
        "uri": "http://web.archive.org/web/20151217110424/http://bieber-news.com:80/"
      },
      {
        "datetime": "2015-12-20T22:58:27Z",
        "uri": "http://web.archive.org/web/20151220225827/http://bieber-news.com:80/"
      },
      {
        "datetime": "2015-12-24T16:15:03Z",
        "uri": "http://web.archive.org/web/20151224161503/http://bieber-news.com:80/"
      },
      {
        "datetime": "2015-12-29T03:06:49Z",
        "uri": "http://web.archive.org/web/20151229030649/http://bieber-news.com:80/"
      },
      {
        "datetime": "2016-01-01T21:24:03Z",
        "uri": "http://web.archive.org/web/20160101212403/http://bieber-news.com:80/"
      },
      {
        "datetime": "2016-01-06T09:01:34Z",
        "uri": "http://web.archive.org/web/20160106090134/http://bieber-news.com:80/"
      },
      {
        "datetime": "2016-01-06T23:20:43Z",
        "uri": "http://web.archive.org/web/20160106232043/http://bieber-news.com:80/"
      },
      {
        "datetime": "2016-01-09T15:06:55Z",
        "uri": "http://web.archive.org/web/20160109150655/http://bieber-news.com:80/?"
      },
      {
        "datetime": "2016-01-10T00:19:44Z",
        "uri": "http://web.archive.org/web/20160110001944/http://bieber-news.com/"
      },
      {
        "datetime": "2016-01-10T10:57:01Z",
        "uri": "http://web.archive.org/web/20160110105701/http://bieber-news.com:80/"
      },
      {
        "datetime": "2016-01-14T05:01:35Z",
        "uri": "http://web.archive.org/web/20160114050135/http://bieber-news.com:80/"
      },
      {
        "datetime": "2016-01-18T15:11:48Z",
        "uri": "http://web.archive.org/web/20160118151148/http://bieber-news.com:80/"
      },
      {
        "datetime": "2016-01-20T15:00:46Z",
        "uri": "http://web.archive.org/web/20160120150046/http://bieber-news.com/"
      },
      {
        "datetime": "2016-01-23T13:29:44Z",
        "uri": "http://web.archive.org/web/20160123132944/http://bieber-news.com:80/"
      },
      {
        "datetime": "2016-01-28T18:31:44Z",
        "uri": "http://web.archive.org/web/20160128183144/http://bieber-news.com:80/"
      },
      {
        "datetime": "2016-02-02T13:13:07Z",
        "uri": "http://web.archive.org/web/20160202131307/http://bieber-news.com:80/"
      },
      {
        "datetime": "2016-02-09T15:57:10Z",
        "uri": "http://web.archive.org/web/20160209155710/http://bieber-news.com:80/?"
      },
      {
        "datetime": "2016-02-09T15:57:18Z",
        "uri": "http://web.archive.org/web/20160209155718/http://bieber-news.com:80/"
      },
      {
        "datetime": "2016-02-14T19:13:31Z",
        "uri": "http://web.archive.org/web/20160214191331/http://bieber-news.com:80/"
      },
      {
        "datetime": "2016-02-19T01:45:31Z",
        "uri": "http://web.archive.org/web/20160219014531/http://bieber-news.com:80/"
      },
      {
        "datetime": "2016-02-23T06:34:16Z",
        "uri": "http://web.archive.org/web/20160223063416/http://bieber-news.com:80/"
      },
      {
        "datetime": "2016-02-27T12:12:24Z",
        "uri": "http://web.archive.org/web/20160227121224/http://bieber-news.com:80/"
      },
      {
        "datetime": "2016-03-02T16:46:09Z",
        "uri": "http://web.archive.org/web/20160302164609/http://bieber-news.com:80/"
      },
      {
        "datetime": "2016-03-07T06:40:06Z",
        "uri": "http://web.archive.org/web/20160307064006/http://bieber-news.com:80/"
      },
      {
        "datetime": "2016-03-10T10:56:29Z",
        "uri": "http://web.archive.org/web/20160310105629/http://bieber-news.com/"
      },
      {
        "datetime": "2016-03-11T23:43:53Z",
        "uri": "http://web.archive.org/web/20160311234353/http://bieber-news.com:80/"
      },
      {
        "datetime": "2016-03-11T23:47:12Z",
        "uri": "http://web.archive.org/web/20160311234712/http://bieber-news.com:80/?"
      },
      {
        "datetime": "2016-03-16T16:10:52Z",
        "uri": "http://web.archive.org/web/20160316161052/http://bieber-news.com:80/"
      },
      {
        "datetime": "2016-03-21T14:31:06Z",
        "uri": "http://web.archive.org/web/20160321143106/http://bieber-news.com:80/"
      },
      {
        "datetime": "2016-03-26T21:50:08Z",
        "uri": "http://web.archive.org/web/20160326215008/http://bieber-news.com:80/"
      },
      {
        "datetime": "2016-03-27T18:21:03Z",
        "uri": "http://web.archive.org/web/20160327182103/http://bieber-news.com/"
      },
      {
        "datetime": "2016-04-01T02:05:52Z",
        "uri": "http://web.archive.org/web/20160401020552/http://bieber-news.com:80/"
      },
      {
        "datetime": "2016-04-05T17:33:21Z",
        "uri": "http://web.archive.org/web/20160405173321/http://bieber-news.com:80/"
      },
      {
        "datetime": "2016-04-12T01:46:22Z",
        "uri": "http://web.archive.org/web/20160412014622/http://bieber-news.com:80/"
      },
      {
        "datetime": "2016-04-14T20:16:38Z",
        "uri": "http://web.archive.org/web/20160414201638/http://bieber-news.com/"
      },
      {
        "datetime": "2016-04-17T02:02:29Z",
        "uri": "http://web.archive.org/web/20160417020229/http://bieber-news.com:80/"
      },
      {
        "datetime": "2016-04-21T20:28:09Z",
        "uri": "http://web.archive.org/web/20160421202809/http://bieber-news.com:80/"
      },
      {
        "datetime": "2016-04-26T14:32:47Z",
        "uri": "http://web.archive.org/web/20160426143247/http://bieber-news.com:80/"
      },
      {
        "datetime": "2016-05-01T14:06:37Z",
        "uri": "http://web.archive.org/web/20160501140637/http://bieber-news.com/"
      },
      {
        "datetime": "2016-05-02T01:39:12Z",
        "uri": "http://web.archive.org/web/20160502013912/http://bieber-news.com:80/"
      },
      {
        "datetime": "2016-05-07T18:58:51Z",
        "uri": "http://web.archive.org/web/20160507185851/http://bieber-news.com:80/"
      },
      {
        "datetime": "2016-05-08T19:50:59Z",
        "uri": "http://web.archive.org/web/20160508195059/http://bieber-news.com:80/"
      },
      {
        "datetime": "2016-05-14T07:37:51Z",
        "uri": "http://web.archive.org/web/20160514073751/http://bieber-news.com:80/"
      },
      {
        "datetime": "2016-05-14T10:07:35Z",
        "uri": "http://web.archive.org/web/20160514100735/http://bieber-news.com/"
      },
      {
        "datetime": "2016-05-19T20:10:03Z",
        "uri": "http://web.archive.org/web/20160519201003/http://bieber-news.com:80/"
      },
      {
        "datetime": "2016-05-25T18:00:25Z",
        "uri": "http://web.archive.org/web/20160525180025/http://bieber-news.com:80/"
      },
      {
        "datetime": "2016-05-31T21:42:42Z",
        "uri": "http://web.archive.org/web/20160531214242/http://bieber-news.com:80/"
      },
      {
        "datetime": "2016-06-07T23:07:46Z",
        "uri": "http://web.archive.org/web/20160607230746/http://bieber-news.com:80/"
      },
      {
        "datetime": "2016-06-13T09:02:34Z",
        "uri": "http://web.archive.org/web/20160613090234/http://bieber-news.com:80/"
      },
      {
        "datetime": "2016-06-18T12:23:31Z",
        "uri": "http://web.archive.org/web/20160618122331/http://bieber-news.com:80/"
      },
      {
        "datetime": "2016-06-23T16:21:59Z",
        "uri": "http://web.archive.org/web/20160623162159/http://bieber-news.com:80/"
      },
      {
        "datetime": "2016-06-24T21:28:56Z",
        "uri": "http://web.archive.org/web/20160624212856/http://bieber-news.com:80/"
      },
      {
        "datetime": "2016-06-29T23:53:41Z",
        "uri": "http://web.archive.org/web/20160629235341/http://bieber-news.com:80/"
      },
      {
        "datetime": "2016-07-04T17:34:02Z",
        "uri": "http://web.archive.org/web/20160704173402/http://bieber-news.com:80/"
      },
      {
        "datetime": "2016-07-09T23:07:15Z",
        "uri": "http://web.archive.org/web/20160709230715/http://bieber-news.com:80/"
      },
      {
        "datetime": "2016-07-11T00:54:41Z",
        "uri": "http://web.archive.org/web/20160711005441/http://bieber-news.com:80/"
      },
      {
        "datetime": "2016-07-16T07:20:00Z",
        "uri": "http://web.archive.org/web/20160716072000/http://bieber-news.com:80/"
      },
      {
        "datetime": "2016-07-17T07:28:02Z",
        "uri": "http://web.archive.org/web/20160717072802/http://bieber-news.com:80/"
      },
      {
        "datetime": "2016-07-23T00:39:48Z",
        "uri": "http://web.archive.org/web/20160723003948/http://bieber-news.com:80/"
      },
      {
        "datetime": "2016-07-27T19:17:27Z",
        "uri": "http://web.archive.org/web/20160727191727/http://bieber-news.com:80/"
      },
      {
        "datetime": "2016-07-28T21:02:07Z",
        "uri": "http://web.archive.org/web/20160728210207/http://bieber-news.com:80/"
      },
      {
        "datetime": "2016-08-01T02:40:13Z",
        "uri": "http://web.archive.org/web/20160801024013/http://www.bieber-news.com/"
      },
      {
        "datetime": "2016-08-03T05:37:59Z",
        "uri": "http://web.archive.org/web/20160803053759/http://bieber-news.com:80/"
      },
      {
        "datetime": "2016-08-08T01:49:09Z",
        "uri": "http://web.archive.org/web/20160808014909/http://bieber-news.com:80/"
      },
      {
        "datetime": "2016-08-13T11:47:18Z",
        "uri": "http://web.archive.org/web/20160813114718/http://bieber-news.com:80/"
      },
      {
        "datetime": "2016-08-19T22:07:40Z",
        "uri": "http://web.archive.org/web/20160819220740/http://bieber-news.com:80/"
      },
      {
        "datetime": "2016-08-26T05:10:53Z",
        "uri": "http://web.archive.org/web/20160826051053/http://bieber-news.com:80/"
      },
      {
        "datetime": "2016-09-01T03:42:39Z",
        "uri": "http://web.archive.org/web/20160901034239/http://bieber-news.com:80/"
      },
      {
        "datetime": "2016-09-06T22:54:57Z",
        "uri": "http://web.archive.org/web/20160906225457/http://bieber-news.com:80/"
      },
      {
        "datetime": "2016-09-12T17:42:31Z",
        "uri": "http://web.archive.org/web/20160912174231/http://bieber-news.com:80/"
      },
      {
        "datetime": "2016-09-18T01:44:59Z",
        "uri": "http://web.archive.org/web/20160918014459/http://bieber-news.com:80/"
      },
      {
        "datetime": "2016-09-19T09:13:38Z",
        "uri": "http://web.archive.org/web/20160919091338/http://bieber-news.com:80/"
      },
      {
        "datetime": "2016-09-26T18:52:09Z",
        "uri": "http://web.archive.org/web/20160926185209/http://bieber-news.com:80/"
      },
      {
        "datetime": "2016-10-02T10:07:40Z",
        "uri": "http://web.archive.org/web/20161002100740/http://bieber-news.com/"
      },
      {
        "datetime": "2016-10-03T00:50:52Z",
        "uri": "http://web.archive.org/web/20161003005052/http://bieber-news.com:80/"
      },
      {
        "datetime": "2016-10-09T21:13:44Z",
        "uri": "http://web.archive.org/web/20161009211344/http://bieber-news.com:80/"
      },
      {
        "datetime": "2016-10-16T07:33:39Z",
        "uri": "http://web.archive.org/web/20161016073339/http://bieber-news.com:80/"
      },
      {
        "datetime": "2016-10-23T21:24:39Z",
        "uri": "http://web.archive.org/web/20161023212439/http://bieber-news.com:80/"
      },
      {
        "datetime": "2016-10-31T17:08:35Z",
        "uri": "http://web.archive.org/web/20161031170835/http://bieber-news.com:80/"
      },
      {
        "datetime": "2016-11-02T03:35:03Z",
        "uri": "http://web.archive.org/web/20161102033503/http://bieber-news.com:80/"
      },
      {
        "datetime": "2016-11-07T01:03:35Z",
        "uri": "http://web.archive.org/web/20161107010335/http://www.bieber-news.com/"
      },
      {
        "datetime": "2016-11-09T22:29:29Z",
        "uri": "http://web.archive.org/web/20161109222929/http://bieber-news.com:80/"
      },
      {
        "datetime": "2016-11-11T09:25:09Z",
        "uri": "http://web.archive.org/web/20161111092509/http://bieber-news.com:80/"
      },
      {
        "datetime": "2016-11-13T06:10:25Z",
        "uri": "http://web.archive.org/web/20161113061025/http://www.bieber-news.com/"
      },
      {
        "datetime": "2016-11-14T08:29:12Z",
        "uri": "http://web.archive.org/web/20161114082912/http://bieber-news.com/"
      },
      {
        "datetime": "2016-11-19T18:29:22Z",
        "uri": "http://web.archive.org/web/20161119182922/http://bieber-news.com:80/"
      },
      {
        "datetime": "2017-05-07T15:44:35Z",
        "uri": "http://web.archive.org/web/20170507154435/http://bieber-news.com:80/"
      },
      {
        "datetime": "2017-05-07T16:52:30Z",
        "uri": "http://web.archive.org/web/20170507165230/http://bieber-news.com/"
      },
      {
        "datetime": "2017-05-17T23:58:14Z",
        "uri": "http://web.archive.org/web/20170517235814/http://bieber-news.com:80/"
      },
      {
        "datetime": "2017-05-25T10:26:26Z",
        "uri": "http://web.archive.org/web/20170525102626/http://bieber-news.com:80/"
      },
      {
        "datetime": "2017-06-02T14:24:52Z",
        "uri": "http://web.archive.org/web/20170602142452/http://bieber-news.com:80/"
      },
      {
        "datetime": "2017-06-03T20:57:42Z",
        "uri": "http://web.archive.org/web/20170603205742/http://bieber-news.com/"
      },
      {
        "datetime": "2017-06-09T16:58:44Z",
        "uri": "http://web.archive.org/web/20170609165844/http://bieber-news.com:80/"
      },
      {
        "datetime": "2017-06-13T08:10:37Z",
        "uri": "http://web.archive.org/web/20170613081037/http://www.bieber-news.com/"
      },
      {
        "datetime": "2017-06-15T01:41:29Z",
        "uri": "http://web.archive.org/web/20170615014129/http://bieber-news.com:80/"
      },
      {
        "datetime": "2017-06-22T23:08:59Z",
        "uri": "http://web.archive.org/web/20170622230859/http://bieber-news.com:80/"
      },
      {
        "datetime": "2017-06-29T16:55:14Z",
        "uri": "http://web.archive.org/web/20170629165514/http://bieber-news.com:80/"
      },
      {
        "datetime": "2017-07-07T13:54:20Z",
        "uri": "http://web.archive.org/web/20170707135420/http://bieber-news.com:80/"
      },
      {
        "datetime": "2017-07-08T14:12:30Z",
        "uri": "http://web.archive.org/web/20170708141230/http://bieber-news.com:80/"
      },
      {
        "datetime": "2017-07-13T12:10:13Z",
        "uri": "http://web.archive.org/web/20170713121013/http://bieber-news.com:80/"
      },
      {
        "datetime": "2017-07-19T11:15:51Z",
        "uri": "http://web.archive.org/web/20170719111551/http://bieber-news.com:80/"
      },
      {
        "datetime": "2017-08-29T15:34:57Z",
        "uri": "http://web.archive.org/web/20170829153457/http://bieber-news.com/"
      },
      {
        "datetime": "2017-08-29T16:13:37Z",
        "uri": "http://web.archive.org/web/20170829161337/http://bieber-news.com/"
      },
      {
        "datetime": "2017-10-30T17:49:26Z",
        "uri": "http://web.archive.org/web/20171030174926/http://bieber-news.com/"
      },
      {
        "datetime": "2018-01-31T18:05:42Z",
        "uri": "http://web.archive.org/web/20180131180542/http://bieber-news.com/"
      },
      {
        "datetime": "2018-01-31T20:27:48Z",
        "uri": "http://web.archive.org/web/20180131202748/http://bieber-news.com/"
      }
    ],
    "first": {
      "datetime": "2012-01-18T08:45:49Z",
      "uri": "http://web.archive.org/web/20120118084549/http://www.bieber-news.com:80/"
    },
    "last": {
      "datetime": "2018-01-31T20:27:48Z",
      "uri": "http://web.archive.org/web/20180131202748/http://bieber-news.com/"
    }
  },
  "timemap_uri": {
    "link_format": "https://memgator.cs.odu.edu/timemap/link/http://bieber-news.com",
    "json_format": "https://memgator.cs.odu.edu/timemap/json/http://bieber-news.com",
    "cdxj_format": "https://memgator.cs.odu.edu/timemap/cdxj/http://bieber-news.com"
  },
  "timegate_uri": "https://memgator.cs.odu.edu/timegate/http://bieber-news.com"
}