{
  "original_uri": "http://www.at-s.com/sp/news/article/education/etc/446649.html",
  "self": "https://memgator.cs.odu.edu/timemap/json/http://www.at-s.com/sp/news/article/education/etc/446649.html",
  "mementos": {
    "list": [
      {
        "datetime": "2018-01-16T03:14:48Z",
        "uri": "http://web.archive.org/web/20180116031448/http://www.at-s.com/sp/news/article/education/etc/446649.html"
      }
    ],
    "first": {
      "datetime": "2018-01-16T03:14:48Z",
      "uri": "http://web.archive.org/web/20180116031448/http://www.at-s.com/sp/news/article/education/etc/446649.html"
    },
    "last": {
      "datetime": "2018-01-16T03:14:48Z",
      "uri": "http://web.archive.org/web/20180116031448/http://www.at-s.com/sp/news/article/education/etc/446649.html"
    }
  },
  "timemap_uri": {
    "link_format": "https://memgator.cs.odu.edu/timemap/link/http://www.at-s.com/sp/news/article/education/etc/446649.html",
    "json_format": "https://memgator.cs.odu.edu/timemap/json/http://www.at-s.com/sp/news/article/education/etc/446649.html",
    "cdxj_format": "https://memgator.cs.odu.edu/timemap/cdxj/http://www.at-s.com/sp/news/article/education/etc/446649.html"
  },
  "timegate_uri": "https://memgator.cs.odu.edu/timegate/http://www.at-s.com/sp/news/article/education/etc/446649.html"
}