{
  "original_uri": "http://https://www.diariorc.com/2017/07/28/la-prematura-muerte-del-doctor-house/",
  "self": "https://memgator.cs.odu.edu/timemap/json/http://https://www.diariorc.com/2017/07/28/la-prematura-muerte-del-doctor-house/",
  "mementos": {
    "list": [
      {
        "datetime": "2017-09-23T10:54:23Z",
        "uri": "http://web.archive.org/web/20170923105423/http://www.diariorc.com/2017/07/28/la-prematura-muerte-del-doctor-house/"
      },
      {
        "datetime": "2017-10-04T06:44:24Z",
        "uri": "http://web.archive.org/web/20171004064424/https://www.diariorc.com/2017/07/28/la-prematura-muerte-del-doctor-house/"
      },
      {
        "datetime": "2018-01-21T12:17:08Z",
        "uri": "http://web.archive.org/web/20180121121708/https://www.diariorc.com/2017/07/28/la-prematura-muerte-del-doctor-house/"
      }
    ],
    "first": {
      "datetime": "2017-09-23T10:54:23Z",
      "uri": "http://web.archive.org/web/20170923105423/http://www.diariorc.com/2017/07/28/la-prematura-muerte-del-doctor-house/"
    },
    "last": {
      "datetime": "2018-01-21T12:17:08Z",
      "uri": "http://web.archive.org/web/20180121121708/https://www.diariorc.com/2017/07/28/la-prematura-muerte-del-doctor-house/"
    }
  },
  "timemap_uri": {
    "link_format": "https://memgator.cs.odu.edu/timemap/link/http://https://www.diariorc.com/2017/07/28/la-prematura-muerte-del-doctor-house/",
    "json_format": "https://memgator.cs.odu.edu/timemap/json/http://https://www.diariorc.com/2017/07/28/la-prematura-muerte-del-doctor-house/",
    "cdxj_format": "https://memgator.cs.odu.edu/timemap/cdxj/http://https://www.diariorc.com/2017/07/28/la-prematura-muerte-del-doctor-house/"
  },
  "timegate_uri": "https://memgator.cs.odu.edu/timegate/http://https://www.diariorc.com/2017/07/28/la-prematura-muerte-del-doctor-house/"
}