{
  "original_uri": "https://www.frontpagemag.com/point/269193/hillary-clintons-hawaii-director-working-dead-man-daniel-greenfield",
  "self": "https://memgator.cs.odu.edu/timemap/json/https://www.frontpagemag.com/point/269193/hillary-clintons-hawaii-director-working-dead-man-daniel-greenfield",
  "mementos": {
    "list": [
      {
        "datetime": "2018-02-01T12:12:56Z",
        "uri": "http://web.archive.org/web/20180201121256/https://www.frontpagemag.com/point/269193/hillary-clintons-hawaii-director-working-dead-man-daniel-greenfield"
      }
    ],
    "first": {
      "datetime": "2018-02-01T12:12:56Z",
      "uri": "http://web.archive.org/web/20180201121256/https://www.frontpagemag.com/point/269193/hillary-clintons-hawaii-director-working-dead-man-daniel-greenfield"
    },
    "last": {
      "datetime": "2018-02-01T12:12:56Z",
      "uri": "http://web.archive.org/web/20180201121256/https://www.frontpagemag.com/point/269193/hillary-clintons-hawaii-director-working-dead-man-daniel-greenfield"
    }
  },
  "timemap_uri": {
    "link_format": "https://memgator.cs.odu.edu/timemap/link/https://www.frontpagemag.com/point/269193/hillary-clintons-hawaii-director-working-dead-man-daniel-greenfield",
    "json_format": "https://memgator.cs.odu.edu/timemap/json/https://www.frontpagemag.com/point/269193/hillary-clintons-hawaii-director-working-dead-man-daniel-greenfield",
    "cdxj_format": "https://memgator.cs.odu.edu/timemap/cdxj/https://www.frontpagemag.com/point/269193/hillary-clintons-hawaii-director-working-dead-man-daniel-greenfield"
  },
  "timegate_uri": "https://memgator.cs.odu.edu/timegate/https://www.frontpagemag.com/point/269193/hillary-clintons-hawaii-director-working-dead-man-daniel-greenfield"
}