{
  "original_uri": "http://https://www.youtube.com/watch?v=wGeBumikaZY",
  "self": "https://memgator.cs.odu.edu/timemap/json/http://https://www.youtube.com/watch?v=wGeBumikaZY",
  "mementos": {
    "list": [
      {
        "datetime": "2013-11-09T15:08:08Z",
        "uri": "http://web.archive.org/web/20131109150808/http://www.youtube.com/watch?v=wGeBumikaZY&gl=US&hl=en"
      },
      {
        "datetime": "2014-07-16T13:58:35Z",
        "uri": "http://web.archive.org/web/20140716135835/http://www.youtube.com:80/watch?v=wGeBumikaZY"
      },
      {
        "datetime": "2015-04-24T12:26:21Z",
        "uri": "http://web.archive.org/web/20150424122621/https://www.youtube.com/watch?v=wGeBumikaZY"
      },
      {
        "datetime": "2015-04-25T06:01:10Z",
        "uri": "http://web.archive.org/web/20150425060110/http://www.youtube.com/watch?v=wGeBumikaZY"
      },
      {
        "datetime": "2015-08-14T05:51:39Z",
        "uri": "http://web.archive.org/web/20150814055139/http://www.youtube.com/watch?v=wGeBumikaZY"
      },
      {
        "datetime": "2015-09-06T01:23:54Z",
        "uri": "http://web.archive.org/web/20150906012354/http://www.youtube.com/watch?v=wGeBumikaZY"
      },
      {
        "datetime": "2015-09-07T08:17:59Z",
        "uri": "http://web.archive.org/web/20150907081759/http://www.youtube.com/watch?v=wGeBumikaZY"
      },
      {
        "datetime": "2015-10-08T08:20:33Z",
        "uri": "http://web.archive.org/web/20151008082033/http://www.youtube.com/watch?v=wGeBumikaZY"
      },
      {
        "datetime": "2015-10-16T10:15:19Z",
        "uri": "http://web.archive.org/web/20151016101519/http://www.youtube.com/watch?v=wGeBumikaZY"
      },
      {
        "datetime": "2015-12-07T19:40:43Z",
        "uri": "http://web.archive.org/web/20151207194043/http://www.youtube.com/watch?v=wGeBumikaZY"
      },
      {
        "datetime": "2015-12-11T21:21:02Z",
        "uri": "http://web.archive.org/web/20151211212102/http://www.youtube.com/watch?v=wGeBumikaZY"
      },
      {
        "datetime": "2015-12-14T19:13:22Z",
        "uri": "http://web.archive.org/web/20151214191322/http://www.youtube.com/watch?v=wGeBumikaZY"
      },
      {
        "datetime": "2016-01-26T16:37:42Z",
        "uri": "http://web.archive.org/web/20160126163742/http://www.youtube.com/watch?v=wGeBumikaZY"
      },
      {
        "datetime": "2016-02-27T13:43:20Z",
        "uri": "http://web.archive.org/web/20160227134320/http://www.youtube.com/watch?v=wGeBumikaZY"
      },
      {
        "datetime": "2016-03-22T04:07:30Z",
        "uri": "http://web.archive.org/web/20160322040730/http://www.youtube.com/watch?v=wGeBumikaZY"
      },
      {
        "datetime": "2016-03-26T13:36:26Z",
        "uri": "http://web.archive.org/web/20160326133626/http://www.youtube.com/watch?v=wGeBumikaZY"
      },
      {
        "datetime": "2016-06-11T14:30:19Z",
        "uri": "http://web.archive.org/web/20160611143019/http://www.youtube.com/watch?v=wGeBumikaZY"
      },
      {
        "datetime": "2016-06-18T14:55:00Z",
        "uri": "http://web.archive.org/web/20160618145500/http://www.youtube.com/watch?v=wGeBumikaZY"
      },
      {
        "datetime": "2016-08-06T18:32:34Z",
        "uri": "http://web.archive.org/web/20160806183234/http://www.youtube.com/watch?v=wGeBumikaZY"
      },
      {
        "datetime": "2016-08-11T23:28:40Z",
        "uri": "http://web.archive.org/web/20160811232840/http://www.youtube.com/watch?v=wGeBumikaZY"
      },
      {
        "datetime": "2016-08-19T09:14:53Z",
        "uri": "http://web.archive.org/web/20160819091453/http://www.youtube.com/watch?v=wGeBumikaZY"
      },
      {
        "datetime": "2016-08-24T23:01:53Z",
        "uri": "http://web.archive.org/web/20160824230153/https://www.youtube.com/watch?v=wGeBumikaZY"
      },
      {
        "datetime": "2016-08-26T07:07:37Z",
        "uri": "http://web.archive.org/web/20160826070737/http://www.youtube.com/watch?v=wGeBumikaZY"
      },
      {
        "datetime": "2016-09-02T00:33:10Z",
        "uri": "http://web.archive.org/web/20160902003310/http://www.youtube.com/watch?v=wGeBumikaZY"
      },
      {
        "datetime": "2016-09-16T16:44:03Z",
        "uri": "http://web.archive.org/web/20160916164403/http://www.youtube.com/watch?v=wGeBumikaZY"
      },
      {
        "datetime": "2016-12-03T21:26:46Z",
        "uri": "http://web.archive.org/web/20161203212646/http://www.youtube.com/watch?v=wGeBumikaZY"
      },
      {
        "datetime": "2016-12-23T02:20:07Z",
        "uri": "http://web.archive.org/web/20161223022007/http://www.youtube.com/watch?v=wGeBumikaZY"
      },
      {
        "datetime": "2016-12-24T00:25:32Z",
        "uri": "http://web.archive.org/web/20161224002532/http://www.youtube.com/watch?v=wGeBumikaZY"
      },
      {
        "datetime": "2016-12-26T11:23:43Z",
        "uri": "http://web.archive.org/web/20161226112343/http://www.youtube.com/watch?v=wGeBumikaZY"
      },
      {
        "datetime": "2017-01-05T16:29:49Z",
        "uri": "http://web.archive.org/web/20170105162949/http://www.youtube.com/watch?v=wGeBumikaZY"
      },
      {
        "datetime": "2017-01-11T03:12:57Z",
        "uri": "http://web.archive.org/web/20170111031257/http://www.youtube.com/watch?v=wGeBumikaZY"
      },
      {
        "datetime": "2017-01-12T08:19:22Z",
        "uri": "http://web.archive.org/web/20170112081922/http://www.youtube.com/watch?v=wGeBumikaZY"
      },
      {
        "datetime": "2017-01-20T21:52:29Z",
        "uri": "http://web.archive.org/web/20170120215229/http://www.youtube.com/watch?v=wGeBumikaZY"
      },
      {
        "datetime": "2017-01-21T18:36:50Z",
        "uri": "http://web.archive.org/web/20170121183650/http://www.youtube.com/watch?v=wGeBumikaZY"
      }
    ],
    "first": {
      "datetime": "2013-11-09T15:08:08Z",
      "uri": "http://web.archive.org/web/20131109150808/http://www.youtube.com/watch?v=wGeBumikaZY&gl=US&hl=en"
    },
    "last": {
      "datetime": "2017-01-21T18:36:50Z",
      "uri": "http://web.archive.org/web/20170121183650/http://www.youtube.com/watch?v=wGeBumikaZY"
    }
  },
  "timemap_uri": {
    "link_format": "https://memgator.cs.odu.edu/timemap/link/http://https://www.youtube.com/watch?v=wGeBumikaZY",
    "json_format": "https://memgator.cs.odu.edu/timemap/json/http://https://www.youtube.com/watch?v=wGeBumikaZY",
    "cdxj_format": "https://memgator.cs.odu.edu/timemap/cdxj/http://https://www.youtube.com/watch?v=wGeBumikaZY"
  },
  "timegate_uri": "https://memgator.cs.odu.edu/timegate/http://https://www.youtube.com/watch?v=wGeBumikaZY"
}