{
  "original_uri": "https://www.vice.com/en_us/article/yw5akk/hillary-clinton-bad-explanation-for-sexual-harassment-scandal",
  "self": "https://memgator.cs.odu.edu/timemap/json/https://www.vice.com/en_us/article/yw5akk/hillary-clinton-bad-explanation-for-sexual-harassment-scandal",
  "mementos": {
    "list": [
      {
        "datetime": "2018-02-01T21:05:36Z",
        "uri": "http://web.archive.org/web/20180201210536/https://www.vice.com/en_us/article/yw5akk/hillary-clinton-bad-explanation-for-sexual-harassment-scandal"
      },
      {
        "datetime": "2018-02-03T22:11:01Z",
        "uri": "http://web.archive.org/web/20180203221101/https://www.vice.com/en_us/article/yw5akk/hillary-clinton-bad-explanation-for-sexual-harassment-scandal"
      }
    ],
    "first": {
      "datetime": "2018-02-01T21:05:36Z",
      "uri": "http://web.archive.org/web/20180201210536/https://www.vice.com/en_us/article/yw5akk/hillary-clinton-bad-explanation-for-sexual-harassment-scandal"
    },
    "last": {
      "datetime": "2018-02-03T22:11:01Z",
      "uri": "http://web.archive.org/web/20180203221101/https://www.vice.com/en_us/article/yw5akk/hillary-clinton-bad-explanation-for-sexual-harassment-scandal"
    }
  },
  "timemap_uri": {
    "link_format": "https://memgator.cs.odu.edu/timemap/link/https://www.vice.com/en_us/article/yw5akk/hillary-clinton-bad-explanation-for-sexual-harassment-scandal",
    "json_format": "https://memgator.cs.odu.edu/timemap/json/https://www.vice.com/en_us/article/yw5akk/hillary-clinton-bad-explanation-for-sexual-harassment-scandal",
    "cdxj_format": "https://memgator.cs.odu.edu/timemap/cdxj/https://www.vice.com/en_us/article/yw5akk/hillary-clinton-bad-explanation-for-sexual-harassment-scandal"
  },
  "timegate_uri": "https://memgator.cs.odu.edu/timegate/https://www.vice.com/en_us/article/yw5akk/hillary-clinton-bad-explanation-for-sexual-harassment-scandal"
}