{
  "original_uri": "https://www.nintendo.co.jp/corporate/release/en/2018/180201.html",
  "self": "https://memgator.cs.odu.edu/timemap/json/https://www.nintendo.co.jp/corporate/release/en/2018/180201.html",
  "mementos": {
    "list": [
      {
        "datetime": "2018-02-01T01:59:31Z",
        "uri": "http://web.archive.org/web/20180201015931/https://www.nintendo.co.jp/corporate/release/en/2018/180201.html"
      },
      {
        "datetime": "2018-02-01T05:38:00Z",
        "uri": "http://web.archive.org/web/20180201053800/https://www.nintendo.co.jp/corporate/release/en/2018/180201.html"
      },
      {
        "datetime": "2018-02-02T01:24:58Z",
        "uri": "http://web.archive.org/web/20180202012458/https://www.nintendo.co.jp/corporate/release/en/2018/180201.html"
      },
      {
        "datetime": "2018-02-04T05:17:16Z",
        "uri": "http://wayback.archive-it.org/all/20180204051716/https://www.nintendo.co.jp/corporate/release/en/2018/180201.html"
      },
      {
        "datetime": "2018-02-04T05:17:16Z",
        "uri": "http://web.archive.org/web/20180204051716/https://www.nintendo.co.jp/corporate/release/en/2018/180201.html"
      }
    ],
    "first": {
      "datetime": "2018-02-01T01:59:31Z",
      "uri": "http://web.archive.org/web/20180201015931/https://www.nintendo.co.jp/corporate/release/en/2018/180201.html"
    },
    "last": {
      "datetime": "2018-02-04T05:17:16Z",
      "uri": "http://web.archive.org/web/20180204051716/https://www.nintendo.co.jp/corporate/release/en/2018/180201.html"
    }
  },
  "timemap_uri": {
    "link_format": "https://memgator.cs.odu.edu/timemap/link/https://www.nintendo.co.jp/corporate/release/en/2018/180201.html",
    "json_format": "https://memgator.cs.odu.edu/timemap/json/https://www.nintendo.co.jp/corporate/release/en/2018/180201.html",
    "cdxj_format": "https://memgator.cs.odu.edu/timemap/cdxj/https://www.nintendo.co.jp/corporate/release/en/2018/180201.html"
  },
  "timegate_uri": "https://memgator.cs.odu.edu/timegate/https://www.nintendo.co.jp/corporate/release/en/2018/180201.html"
}