{
  "original_uri": "http://www.radiolunaweb.com",
  "self": "https://memgator.cs.odu.edu/timemap/json/http://www.radiolunaweb.com",
  "mementos": {
    "list": [
      {
        "datetime": "2017-06-01T08:05:49Z",
        "uri": "http://web.archive.org/web/20170601080549/http://radiolunaweb.com/"
      },
      {
        "datetime": "2017-09-13T03:38:57Z",
        "uri": "http://web.archive.org/web/20170913033857/http://www.radiolunaweb.com/"
      },
      {
        "datetime": "2018-01-21T20:37:42Z",
        "uri": "http://web.archive.org/web/20180121203742/https://www.radiolunaweb.com/"
      },
      {
        "datetime": "2018-02-02T14:22:12Z",
        "uri": "http://web.archive.org/web/20180202142212/http://www.radiolunaweb.com/"
      }
    ],
    "first": {
      "datetime": "2017-06-01T08:05:49Z",
      "uri": "http://web.archive.org/web/20170601080549/http://radiolunaweb.com/"
    },
    "last": {
      "datetime": "2018-02-02T14:22:12Z",
      "uri": "http://web.archive.org/web/20180202142212/http://www.radiolunaweb.com/"
    }
  },
  "timemap_uri": {
    "link_format": "https://memgator.cs.odu.edu/timemap/link/http://www.radiolunaweb.com",
    "json_format": "https://memgator.cs.odu.edu/timemap/json/http://www.radiolunaweb.com",
    "cdxj_format": "https://memgator.cs.odu.edu/timemap/cdxj/http://www.radiolunaweb.com"
  },
  "timegate_uri": "https://memgator.cs.odu.edu/timegate/http://www.radiolunaweb.com"
}