{
  "original_uri": "http://www.gospelradio.tk",
  "self": "https://memgator.cs.odu.edu/timemap/json/http://www.gospelradio.tk",
  "mementos": {
    "list": [
      {
        "datetime": "2011-11-11T00:10:52Z",
        "uri": "http://web.archive.org/web/20111111001052/http://gospelradio.tk:80/"
      },
      {
        "datetime": "2014-05-17T10:17:06Z",
        "uri": "http://web.archive.org/web/20140517101706/http://gospelradio.tk/"
      },
      {
        "datetime": "2014-12-17T06:18:57Z",
        "uri": "http://web.archive.org/web/20141217061857/http://gospelradio.tk/"
      },
      {
        "datetime": "2015-08-01T14:03:11Z",
        "uri": "http://web.archive.org/web/20150801140311/http://gospelradio.tk/"
      },
      {
        "datetime": "2016-01-09T20:01:03Z",
        "uri": "http://web.archive.org/web/20160109200103/http://gospelradio.tk/"
      },
      {
        "datetime": "2016-01-28T19:30:10Z",
        "uri": "http://web.archive.org/web/20160128193010/http://gospelradio.tk/"
      },
      {
        "datetime": "2016-03-02T12:38:18Z",
        "uri": "http://web.archive.org/web/20160302123818/http://www.gospelradio.tk:80/"
      },
      {
        "datetime": "2016-03-07T14:55:32Z",
        "uri": "http://web.archive.org/web/20160307145532/http://gospelradio.tk/"
      },
      {
        "datetime": "2016-04-02T04:01:59Z",
        "uri": "http://web.archive.org/web/20160402040159/http://www.gospelradio.tk:80/"
      },
      {
        "datetime": "2016-05-03T17:52:47Z",
        "uri": "http://web.archive.org/web/20160503175247/http://www.gospelradio.tk:80/"
      },
      {
        "datetime": "2016-06-05T02:18:52Z",
        "uri": "http://web.archive.org/web/20160605021852/http://www.gospelradio.tk:80/"
      },
      {
        "datetime": "2016-06-06T11:59:35Z",
        "uri": "http://web.archive.org/web/20160606115935/http://www.gospelradio.tk:80/"
      },
      {
        "datetime": "2016-07-07T12:15:31Z",
        "uri": "http://web.archive.org/web/20160707121531/http://www.gospelradio.tk:80/"
      },
      {
        "datetime": "2016-07-08T22:01:46Z",
        "uri": "http://web.archive.org/web/20160708220146/http://www.gospelradio.tk:80/"
      },
      {
        "datetime": "2016-08-11T12:49:32Z",
        "uri": "http://web.archive.org/web/20160811124932/http://www.gospelradio.tk:80/"
      },
      {
        "datetime": "2016-09-21T17:45:31Z",
        "uri": "http://web.archive.org/web/20160921174531/http://www.gospelradio.tk:80/"
      },
      {
        "datetime": "2016-10-02T03:02:07Z",
        "uri": "http://web.archive.org/web/20161002030207/http://gospelradio.tk/"
      },
      {
        "datetime": "2016-10-24T14:36:52Z",
        "uri": "http://web.archive.org/web/20161024143652/http://www.gospelradio.tk:80/"
      },
      {
        "datetime": "2016-12-30T13:45:59Z",
        "uri": "http://web.archive.org/web/20161230134559/http://www.gospelradio.tk:80/"
      },
      {
        "datetime": "2017-05-17T11:44:17Z",
        "uri": "http://web.archive.org/web/20170517114417/http://www.gospelradio.tk:80/"
      },
      {
        "datetime": "2017-05-24T13:11:48Z",
        "uri": "http://web.archive.org/web/20170524131148/http://gospelradio.tk/"
      },
      {
        "datetime": "2017-08-31T19:48:24Z",
        "uri": "http://web.archive.org/web/20170831194824/http://www.gospelradio.tk/"
      },
      {
        "datetime": "2017-09-02T09:19:09Z",
        "uri": "http://web.archive.org/web/20170902091909/http://www.gospelradio.tk/"
      },
      {
        "datetime": "2017-11-14T00:43:42Z",
        "uri": "http://web.archive.org/web/20171114004342/http://www.gospelradio.tk"
      },
      {
        "datetime": "2017-12-12T02:21:55Z",
        "uri": "http://web.archive.org/web/20171212022155/http://www.gospelradio.tk"
      },
      {
        "datetime": "2018-01-16T05:35:54Z",
        "uri": "http://web.archive.org/web/20180116053554/http://www.gospelradio.tk/"
      },
      {
        "datetime": "2018-01-21T13:04:19Z",
        "uri": "http://web.archive.org/web/20180121130419/http://www.gospelradio.tk"
      },
      {
        "datetime": "2018-01-23T13:11:44Z",
        "uri": "http://web.archive.org/web/20180123131144/http://www.gospelradio.tk"
      },
      {
        "datetime": "2018-01-25T15:37:41Z",
        "uri": "http://web.archive.org/web/20180125153741/http://www.gospelradio.tk/"
      }
    ],
    "first": {
      "datetime": "2011-11-11T00:10:52Z",
      "uri": "http://web.archive.org/web/20111111001052/http://gospelradio.tk:80/"
    },
    "last": {
      "datetime": "2018-01-25T15:37:41Z",
      "uri": "http://web.archive.org/web/20180125153741/http://www.gospelradio.tk/"
    }
  },
  "timemap_uri": {
    "link_format": "https://memgator.cs.odu.edu/timemap/link/http://www.gospelradio.tk",
    "json_format": "https://memgator.cs.odu.edu/timemap/json/http://www.gospelradio.tk",
    "cdxj_format": "https://memgator.cs.odu.edu/timemap/cdxj/http://www.gospelradio.tk"
  },
  "timegate_uri": "https://memgator.cs.odu.edu/timegate/http://www.gospelradio.tk"
}