{
  "original_uri": "https://www.ivstv.co.jp/program/%e3%82%a2%e3%83%aa%e3%81%aa%e3%81%ae%ef%bc%9f%e3%83%8a%e3%82%b7%e3%81%aa%e3%81%ae%ef%bc%9f%e7%94%b0%e8%88%8e%e3%82%bb%e3%83%ac%e3%83%96/",
  "self": "https://memgator.cs.odu.edu/timemap/json/https://www.ivstv.co.jp/program/%e3%82%a2%e3%83%aa%e3%81%aa%e3%81%ae%ef%bc%9f%e3%83%8a%e3%82%b7%e3%81%aa%e3%81%ae%ef%bc%9f%e7%94%b0%e8%88%8e%e3%82%bb%e3%83%ac%e3%83%96/",
  "mementos": {
    "list": [
      {
        "datetime": "2018-01-28T02:13:03Z",
        "uri": "http://web.archive.org/web/20180128021303/https://www.ivstv.co.jp/program/%E3%82%A2%E3%83%AA%E3%81%AA%E3%81%AE%EF%BC%9F%E3%83%8A%E3%82%B7%E3%81%AA%E3%81%AE%EF%BC%9F%E7%94%B0%E8%88%8E%E3%82%BB%E3%83%AC%E3%83%96/"
      }
    ],
    "first": {
      "datetime": "2018-01-28T02:13:03Z",
      "uri": "http://web.archive.org/web/20180128021303/https://www.ivstv.co.jp/program/%E3%82%A2%E3%83%AA%E3%81%AA%E3%81%AE%EF%BC%9F%E3%83%8A%E3%82%B7%E3%81%AA%E3%81%AE%EF%BC%9F%E7%94%B0%E8%88%8E%E3%82%BB%E3%83%AC%E3%83%96/"
    },
    "last": {
      "datetime": "2018-01-28T02:13:03Z",
      "uri": "http://web.archive.org/web/20180128021303/https://www.ivstv.co.jp/program/%E3%82%A2%E3%83%AA%E3%81%AA%E3%81%AE%EF%BC%9F%E3%83%8A%E3%82%B7%E3%81%AA%E3%81%AE%EF%BC%9F%E7%94%B0%E8%88%8E%E3%82%BB%E3%83%AC%E3%83%96/"
    }
  },
  "timemap_uri": {
    "link_format": "https://memgator.cs.odu.edu/timemap/link/https://www.ivstv.co.jp/program/%e3%82%a2%e3%83%aa%e3%81%aa%e3%81%ae%ef%bc%9f%e3%83%8a%e3%82%b7%e3%81%aa%e3%81%ae%ef%bc%9f%e7%94%b0%e8%88%8e%e3%82%bb%e3%83%ac%e3%83%96/",
    "json_format": "https://memgator.cs.odu.edu/timemap/json/https://www.ivstv.co.jp/program/%e3%82%a2%e3%83%aa%e3%81%aa%e3%81%ae%ef%bc%9f%e3%83%8a%e3%82%b7%e3%81%aa%e3%81%ae%ef%bc%9f%e7%94%b0%e8%88%8e%e3%82%bb%e3%83%ac%e3%83%96/",
    "cdxj_format": "https://memgator.cs.odu.edu/timemap/cdxj/https://www.ivstv.co.jp/program/%e3%82%a2%e3%83%aa%e3%81%aa%e3%81%ae%ef%bc%9f%e3%83%8a%e3%82%b7%e3%81%aa%e3%81%ae%ef%bc%9f%e7%94%b0%e8%88%8e%e3%82%bb%e3%83%ac%e3%83%96/"
  },
  "timegate_uri": "https://memgator.cs.odu.edu/timegate/https://www.ivstv.co.jp/program/%e3%82%a2%e3%83%aa%e3%81%aa%e3%81%ae%ef%bc%9f%e3%83%8a%e3%82%b7%e3%81%aa%e3%81%ae%ef%bc%9f%e7%94%b0%e8%88%8e%e3%82%bb%e3%83%ac%e3%83%96/"
}