{
  "original_uri": "http://www.ebay.com/itm/Donald-Trump-President-2016-Republican-Bumper-Sticker-Vinyl-Decal-/281904639558?var=580879850757",
  "self": "https://memgator.cs.odu.edu/timemap/json/http://www.ebay.com/itm/Donald-Trump-President-2016-Republican-Bumper-Sticker-Vinyl-Decal-/281904639558?var=580879850757",
  "mementos": {
    "list": [
      {
        "datetime": "2017-09-06T08:34:31Z",
        "uri": "http://web.archive.org/web/20170906083431/http://www.ebay.com/itm/Donald-Trump-President-2016-Republican-Bumper-Sticker-Vinyl-Decal-/281904639558?var=580879850757"
      },
      {
        "datetime": "2018-01-25T07:07:12Z",
        "uri": "http://wayback.archive-it.org/all/20180125070712/http://www.ebay.com/itm/Donald-Trump-President-2016-Republican-Bumper-Sticker-Vinyl-Decal-/281904639558?var=580879850757"
      },
      {
        "datetime": "2018-01-25T07:07:12Z",
        "uri": "http://web.archive.org/web/20180125070712/http://www.ebay.com/itm/Donald-Trump-President-2016-Republican-Bumper-Sticker-Vinyl-Decal-/281904639558?var=580879850757"
      },
      {
        "datetime": "2018-01-25T09:14:18Z",
        "uri": "http://wayback.archive-it.org/all/20180125091418/http://www.ebay.com/itm/Donald-Trump-President-2016-Republican-Bumper-Sticker-Vinyl-Decal-/281904639558?var=580879850757"
      },
      {
        "datetime": "2018-01-25T09:14:18Z",
        "uri": "http://web.archive.org/web/20180125091418/http://www.ebay.com/itm/Donald-Trump-President-2016-Republican-Bumper-Sticker-Vinyl-Decal-/281904639558?var=580879850757"
      },
      {
        "datetime": "2018-01-25T11:12:56Z",
        "uri": "http://wayback.archive-it.org/all/20180125111256/http://www.ebay.com/itm/Donald-Trump-President-2016-Republican-Bumper-Sticker-Vinyl-Decal-/281904639558?var=580879850757"
      },
      {
        "datetime": "2018-01-25T11:12:56Z",
        "uri": "http://web.archive.org/web/20180125111256/http://www.ebay.com/itm/Donald-Trump-President-2016-Republican-Bumper-Sticker-Vinyl-Decal-/281904639558?var=580879850757"
      },
      {
        "datetime": "2018-01-25T15:39:18Z",
        "uri": "http://wayback.archive-it.org/all/20180125153918/https://www.ebay.com/itm/Donald-Trump-President-2016-Republican-Bumper-Sticker-Vinyl-Decal-/281904639558?var=580879850757"
      },
      {
        "datetime": "2018-01-25T15:39:18Z",
        "uri": "http://web.archive.org/web/20180125153918/https://www.ebay.com/itm/Donald-Trump-President-2016-Republican-Bumper-Sticker-Vinyl-Decal-/281904639558?var=580879850757"
      },
      {
        "datetime": "2018-01-25T16:44:24Z",
        "uri": "http://wayback.archive-it.org/all/20180125164424/https://www.ebay.com/itm/Donald-Trump-President-2016-Republican-Bumper-Sticker-Vinyl-Decal-/281904639558?var=580879850757"
      },
      {
        "datetime": "2018-01-25T16:44:24Z",
        "uri": "http://web.archive.org/web/20180125164424/https://www.ebay.com/itm/Donald-Trump-President-2016-Republican-Bumper-Sticker-Vinyl-Decal-/281904639558?var=580879850757"
      }
    ],
    "first": {
      "datetime": "2017-09-06T08:34:31Z",
      "uri": "http://web.archive.org/web/20170906083431/http://www.ebay.com/itm/Donald-Trump-President-2016-Republican-Bumper-Sticker-Vinyl-Decal-/281904639558?var=580879850757"
    },
    "last": {
      "datetime": "2018-01-25T16:44:24Z",
      "uri": "http://web.archive.org/web/20180125164424/https://www.ebay.com/itm/Donald-Trump-President-2016-Republican-Bumper-Sticker-Vinyl-Decal-/281904639558?var=580879850757"
    }
  },
  "timemap_uri": {
    "link_format": "https://memgator.cs.odu.edu/timemap/link/http://www.ebay.com/itm/Donald-Trump-President-2016-Republican-Bumper-Sticker-Vinyl-Decal-/281904639558?var=580879850757",
    "json_format": "https://memgator.cs.odu.edu/timemap/json/http://www.ebay.com/itm/Donald-Trump-President-2016-Republican-Bumper-Sticker-Vinyl-Decal-/281904639558?var=580879850757",
    "cdxj_format": "https://memgator.cs.odu.edu/timemap/cdxj/http://www.ebay.com/itm/Donald-Trump-President-2016-Republican-Bumper-Sticker-Vinyl-Decal-/281904639558?var=580879850757"
  },
  "timegate_uri": "https://memgator.cs.odu.edu/timegate/http://www.ebay.com/itm/Donald-Trump-President-2016-Republican-Bumper-Sticker-Vinyl-Decal-/281904639558?var=580879850757"
}