{
  "original_uri": "https://www.nytimes.com/interactive/2018/01/15/opinion/leonhardt-trump-racist.html",
  "self": "https://memgator.cs.odu.edu/timemap/json/https://www.nytimes.com/interactive/2018/01/15/opinion/leonhardt-trump-racist.html",
  "mementos": {
    "list": [
      {
        "datetime": "2018-01-15T13:43:16Z",
        "uri": "http://web.archive.org/web/20180115134316/https://www.nytimes.com/interactive/2018/01/15/opinion/leonhardt-trump-racist.html"
      },
      {
        "datetime": "2018-01-15T13:52:54Z",
        "uri": "http://archive.is/20180115135254/https://www.nytimes.com/interactive/2018/01/15/opinion/leonhardt-trump-racist.html"
      },
      {
        "datetime": "2018-01-15T14:03:19Z",
        "uri": "http://web.archive.org/web/20180115140319/https://www.nytimes.com/interactive/2018/01/15/opinion/leonhardt-trump-racist.html"
      },
      {
        "datetime": "2018-01-15T14:17:42Z",
        "uri": "http://web.archive.org/web/20180115141742/https://www.nytimes.com/interactive/2018/01/15/opinion/leonhardt-trump-racist.html"
      },
      {
        "datetime": "2018-01-15T14:43:17Z",
        "uri": "http://web.archive.org/web/20180115144317/https://www.nytimes.com/interactive/2018/01/15/opinion/leonhardt-trump-racist.html"
      },
      {
        "datetime": "2018-01-15T14:59:21Z",
        "uri": "http://web.archive.org/web/20180115145921/https://www.nytimes.com/interactive/2018/01/15/opinion/leonhardt-trump-racist.html"
      },
      {
        "datetime": "2018-01-15T15:04:50Z",
        "uri": "http://web.archive.org/web/20180115150450/https://www.nytimes.com/interactive/2018/01/15/opinion/leonhardt-trump-racist.html"
      },
      {
        "datetime": "2018-01-15T15:26:05Z",
        "uri": "http://web.archive.org/web/20180115152605/https://www.nytimes.com/interactive/2018/01/15/opinion/leonhardt-trump-racist.html"
      },
      {
        "datetime": "2018-01-15T15:53:31Z",
        "uri": "http://archive.is/20180115155331/https://www.nytimes.com/interactive/2018/01/15/opinion/leonhardt-trump-racist.html"
      },
      {
        "datetime": "2018-01-15T16:00:23Z",
        "uri": "http://web.archive.org/web/20180115160023/https://www.nytimes.com/interactive/2018/01/15/opinion/leonhardt-trump-racist.html"
      },
      {
        "datetime": "2018-01-15T16:31:18Z",
        "uri": "http://web.archive.org/web/20180115163118/https://www.nytimes.com/interactive/2018/01/15/opinion/leonhardt-trump-racist.html"
      },
      {
        "datetime": "2018-01-15T17:08:19Z",
        "uri": "http://web.archive.org/web/20180115170819/https://www.nytimes.com/interactive/2018/01/15/opinion/leonhardt-trump-racist.html"
      },
      {
        "datetime": "2018-01-15T17:25:27Z",
        "uri": "http://web.archive.org/web/20180115172527/https://www.nytimes.com/interactive/2018/01/15/opinion/leonhardt-trump-racist.html"
      },
      {
        "datetime": "2018-01-15T17:42:53Z",
        "uri": "http://web.archive.org/web/20180115174253/https://www.nytimes.com/interactive/2018/01/15/opinion/leonhardt-trump-racist.html"
      },
      {
        "datetime": "2018-01-15T18:02:24Z",
        "uri": "http://web.archive.org/web/20180115180224/https://www.nytimes.com/interactive/2018/01/15/opinion/leonhardt-trump-racist.html"
      },
      {
        "datetime": "2018-01-15T18:17:10Z",
        "uri": "http://web.archive.org/web/20180115181710/https://www.nytimes.com/interactive/2018/01/15/opinion/leonhardt-trump-racist.html"
      },
      {
        "datetime": "2018-01-15T18:51:04Z",
        "uri": "http://web.archive.org/web/20180115185104/https://www.nytimes.com/interactive/2018/01/15/opinion/leonhardt-trump-racist.html"
      },
      {
        "datetime": "2018-01-15T19:57:57Z",
        "uri": "http://web.archive.org/web/20180115195757/https://www.nytimes.com/interactive/2018/01/15/opinion/leonhardt-trump-racist.html"
      },
      {
        "datetime": "2018-01-15T22:32:27Z",
        "uri": "http://web.archive.org/web/20180115223227/https://www.nytimes.com/interactive/2018/01/15/opinion/leonhardt-trump-racist.html"
      },
      {
        "datetime": "2018-01-16T00:34:51Z",
        "uri": "http://web.archive.org/web/20180116003451/https://www.nytimes.com/interactive/2018/01/15/opinion/leonhardt-trump-racist.html"
      },
      {
        "datetime": "2018-01-16T02:02:32Z",
        "uri": "http://web.archive.org/web/20180116020232/https://www.nytimes.com/interactive/2018/01/15/opinion/leonhardt-trump-racist.html"
      },
      {
        "datetime": "2018-01-16T02:24:28Z",
        "uri": "http://web.archive.org/web/20180116022428/https://www.nytimes.com/interactive/2018/01/15/opinion/leonhardt-trump-racist.html"
      },
      {
        "datetime": "2018-01-16T15:27:50Z",
        "uri": "http://web.archive.org/web/20180116152750/https://www.nytimes.com/interactive/2018/01/15/opinion/leonhardt-trump-racist.html"
      },
      {
        "datetime": "2018-01-16T18:04:13Z",
        "uri": "http://web.archive.org/web/20180116180413/https://www.nytimes.com/interactive/2018/01/15/opinion/leonhardt-trump-racist.html"
      },
      {
        "datetime": "2018-01-17T09:58:41Z",
        "uri": "http://web.archive.org/web/20180117095841/https://www.nytimes.com/interactive/2018/01/15/opinion/leonhardt-trump-racist.html"
      },
      {
        "datetime": "2018-01-17T14:28:14Z",
        "uri": "http://web.archive.org/web/20180117142814/https://www.nytimes.com/interactive/2018/01/15/opinion/leonhardt-trump-racist.html"
      },
      {
        "datetime": "2018-01-17T15:15:20Z",
        "uri": "http://web.archive.org/web/20180117151520/https://www.nytimes.com/interactive/2018/01/15/opinion/leonhardt-trump-racist.html"
      },
      {
        "datetime": "2018-01-18T21:56:39Z",
        "uri": "http://web.archive.org/web/20180118215639/https://www.nytimes.com/interactive/2018/01/15/opinion/leonhardt-trump-racist.html"
      },
      {
        "datetime": "2018-01-18T23:25:37Z",
        "uri": "http://web.archive.org/web/20180118232537/https://www.nytimes.com/interactive/2018/01/15/opinion/leonhardt-trump-racist.html"
      },
      {
        "datetime": "2018-01-19T12:00:50Z",
        "uri": "http://web.archive.org/web/20180119120050/https://www.nytimes.com/interactive/2018/01/15/opinion/leonhardt-trump-racist.html"
      },
      {
        "datetime": "2018-01-21T03:13:13Z",
        "uri": "http://web.archive.org/web/20180121031313/https://www.nytimes.com/interactive/2018/01/15/opinion/leonhardt-trump-racist.html"
      },
      {
        "datetime": "2018-01-21T17:32:55Z",
        "uri": "http://web.archive.org/web/20180121173255/https://www.nytimes.com/interactive/2018/01/15/opinion/leonhardt-trump-racist.html"
      },
      {
        "datetime": "2018-01-21T18:34:15Z",
        "uri": "http://web.archive.org/web/20180121183415/https://www.nytimes.com/interactive/2018/01/15/opinion/leonhardt-trump-racist.html"
      },
      {
        "datetime": "2018-01-23T08:25:45Z",
        "uri": "http://web.archive.org/web/20180123082545/https://www.nytimes.com/interactive/2018/01/15/opinion/leonhardt-trump-racist.html"
      },
      {
        "datetime": "2018-01-23T21:52:47Z",
        "uri": "http://web.archive.org/web/20180123215247/https://www.nytimes.com/interactive/2018/01/15/opinion/leonhardt-trump-racist.html"
      },
      {
        "datetime": "2018-01-24T10:58:13Z",
        "uri": "http://web.archive.org/web/20180124105813/https://www.nytimes.com/interactive/2018/01/15/opinion/leonhardt-trump-racist.html"
      },
      {
        "datetime": "2018-01-25T11:50:16Z",
        "uri": "http://web.archive.org/web/20180125115016/https://www.nytimes.com/interactive/2018/01/15/opinion/leonhardt-trump-racist.html"
      },
      {
        "datetime": "2018-01-25T13:17:22Z",
        "uri": "http://wayback.archive-it.org/all/20180125131722/https://www.nytimes.com/interactive/2018/01/15/opinion/leonhardt-trump-racist.html"
      },
      {
        "datetime": "2018-01-25T13:17:22Z",
        "uri": "http://web.archive.org/web/20180125131722/https://www.nytimes.com/interactive/2018/01/15/opinion/leonhardt-trump-racist.html"
      },
      {
        "datetime": "2018-01-25T13:26:49Z",
        "uri": "http://wayback.archive-it.org/all/20180125132649/https://www.nytimes.com/interactive/2018/01/15/opinion/leonhardt-trump-racist.html"
      },
      {
        "datetime": "2018-01-25T13:26:49Z",
        "uri": "http://web.archive.org/web/20180125132649/https://www.nytimes.com/interactive/2018/01/15/opinion/leonhardt-trump-racist.html"
      },
      {
        "datetime": "2018-01-26T14:11:04Z",
        "uri": "http://web.archive.org/web/20180126141104/https://www.nytimes.com/interactive/2018/01/15/opinion/leonhardt-trump-racist.html"
      },
      {
        "datetime": "2018-01-27T17:54:18Z",
        "uri": "http://web.archive.org/web/20180127175418/https://www.nytimes.com/interactive/2018/01/15/opinion/leonhardt-trump-racist.html"
      },
      {
        "datetime": "2018-01-28T19:41:46Z",
        "uri": "http://web.archive.org/web/20180128194146/https://www.nytimes.com/interactive/2018/01/15/opinion/leonhardt-trump-racist.html"
      },
      {
        "datetime": "2018-01-30T02:06:24Z",
        "uri": "http://web.archive.org/web/20180130020624/https://www.nytimes.com/interactive/2018/01/15/opinion/leonhardt-trump-racist.html"
      },
      {
        "datetime": "2018-01-31T14:54:59Z",
        "uri": "http://web.archive.org/web/20180131145459/https://www.nytimes.com/interactive/2018/01/15/opinion/leonhardt-trump-racist.html"
      },
      {
        "datetime": "2018-01-31T15:43:54Z",
        "uri": "http://web.archive.org/web/20180131154354/https://www.nytimes.com/interactive/2018/01/15/opinion/leonhardt-trump-racist.html"
      },
      {
        "datetime": "2018-02-01T00:36:36Z",
        "uri": "http://web.archive.org/web/20180201003636/https://www.nytimes.com/interactive/2018/01/15/opinion/leonhardt-trump-racist.html"
      },
      {
        "datetime": "2018-02-01T16:17:39Z",
        "uri": "http://web.archive.org/web/20180201161739/https://www.nytimes.com/interactive/2018/01/15/opinion/leonhardt-trump-racist.html"
      },
      {
        "datetime": "2018-02-01T18:23:12Z",
        "uri": "http://web.archive.org/web/20180201182312/https://www.nytimes.com/interactive/2018/01/15/opinion/leonhardt-trump-racist.html"
      },
      {
        "datetime": "2018-02-02T06:09:34Z",
        "uri": "http://web.archive.org/web/20180202060934/http://www.nytimes.com/interactive/2018/01/15/opinion/leonhardt-trump-racist.html"
      },
      {
        "datetime": "2018-02-03T15:09:22Z",
        "uri": "http://web.archive.org/web/20180203150922/https://www.nytimes.com/interactive/2018/01/15/opinion/leonhardt-trump-racist.html"
      },
      {
        "datetime": "2018-02-03T21:24:17Z",
        "uri": "http://web.archive.org/web/20180203212417/https://www.nytimes.com/interactive/2018/01/15/opinion/leonhardt-trump-racist.html"
      },
      {
        "datetime": "2018-02-05T12:18:24Z",
        "uri": "http://web.archive.org/web/20180205121824/https://www.nytimes.com/interactive/2018/01/15/opinion/leonhardt-trump-racist.html"
      },
      {
        "datetime": "2018-02-05T23:45:01Z",
        "uri": "http://web.archive.org/web/20180205234501/https://www.nytimes.com/interactive/2018/01/15/opinion/leonhardt-trump-racist.html"
      },
      {
        "datetime": "2018-02-06T17:05:40Z",
        "uri": "http://web.archive.org/web/20180206170540/https://www.nytimes.com/interactive/2018/01/15/opinion/leonhardt-trump-racist.html"
      },
      {
        "datetime": "2018-02-06T21:30:58Z",
        "uri": "http://web.archive.org/web/20180206213058/https://www.nytimes.com/interactive/2018/01/15/opinion/leonhardt-trump-racist.html"
      }
    ],
    "first": {
      "datetime": "2018-01-15T13:43:16Z",
      "uri": "http://web.archive.org/web/20180115134316/https://www.nytimes.com/interactive/2018/01/15/opinion/leonhardt-trump-racist.html"
    },
    "last": {
      "datetime": "2018-02-06T21:30:58Z",
      "uri": "http://web.archive.org/web/20180206213058/https://www.nytimes.com/interactive/2018/01/15/opinion/leonhardt-trump-racist.html"
    }
  },
  "timemap_uri": {
    "link_format": "https://memgator.cs.odu.edu/timemap/link/https://www.nytimes.com/interactive/2018/01/15/opinion/leonhardt-trump-racist.html",
    "json_format": "https://memgator.cs.odu.edu/timemap/json/https://www.nytimes.com/interactive/2018/01/15/opinion/leonhardt-trump-racist.html",
    "cdxj_format": "https://memgator.cs.odu.edu/timemap/cdxj/https://www.nytimes.com/interactive/2018/01/15/opinion/leonhardt-trump-racist.html"
  },
  "timegate_uri": "https://memgator.cs.odu.edu/timegate/https://www.nytimes.com/interactive/2018/01/15/opinion/leonhardt-trump-racist.html"
}