{
  "original_uri": "http://www.gq-magazine.co.uk/article/donald-trump-melania-trump-knauss-first-lady-erections",
  "self": "https://memgator.cs.odu.edu/timemap/json/http://www.gq-magazine.co.uk/article/donald-trump-melania-trump-knauss-first-lady-erections",
  "mementos": {
    "list": [
      {
        "datetime": "2016-03-06T11:11:11Z",
        "uri": "http://web.archive.org/web/20160306111111/http://www.gq-magazine.co.uk/article/donald-trump-melania-trump-knauss-first-lady-erections"
      },
      {
        "datetime": "2016-03-07T05:54:45Z",
        "uri": "http://web.archive.org/web/20160307055445/http://www.gq-magazine.co.uk:80/article/donald-trump-melania-trump-knauss-first-lady-erections"
      },
      {
        "datetime": "2016-03-08T07:55:31Z",
        "uri": "http://web.archive.org/web/20160308075531/http://www.gq-magazine.co.uk:80/article/donald-trump-melania-trump-knauss-first-lady-erections"
      },
      {
        "datetime": "2016-03-17T22:28:45Z",
        "uri": "http://web.archive.org/web/20160317222845/http://www.gq-magazine.co.uk/article/donald-trump-melania-trump-knauss-first-lady-erections"
      },
      {
        "datetime": "2016-03-19T05:49:31Z",
        "uri": "http://web.archive.org/web/20160319054931/http://www.gq-magazine.co.uk:80/article/donald-trump-melania-trump-knauss-first-lady-erections"
      },
      {
        "datetime": "2016-03-20T13:21:04Z",
        "uri": "http://web.archive.org/web/20160320132104/http://www.gq-magazine.co.uk:80/article/donald-trump-melania-trump-knauss-first-lady-erections"
      },
      {
        "datetime": "2016-03-23T05:43:57Z",
        "uri": "http://webarchive.loc.gov/all/20160323054357/http://www.gq-magazine.co.uk/article/donald-trump-melania-trump-knauss-first-lady-erections"
      },
      {
        "datetime": "2016-03-23T14:57:29Z",
        "uri": "http://archive.is/20160323145729/http://www.gq-magazine.co.uk/article/donald-trump-melania-trump-knauss-first-lady-erections"
      },
      {
        "datetime": "2016-03-24T01:40:10Z",
        "uri": "http://webarchive.loc.gov/all/20160324014010/http://www.gq-magazine.co.uk/article/donald-trump-melania-trump-knauss-first-lady-erections"
      },
      {
        "datetime": "2016-03-25T00:02:39Z",
        "uri": "http://web.archive.org/web/20160325000239/http://www.gq-magazine.co.uk/article/donald-trump-melania-trump-knauss-first-lady-erections"
      },
      {
        "datetime": "2016-03-26T11:15:28Z",
        "uri": "http://web.archive.org/web/20160326111528/http://www.gq-magazine.co.uk:80/article/donald-trump-melania-trump-knauss-first-lady-erections?"
      },
      {
        "datetime": "2016-03-26T22:30:30Z",
        "uri": "http://web.archive.org/web/20160326223030/http://www.gq-magazine.co.uk:80/article/donald-trump-melania-trump-knauss-first-lady-erections"
      },
      {
        "datetime": "2016-03-29T20:47:47Z",
        "uri": "http://webarchive.loc.gov/all/20160329204747/http://www.gq-magazine.co.uk/article/donald-trump-melania-trump-knauss-first-lady-erections"
      },
      {
        "datetime": "2016-03-30T03:26:48Z",
        "uri": "http://webarchive.loc.gov/all/20160330032648/http://www.gq-magazine.co.uk/article/donald-trump-melania-trump-knauss-first-lady-erections"
      },
      {
        "datetime": "2016-03-30T16:05:03Z",
        "uri": "http://web.archive.org/web/20160330160503/http://www.gq-magazine.co.uk/article/donald-trump-melania-trump-knauss-first-lady-erections"
      },
      {
        "datetime": "2016-03-31T03:55:26Z",
        "uri": "http://web.archive.org/web/20160331035526/http://www.gq-magazine.co.uk:80/article/donald-trump-melania-trump-knauss-first-lady-erections"
      },
      {
        "datetime": "2016-04-01T14:51:00Z",
        "uri": "http://wayback.archive-it.org/all/20160401145100/http://www.gq-magazine.co.uk/article/donald-trump-melania-trump-knauss-first-lady-erections"
      },
      {
        "datetime": "2016-04-01T14:51:00Z",
        "uri": "http://web.archive.org/web/20160401145100/http://www.gq-magazine.co.uk/article/donald-trump-melania-trump-knauss-first-lady-erections"
      },
      {
        "datetime": "2016-04-03T19:42:07Z",
        "uri": "http://wayback.archive-it.org/all/20160403194207/http://www.gq-magazine.co.uk/article/donald-trump-melania-trump-knauss-first-lady-erections"
      },
      {
        "datetime": "2016-04-03T19:42:07Z",
        "uri": "http://web.archive.org/web/20160403194207/http://www.gq-magazine.co.uk/article/donald-trump-melania-trump-knauss-first-lady-erections"
      },
      {
        "datetime": "2016-04-04T14:09:59Z",
        "uri": "http://web.archive.org/web/20160404140959/http://www.gq-magazine.co.uk:80/article/donald-trump-melania-trump-knauss-first-lady-erections"
      },
      {
        "datetime": "2016-04-05T21:59:39Z",
        "uri": "http://web.archive.org/web/20160405215939/http://www.gq-magazine.co.uk:80/article/donald-trump-melania-trump-knauss-first-lady-erections"
      },
      {
        "datetime": "2016-04-05T22:58:33Z",
        "uri": "http://webarchive.loc.gov/all/20160405225833/http://www.gq-magazine.co.uk/article/donald-trump-melania-trump-knauss-first-lady-erections"
      },
      {
        "datetime": "2016-04-07T01:27:51Z",
        "uri": "http://webarchive.loc.gov/all/20160407012751/http://www.gq-magazine.co.uk/article/donald-trump-melania-trump-knauss-first-lady-erections"
      },
      {
        "datetime": "2016-04-09T14:17:05Z",
        "uri": "http://web.archive.org/web/20160409141705/http://www.gq-magazine.co.uk:80/article/donald-trump-melania-trump-knauss-first-lady-erections"
      },
      {
        "datetime": "2016-04-13T00:17:37Z",
        "uri": "http://webarchive.loc.gov/all/20160413001737/http://www.gq-magazine.co.uk/article/donald-trump-melania-trump-knauss-first-lady-erections"
      },
      {
        "datetime": "2016-04-14T06:54:33Z",
        "uri": "http://webarchive.loc.gov/all/20160414065433/http://www.gq-magazine.co.uk/article/donald-trump-melania-trump-knauss-first-lady-erections"
      },
      {
        "datetime": "2016-04-15T09:03:35Z",
        "uri": "http://web.archive.org/web/20160415090335/http://www.gq-magazine.co.uk:80/article/donald-trump-melania-trump-knauss-first-lady-erections"
      },
      {
        "datetime": "2016-04-17T04:47:49Z",
        "uri": "http://webarchive.loc.gov/all/20160417044749/http://www.gq-magazine.co.uk/article/donald-trump-melania-trump-knauss-first-lady-erections"
      },
      {
        "datetime": "2016-04-20T01:04:12Z",
        "uri": "http://webarchive.loc.gov/all/20160420010412/http://www.gq-magazine.co.uk/article/donald-trump-melania-trump-knauss-first-lady-erections"
      },
      {
        "datetime": "2016-04-21T08:49:24Z",
        "uri": "http://webarchive.loc.gov/all/20160421084924/http://www.gq-magazine.co.uk/article/donald-trump-melania-trump-knauss-first-lady-erections"
      },
      {
        "datetime": "2016-04-23T09:06:42Z",
        "uri": "http://web.archive.org/web/20160423090642/http://www.gq-magazine.co.uk:80/article/donald-trump-melania-trump-knauss-first-lady-erections"
      },
      {
        "datetime": "2016-04-27T04:00:17Z",
        "uri": "http://webarchive.loc.gov/all/20160427040017/http://www.gq-magazine.co.uk/article/donald-trump-melania-trump-knauss-first-lady-erections"
      },
      {
        "datetime": "2016-04-27T15:49:24Z",
        "uri": "http://webarchive.loc.gov/all/20160427154924/http://www.gq-magazine.co.uk/article/donald-trump-melania-trump-knauss-first-lady-erections"
      },
      {
        "datetime": "2016-04-27T17:40:53Z",
        "uri": "http://web.archive.org/web/20160427174053/http://www.gq-magazine.co.uk:80/article/donald-trump-melania-trump-knauss-first-lady-erections?"
      },
      {
        "datetime": "2016-04-27T18:49:30Z",
        "uri": "http://web.archive.org/web/20160427184930/http://www.gq-magazine.co.uk:80/article/donald-trump-melania-trump-knauss-first-lady-erections"
      },
      {
        "datetime": "2016-04-29T17:27:56Z",
        "uri": "http://web.archive.org/web/20160429172756/http://www.gq-magazine.co.uk/article/donald-trump-melania-trump-knauss-first-lady-erections"
      },
      {
        "datetime": "2016-05-04T05:05:17Z",
        "uri": "http://webarchive.loc.gov/all/20160504050517/http://www.gq-magazine.co.uk/article/donald-trump-melania-trump-knauss-first-lady-erections"
      },
      {
        "datetime": "2016-05-04T14:11:44Z",
        "uri": "http://webarchive.loc.gov/all/20160504141144/http://www.gq-magazine.co.uk/article/donald-trump-melania-trump-knauss-first-lady-erections"
      },
      {
        "datetime": "2016-05-11T16:07:40Z",
        "uri": "http://webarchive.loc.gov/all/20160511160740/http://www.gq-magazine.co.uk/article/donald-trump-melania-trump-knauss-first-lady-erections"
      },
      {
        "datetime": "2016-05-11T19:52:41Z",
        "uri": "http://webarchive.loc.gov/all/20160511195241/http://www.gq-magazine.co.uk/article/donald-trump-melania-trump-knauss-first-lady-erections"
      },
      {
        "datetime": "2016-05-18T15:04:33Z",
        "uri": "http://webarchive.loc.gov/all/20160518150433/http://www.gq-magazine.co.uk/article/donald-trump-melania-trump-knauss-first-lady-erections"
      },
      {
        "datetime": "2016-05-18T19:42:14Z",
        "uri": "http://webarchive.loc.gov/all/20160518194214/http://www.gq-magazine.co.uk/article/donald-trump-melania-trump-knauss-first-lady-erections"
      },
      {
        "datetime": "2016-05-21T02:31:28Z",
        "uri": "http://web.archive.org/web/20160521023128/http://www.gq-magazine.co.uk:80/article/donald-trump-melania-trump-knauss-first-lady-erections"
      },
      {
        "datetime": "2016-05-25T02:37:28Z",
        "uri": "http://webarchive.loc.gov/all/20160525023728/http://www.gq-magazine.co.uk/article/donald-trump-melania-trump-knauss-first-lady-erections"
      },
      {
        "datetime": "2016-05-25T11:04:27Z",
        "uri": "http://webarchive.loc.gov/all/20160525110427/http://www.gq-magazine.co.uk/article/donald-trump-melania-trump-knauss-first-lady-erections"
      },
      {
        "datetime": "2016-06-01T12:49:40Z",
        "uri": "http://webarchive.loc.gov/all/20160601124940/http://www.gq-magazine.co.uk/article/donald-trump-melania-trump-knauss-first-lady-erections"
      },
      {
        "datetime": "2016-06-02T18:14:19Z",
        "uri": "http://webarchive.loc.gov/all/20160602181419/http://www.gq-magazine.co.uk/article/donald-trump-melania-trump-knauss-first-lady-erections"
      },
      {
        "datetime": "2016-06-07T21:49:17Z",
        "uri": "http://webarchive.loc.gov/all/20160607214917/http://www.gq-magazine.co.uk/article/donald-trump-melania-trump-knauss-first-lady-erections"
      },
      {
        "datetime": "2016-06-09T23:24:09Z",
        "uri": "http://webarchive.loc.gov/all/20160609232409/http://www.gq-magazine.co.uk/article/donald-trump-melania-trump-knauss-first-lady-erections"
      },
      {
        "datetime": "2016-06-15T02:59:51Z",
        "uri": "http://webarchive.loc.gov/all/20160615025951/http://www.gq-magazine.co.uk/article/donald-trump-melania-trump-knauss-first-lady-erections"
      },
      {
        "datetime": "2016-06-16T21:39:23Z",
        "uri": "http://webarchive.loc.gov/all/20160616213923/http://www.gq-magazine.co.uk/article/donald-trump-melania-trump-knauss-first-lady-erections"
      },
      {
        "datetime": "2016-06-17T22:17:51Z",
        "uri": "http://wayback.archive-it.org/all/20160617221751/http://www.gq-magazine.co.uk/article/donald-trump-melania-trump-knauss-first-lady-erections"
      },
      {
        "datetime": "2016-06-17T22:17:51Z",
        "uri": "http://web.archive.org/web/20160617221751/http://www.gq-magazine.co.uk/article/donald-trump-melania-trump-knauss-first-lady-erections"
      },
      {
        "datetime": "2016-06-22T12:53:40Z",
        "uri": "http://webarchive.loc.gov/all/20160622125340/http://www.gq-magazine.co.uk/article/donald-trump-melania-trump-knauss-first-lady-erections"
      },
      {
        "datetime": "2016-06-23T17:45:50Z",
        "uri": "http://webarchive.loc.gov/all/20160623174550/http://www.gq-magazine.co.uk/article/donald-trump-melania-trump-knauss-first-lady-erections"
      },
      {
        "datetime": "2016-06-30T10:25:13Z",
        "uri": "http://webarchive.loc.gov/all/20160630102513/http://www.gq-magazine.co.uk/article/donald-trump-melania-trump-knauss-first-lady-erections"
      },
      {
        "datetime": "2016-07-01T06:49:15Z",
        "uri": "http://webarchive.loc.gov/all/20160701064915/http://www.gq-magazine.co.uk/article/donald-trump-melania-trump-knauss-first-lady-erections"
      },
      {
        "datetime": "2016-07-06T01:33:19Z",
        "uri": "http://wayback.archive-it.org/all/20160706013319/http://www.gq-magazine.co.uk/article/donald-trump-melania-trump-knauss-first-lady-erections"
      },
      {
        "datetime": "2016-07-06T01:33:19Z",
        "uri": "http://web.archive.org/web/20160706013319/http://www.gq-magazine.co.uk/article/donald-trump-melania-trump-knauss-first-lady-erections"
      },
      {
        "datetime": "2016-07-06T20:47:07Z",
        "uri": "http://webarchive.loc.gov/all/20160706204707/http://www.gq-magazine.co.uk/article/donald-trump-melania-trump-knauss-first-lady-erections"
      },
      {
        "datetime": "2016-07-07T04:26:08Z",
        "uri": "http://webarchive.loc.gov/all/20160707042608/http://www.gq-magazine.co.uk/article/donald-trump-melania-trump-knauss-first-lady-erections"
      },
      {
        "datetime": "2016-07-13T19:42:06Z",
        "uri": "http://webarchive.loc.gov/all/20160713194206/http://www.gq-magazine.co.uk/article/donald-trump-melania-trump-knauss-first-lady-erections"
      },
      {
        "datetime": "2016-07-14T14:52:12Z",
        "uri": "http://wayback.archive-it.org/all/20160714145212/http://www.gq-magazine.co.uk/article/donald-trump-melania-trump-knauss-first-lady-erections"
      },
      {
        "datetime": "2016-07-14T14:52:12Z",
        "uri": "http://web.archive.org/web/20160714145212/http://www.gq-magazine.co.uk/article/donald-trump-melania-trump-knauss-first-lady-erections"
      },
      {
        "datetime": "2016-07-20T00:54:42Z",
        "uri": "http://web.archive.org/web/20160720005442/http://www.gq-magazine.co.uk/article/donald-trump-melania-trump-knauss-first-lady-erections"
      },
      {
        "datetime": "2016-07-20T22:38:24Z",
        "uri": "http://webarchive.loc.gov/all/20160720223824/http://www.gq-magazine.co.uk/article/donald-trump-melania-trump-knauss-first-lady-erections"
      },
      {
        "datetime": "2016-07-21T12:39:11Z",
        "uri": "http://wayback.archive-it.org/all/20160721123911/http://www.gq-magazine.co.uk/article/donald-trump-melania-trump-knauss-first-lady-erections"
      },
      {
        "datetime": "2016-07-21T12:39:11Z",
        "uri": "http://web.archive.org/web/20160721123911/http://www.gq-magazine.co.uk/article/donald-trump-melania-trump-knauss-first-lady-erections"
      },
      {
        "datetime": "2016-07-21T14:51:26Z",
        "uri": "http://webarchive.loc.gov/all/20160721145126/http://www.gq-magazine.co.uk/article/donald-trump-melania-trump-knauss-first-lady-erections"
      },
      {
        "datetime": "2016-07-21T16:12:09Z",
        "uri": "http://archive.is/20160721161209/http://www.gq-magazine.co.uk/article/donald-trump-melania-trump-knauss-first-lady-erections"
      },
      {
        "datetime": "2016-07-28T00:19:22Z",
        "uri": "http://webarchive.loc.gov/all/20160728001922/http://www.gq-magazine.co.uk/article/donald-trump-melania-trump-knauss-first-lady-erections"
      },
      {
        "datetime": "2016-07-29T00:08:58Z",
        "uri": "http://webarchive.loc.gov/all/20160729000858/http://www.gq-magazine.co.uk/article/donald-trump-melania-trump-knauss-first-lady-erections"
      },
      {
        "datetime": "2016-08-01T11:20:59Z",
        "uri": "http://web.archive.org/web/20160801112059/http://www.gq-magazine.co.uk/article/donald-trump-melania-trump-knauss-first-lady-erections"
      },
      {
        "datetime": "2016-08-01T11:23:16Z",
        "uri": "http://web.archive.org/web/20160801112316/http://www.gq-magazine.co.uk/article/donald-trump-melania-trump-knauss-first-lady-erections"
      },
      {
        "datetime": "2016-08-04T17:05:59Z",
        "uri": "http://webarchive.loc.gov/all/20160804170559/http://www.gq-magazine.co.uk/article/donald-trump-melania-trump-knauss-first-lady-erections"
      },
      {
        "datetime": "2016-08-07T10:08:57Z",
        "uri": "http://webarchive.loc.gov/all/20160807100857/http://www.gq-magazine.co.uk/article/donald-trump-melania-trump-knauss-first-lady-erections"
      },
      {
        "datetime": "2016-08-11T03:03:45Z",
        "uri": "http://web.archive.org/web/20160811030345/http://www.gq-magazine.co.uk/article/donald-trump-melania-trump-knauss-first-lady-erections"
      },
      {
        "datetime": "2016-08-11T18:12:33Z",
        "uri": "http://web.archive.org/web/20160811181233/http://www.gq-magazine.co.uk/article/donald-trump-melania-trump-knauss-first-lady-erections"
      },
      {
        "datetime": "2016-08-11T19:26:35Z",
        "uri": "http://webarchive.loc.gov/all/20160811192635/http://www.gq-magazine.co.uk/article/donald-trump-melania-trump-knauss-first-lady-erections"
      },
      {
        "datetime": "2016-08-12T18:53:35Z",
        "uri": "http://web.archive.org/web/20160812185335/http://www.gq-magazine.co.uk/article/donald-trump-melania-trump-knauss-first-lady-erections"
      },
      {
        "datetime": "2016-08-13T00:50:46Z",
        "uri": "http://webarchive.loc.gov/all/20160813005046/http://www.gq-magazine.co.uk/article/donald-trump-melania-trump-knauss-first-lady-erections"
      },
      {
        "datetime": "2016-08-18T03:04:59Z",
        "uri": "http://web.archive.org/web/20160818030459/http://www.gq-magazine.co.uk/article/donald-trump-melania-trump-knauss-first-lady-erections"
      },
      {
        "datetime": "2016-08-18T04:42:12Z",
        "uri": "http://wayback.archive-it.org/all/20160818044212/http://www.gq-magazine.co.uk/article/donald-trump-melania-trump-knauss-first-lady-erections"
      },
      {
        "datetime": "2016-08-18T04:42:12Z",
        "uri": "http://web.archive.org/web/20160818044212/http://www.gq-magazine.co.uk/article/donald-trump-melania-trump-knauss-first-lady-erections"
      },
      {
        "datetime": "2016-08-19T01:26:17Z",
        "uri": "http://web.archive.org/web/20160819012617/http://www.gq-magazine.co.uk/article/donald-trump-melania-trump-knauss-first-lady-erections"
      },
      {
        "datetime": "2016-08-20T09:52:52Z",
        "uri": "http://webarchive.loc.gov/all/20160820095252/http://www.gq-magazine.co.uk/article/donald-trump-melania-trump-knauss-first-lady-erections"
      },
      {
        "datetime": "2016-08-23T14:12:50Z",
        "uri": "http://webarchive.loc.gov/all/20160823141250/http://www.gq-magazine.co.uk/article/donald-trump-melania-trump-knauss-first-lady-erections"
      },
      {
        "datetime": "2016-08-27T10:19:55Z",
        "uri": "http://webarchive.loc.gov/all/20160827101955/http://www.gq-magazine.co.uk/article/donald-trump-melania-trump-knauss-first-lady-erections"
      },
      {
        "datetime": "2016-09-12T16:47:36Z",
        "uri": "http://web.archive.org/web/20160912164736/http://www.gq-magazine.co.uk/article/donald-trump-melania-trump-knauss-first-lady-erections"
      },
      {
        "datetime": "2016-09-19T15:54:48Z",
        "uri": "http://web.archive.org/web/20160919155448/http://www.gq-magazine.co.uk/article/donald-trump-melania-trump-knauss-first-lady-erections"
      },
      {
        "datetime": "2016-09-23T06:51:07Z",
        "uri": "http://web.archive.org/web/20160923065107/http://www.gq-magazine.co.uk/article/donald-trump-melania-trump-knauss-first-lady-erections"
      },
      {
        "datetime": "2016-10-21T05:42:45Z",
        "uri": "http://web.archive.org/web/20161021054245/http://www.gq-magazine.co.uk/article/donald-trump-melania-trump-knauss-first-lady-erections"
      },
      {
        "datetime": "2016-10-28T03:58:27Z",
        "uri": "http://wayback.archive-it.org/all/20161028035827/http://www.gq-magazine.co.uk/article/donald-trump-melania-trump-knauss-first-lady-erections"
      },
      {
        "datetime": "2016-10-28T03:58:27Z",
        "uri": "http://web.archive.org/web/20161028035827/http://www.gq-magazine.co.uk/article/donald-trump-melania-trump-knauss-first-lady-erections"
      },
      {
        "datetime": "2016-11-02T23:34:04Z",
        "uri": "http://wayback.archive-it.org/all/20161102233404/http://www.gq-magazine.co.uk/article/donald-trump-melania-trump-knauss-first-lady-erections"
      },
      {
        "datetime": "2016-11-02T23:34:04Z",
        "uri": "http://web.archive.org/web/20161102233404/http://www.gq-magazine.co.uk/article/donald-trump-melania-trump-knauss-first-lady-erections"
      },
      {
        "datetime": "2016-11-04T11:43:39Z",
        "uri": "http://web.archive.org/web/20161104114339/http://www.gq-magazine.co.uk/article/donald-trump-melania-trump-knauss-first-lady-erections"
      },
      {
        "datetime": "2016-11-10T02:33:58Z",
        "uri": "http://web.archive.org/web/20161110023358/http://www.gq-magazine.co.uk/article/donald-trump-melania-trump-knauss-first-lady-erections"
      },
      {
        "datetime": "2016-11-10T17:47:19Z",
        "uri": "http://web.archive.org/web/20161110174719/http://www.gq-magazine.co.uk/article/donald-trump-melania-trump-knauss-first-lady-erections"
      },
      {
        "datetime": "2016-11-10T17:47:34Z",
        "uri": "http://archive.is/20161110174734/http://www.gq-magazine.co.uk/article/donald-trump-melania-trump-knauss-first-lady-erections"
      },
      {
        "datetime": "2016-11-15T12:23:02Z",
        "uri": "http://web.archive.org/web/20161115122302/http://www.gq-magazine.co.uk/article/donald-trump-melania-trump-knauss-first-lady-erections"
      },
      {
        "datetime": "2016-11-16T04:06:24Z",
        "uri": "http://web.archive.org/web/20161116040624/http://www.gq-magazine.co.uk/article/donald-trump-melania-trump-knauss-first-lady-erections"
      },
      {
        "datetime": "2016-11-16T04:07:51Z",
        "uri": "http://web.archive.org/web/20161116040751/http://www.gq-magazine.co.uk/article/donald-trump-melania-trump-knauss-first-lady-erections"
      },
      {
        "datetime": "2016-11-18T21:52:17Z",
        "uri": "http://web.archive.org/web/20161118215217/http://www.gq-magazine.co.uk:80/article/donald-trump-melania-trump-knauss-first-lady-erections"
      },
      {
        "datetime": "2016-11-22T00:22:11Z",
        "uri": "http://web.archive.org/web/20161122002211/http://www.gq-magazine.co.uk/article/donald-trump-melania-trump-knauss-first-lady-erections"
      },
      {
        "datetime": "2016-11-24T03:23:48Z",
        "uri": "http://wayback.archive-it.org/all/20161124032348/http://www.gq-magazine.co.uk/article/donald-trump-melania-trump-knauss-first-lady-erections"
      },
      {
        "datetime": "2016-11-24T03:23:48Z",
        "uri": "http://web.archive.org/web/20161124032348/http://www.gq-magazine.co.uk/article/donald-trump-melania-trump-knauss-first-lady-erections"
      },
      {
        "datetime": "2016-11-25T03:25:57Z",
        "uri": "http://web.archive.org/web/20161125032557/http://www.gq-magazine.co.uk:80/article/donald-trump-melania-trump-knauss-first-lady-erections?"
      },
      {
        "datetime": "2016-11-28T03:07:44Z",
        "uri": "http://web.archive.org/web/20161128030744/http://www.gq-magazine.co.uk/article/donald-trump-melania-trump-knauss-first-lady-erections"
      },
      {
        "datetime": "2016-11-29T03:51:06Z",
        "uri": "http://web.archive.org/web/20161129035106/http://www.gq-magazine.co.uk/article/donald-trump-melania-trump-knauss-first-lady-erections"
      },
      {
        "datetime": "2016-12-03T05:28:15Z",
        "uri": "http://web.archive.org/web/20161203052815/http://www.gq-magazine.co.uk/article/donald-trump-melania-trump-knauss-first-lady-erections"
      },
      {
        "datetime": "2016-12-06T03:56:47Z",
        "uri": "http://web.archive.org/web/20161206035647/http://www.gq-magazine.co.uk/article/donald-trump-melania-trump-knauss-first-lady-erections"
      },
      {
        "datetime": "2016-12-09T01:39:37Z",
        "uri": "http://web.archive.org/web/20161209013937/http://www.gq-magazine.co.uk/article/donald-trump-melania-trump-knauss-first-lady-erections"
      },
      {
        "datetime": "2016-12-10T04:21:06Z",
        "uri": "http://web.archive.org/web/20161210042106/http://www.gq-magazine.co.uk/article/donald-trump-melania-trump-knauss-first-lady-erections"
      },
      {
        "datetime": "2016-12-11T00:41:37Z",
        "uri": "http://web.archive.org/web/20161211004137/http://www.gq-magazine.co.uk/article/donald-trump-melania-trump-knauss-first-lady-erections"
      },
      {
        "datetime": "2016-12-12T04:23:16Z",
        "uri": "http://web.archive.org/web/20161212042316/http://www.gq-magazine.co.uk/article/donald-trump-melania-trump-knauss-first-lady-erections"
      },
      {
        "datetime": "2016-12-13T05:14:26Z",
        "uri": "http://web.archive.org/web/20161213051426/http://www.gq-magazine.co.uk/article/donald-trump-melania-trump-knauss-first-lady-erections"
      },
      {
        "datetime": "2016-12-22T18:04:36Z",
        "uri": "http://web.archive.org/web/20161222180436/http://www.gq-magazine.co.uk/article/donald-trump-melania-trump-knauss-first-lady-erections"
      },
      {
        "datetime": "2016-12-30T08:19:17Z",
        "uri": "http://wayback.archive-it.org/all/20161230081917/http://www.gq-magazine.co.uk/article/donald-trump-melania-trump-knauss-first-lady-erections"
      },
      {
        "datetime": "2016-12-30T08:19:17Z",
        "uri": "http://web.archive.org/web/20161230081917/http://www.gq-magazine.co.uk/article/donald-trump-melania-trump-knauss-first-lady-erections"
      },
      {
        "datetime": "2017-01-26T13:52:00Z",
        "uri": "http://web.archive.org/web/20170126135200/http://www.gq-magazine.co.uk/article/donald-trump-melania-trump-knauss-first-lady-erections"
      },
      {
        "datetime": "2017-01-28T00:19:59Z",
        "uri": "http://web.archive.org/web/20170128001959/http://www.gq-magazine.co.uk/article/donald-trump-melania-trump-knauss-first-lady-erections"
      },
      {
        "datetime": "2017-01-28T00:20:10Z",
        "uri": "http://web.archive.org/web/20170128002010/http://www.gq-magazine.co.uk/article/donald-trump-melania-trump-knauss-first-lady-erections"
      },
      {
        "datetime": "2017-01-29T14:14:16Z",
        "uri": "http://web.archive.org/web/20170129141416/http://www.gq-magazine.co.uk/article/donald-trump-melania-trump-knauss-first-lady-erections"
      },
      {
        "datetime": "2017-02-02T00:20:10Z",
        "uri": "http://web.archive.org/web/20170202002010/http://www.gq-magazine.co.uk/article/donald-trump-melania-trump-knauss-first-lady-erections"
      },
      {
        "datetime": "2017-02-05T04:11:08Z",
        "uri": "http://web.archive.org/web/20170205041108/http://www.gq-magazine.co.uk/article/donald-trump-melania-trump-knauss-first-lady-erections"
      },
      {
        "datetime": "2017-02-05T12:26:36Z",
        "uri": "http://web.archive.org/web/20170205122636/http://www.gq-magazine.co.uk/article/donald-trump-melania-trump-knauss-first-lady-erections"
      },
      {
        "datetime": "2017-02-11T22:13:32Z",
        "uri": "http://web.archive.org/web/20170211221332/http://www.gq-magazine.co.uk/article/donald-trump-melania-trump-knauss-first-lady-erections"
      },
      {
        "datetime": "2017-02-18T09:04:38Z",
        "uri": "http://web.archive.org/web/20170218090438/http://www.gq-magazine.co.uk/article/donald-trump-melania-trump-knauss-first-lady-erections"
      },
      {
        "datetime": "2017-03-07T11:36:06Z",
        "uri": "http://web.archive.org/web/20170307113606/http://www.gq-magazine.co.uk/article/donald-trump-melania-trump-knauss-first-lady-erections"
      },
      {
        "datetime": "2017-04-26T05:10:55Z",
        "uri": "http://wayback.archive-it.org/all/20170426051055/http://www.gq-magazine.co.uk/article/donald-trump-melania-trump-knauss-first-lady-erections"
      },
      {
        "datetime": "2017-04-26T05:10:55Z",
        "uri": "http://web.archive.org/web/20170426051055/http://www.gq-magazine.co.uk/article/donald-trump-melania-trump-knauss-first-lady-erections"
      },
      {
        "datetime": "2017-04-26T06:45:20Z",
        "uri": "http://wayback.archive-it.org/all/20170426064520/http://www.gq-magazine.co.uk/article/donald-trump-melania-trump-knauss-first-lady-erections"
      },
      {
        "datetime": "2017-04-26T06:45:20Z",
        "uri": "http://web.archive.org/web/20170426064520/http://www.gq-magazine.co.uk/article/donald-trump-melania-trump-knauss-first-lady-erections"
      },
      {
        "datetime": "2017-05-08T13:02:46Z",
        "uri": "http://web.archive.org/web/20170508130246/http://www.gq-magazine.co.uk:80/article/donald-trump-melania-trump-knauss-first-lady-erections"
      },
      {
        "datetime": "2017-05-21T02:54:49Z",
        "uri": "http://web.archive.org/web/20170521025449/http://www.gq-magazine.co.uk:80/article/donald-trump-melania-trump-knauss-first-lady-erections"
      },
      {
        "datetime": "2017-05-31T20:22:56Z",
        "uri": "http://web.archive.org/web/20170531202256/http://www.gq-magazine.co.uk:80/article/donald-trump-melania-trump-knauss-first-lady-erections"
      },
      {
        "datetime": "2017-06-06T11:24:43Z",
        "uri": "http://web.archive.org/web/20170606112443/http://www.gq-magazine.co.uk/article/donald-trump-melania-trump-knauss-first-lady-erections"
      },
      {
        "datetime": "2017-06-08T10:38:00Z",
        "uri": "http://web.archive.org/web/20170608103800/http://www.gq-magazine.co.uk:80/article/donald-trump-melania-trump-knauss-first-lady-erections"
      },
      {
        "datetime": "2017-06-13T07:27:05Z",
        "uri": "http://wayback.archive-it.org/all/20170613072705/http://www.gq-magazine.co.uk/article/donald-trump-melania-trump-knauss-first-lady-erections"
      },
      {
        "datetime": "2017-06-13T07:27:05Z",
        "uri": "http://web.archive.org/web/20170613072705/http://www.gq-magazine.co.uk/article/donald-trump-melania-trump-knauss-first-lady-erections"
      },
      {
        "datetime": "2017-06-17T08:47:46Z",
        "uri": "http://web.archive.org/web/20170617084746/http://www.gq-magazine.co.uk:80/article/donald-trump-melania-trump-knauss-first-lady-erections"
      },
      {
        "datetime": "2017-06-23T03:17:36Z",
        "uri": "http://web.archive.org/web/20170623031736/http://www.gq-magazine.co.uk/article/donald-trump-melania-trump-knauss-first-lady-erections"
      },
      {
        "datetime": "2017-07-02T17:47:03Z",
        "uri": "http://web.archive.org/web/20170702174703/http://www.gq-magazine.co.uk:80/article/donald-trump-melania-trump-knauss-first-lady-erections"
      },
      {
        "datetime": "2017-07-05T01:04:46Z",
        "uri": "http://web.archive.org/web/20170705010446/https://www.gq-magazine.co.uk/article/donald-trump-melania-trump-knauss-first-lady-erections"
      },
      {
        "datetime": "2017-07-07T07:25:23Z",
        "uri": "http://web.archive.org/web/20170707072523/http://www.gq-magazine.co.uk/article/donald-trump-melania-trump-knauss-first-lady-erections"
      },
      {
        "datetime": "2017-07-11T23:21:57Z",
        "uri": "http://web.archive.org/web/20170711232157/http://www.gq-magazine.co.uk:80/article/donald-trump-melania-trump-knauss-first-lady-erections"
      },
      {
        "datetime": "2017-07-18T13:12:09Z",
        "uri": "http://web.archive.org/web/20170718131209/http://www.gq-magazine.co.uk:80/article/donald-trump-melania-trump-knauss-first-lady-erections"
      },
      {
        "datetime": "2017-09-05T16:28:56Z",
        "uri": "http://web.archive.org/web/20170905162856/http://www.gq-magazine.co.uk/article/donald-trump-melania-trump-knauss-first-lady-erections"
      },
      {
        "datetime": "2017-10-18T22:14:45Z",
        "uri": "http://archive.is/20171018221445/http://www.gq-magazine.co.uk/article/donald-trump-melania-trump-knauss-first-lady-erections"
      },
      {
        "datetime": "2017-10-18T22:17:40Z",
        "uri": "http://web.archive.org/web/20171018221740/http://www.gq-magazine.co.uk/article/donald-trump-melania-trump-knauss-first-lady-erections"
      },
      {
        "datetime": "2017-10-21T05:13:27Z",
        "uri": "http://web.archive.org/web/20171021051327/http://www.gq-magazine.co.uk/article/donald-trump-melania-trump-knauss-first-lady-erections"
      },
      {
        "datetime": "2017-10-22T03:58:14Z",
        "uri": "http://wayback.archive-it.org/all/20171022035814/http://www.gq-magazine.co.uk/article/donald-trump-melania-trump-knauss-first-lady-erections"
      },
      {
        "datetime": "2017-10-27T15:23:49Z",
        "uri": "http://wayback.archive-it.org/all/20171027152349/http://www.gq-magazine.co.uk/article/donald-trump-melania-trump-knauss-first-lady-erections"
      },
      {
        "datetime": "2017-10-27T15:23:49Z",
        "uri": "http://web.archive.org/web/20171027152349/http://www.gq-magazine.co.uk/article/donald-trump-melania-trump-knauss-first-lady-erections"
      },
      {
        "datetime": "2017-11-08T23:32:20Z",
        "uri": "http://web.archive.org/web/20171108233220/http://www.gq-magazine.co.uk/article/donald-trump-melania-trump-knauss-first-lady-erections"
      },
      {
        "datetime": "2017-11-15T11:45:11Z",
        "uri": "http://web.archive.org/web/20171115114511/http://www.gq-magazine.co.uk/article/donald-trump-melania-trump-knauss-first-lady-erections"
      },
      {
        "datetime": "2017-11-16T04:21:34Z",
        "uri": "http://wayback.archive-it.org/all/20171116042134/http://www.gq-magazine.co.uk/article/donald-trump-melania-trump-knauss-first-lady-erections"
      },
      {
        "datetime": "2017-11-16T04:21:34Z",
        "uri": "http://web.archive.org/web/20171116042134/http://www.gq-magazine.co.uk/article/donald-trump-melania-trump-knauss-first-lady-erections"
      },
      {
        "datetime": "2017-11-16T06:25:23Z",
        "uri": "http://wayback.archive-it.org/all/20171116062523/http://www.gq-magazine.co.uk/article/donald-trump-melania-trump-knauss-first-lady-erections"
      },
      {
        "datetime": "2017-11-16T06:25:23Z",
        "uri": "http://web.archive.org/web/20171116062523/http://www.gq-magazine.co.uk/article/donald-trump-melania-trump-knauss-first-lady-erections"
      },
      {
        "datetime": "2017-11-16T14:56:19Z",
        "uri": "http://wayback.archive-it.org/all/20171116145619/http://www.gq-magazine.co.uk/article/donald-trump-melania-trump-knauss-first-lady-erections"
      },
      {
        "datetime": "2017-11-16T14:56:19Z",
        "uri": "http://web.archive.org/web/20171116145619/http://www.gq-magazine.co.uk/article/donald-trump-melania-trump-knauss-first-lady-erections"
      },
      {
        "datetime": "2017-11-18T04:52:42Z",
        "uri": "http://wayback.archive-it.org/all/20171118045242/http://www.gq-magazine.co.uk/article/donald-trump-melania-trump-knauss-first-lady-erections"
      },
      {
        "datetime": "2017-11-18T04:52:42Z",
        "uri": "http://web.archive.org/web/20171118045242/http://www.gq-magazine.co.uk/article/donald-trump-melania-trump-knauss-first-lady-erections"
      },
      {
        "datetime": "2017-11-19T10:52:49Z",
        "uri": "http://web.archive.org/web/20171119105249/http://www.gq-magazine.co.uk/article/donald-trump-melania-trump-knauss-first-lady-erections"
      },
      {
        "datetime": "2017-11-19T15:04:27Z",
        "uri": "http://wayback.archive-it.org/all/20171119150427/http://www.gq-magazine.co.uk/article/donald-trump-melania-trump-knauss-first-lady-erections"
      },
      {
        "datetime": "2017-11-19T15:04:27Z",
        "uri": "http://web.archive.org/web/20171119150427/http://www.gq-magazine.co.uk/article/donald-trump-melania-trump-knauss-first-lady-erections"
      },
      {
        "datetime": "2017-11-19T20:34:42Z",
        "uri": "http://archive.is/20171119203442/http://www.gq-magazine.co.uk/article/donald-trump-melania-trump-knauss-first-lady-erections"
      },
      {
        "datetime": "2017-11-21T14:01:31Z",
        "uri": "http://wayback.archive-it.org/all/20171121140131/http://www.gq-magazine.co.uk/article/donald-trump-melania-trump-knauss-first-lady-erections"
      },
      {
        "datetime": "2017-11-21T14:01:31Z",
        "uri": "http://web.archive.org/web/20171121140131/http://www.gq-magazine.co.uk/article/donald-trump-melania-trump-knauss-first-lady-erections"
      },
      {
        "datetime": "2017-11-28T18:40:39Z",
        "uri": "http://wayback.archive-it.org/all/20171128184039/http://www.gq-magazine.co.uk/article/donald-trump-melania-trump-knauss-first-lady-erections"
      },
      {
        "datetime": "2017-11-28T18:40:39Z",
        "uri": "http://web.archive.org/web/20171128184039/http://www.gq-magazine.co.uk/article/donald-trump-melania-trump-knauss-first-lady-erections"
      },
      {
        "datetime": "2017-11-29T09:07:31Z",
        "uri": "http://web.archive.org/web/20171129090731/http://www.gq-magazine.co.uk/article/donald-trump-melania-trump-knauss-first-lady-erections"
      },
      {
        "datetime": "2017-11-30T05:34:10Z",
        "uri": "http://wayback.archive-it.org/all/20171130053410/http://www.gq-magazine.co.uk/article/donald-trump-melania-trump-knauss-first-lady-erections"
      },
      {
        "datetime": "2017-11-30T05:34:10Z",
        "uri": "http://web.archive.org/web/20171130053410/http://www.gq-magazine.co.uk/article/donald-trump-melania-trump-knauss-first-lady-erections"
      },
      {
        "datetime": "2017-12-23T00:02:33Z",
        "uri": "http://wayback.archive-it.org/all/20171223000233/http://www.gq-magazine.co.uk/article/donald-trump-melania-trump-knauss-first-lady-erections"
      },
      {
        "datetime": "2017-12-23T00:02:33Z",
        "uri": "http://web.archive.org/web/20171223000233/http://www.gq-magazine.co.uk/article/donald-trump-melania-trump-knauss-first-lady-erections"
      },
      {
        "datetime": "2017-12-23T11:14:48Z",
        "uri": "http://web.archive.org/web/20171223111448/http://www.gq-magazine.co.uk/article/donald-trump-melania-trump-knauss-first-lady-erections"
      },
      {
        "datetime": "2017-12-29T22:36:13Z",
        "uri": "http://web.archive.org/web/20171229223613/http://www.gq-magazine.co.uk/article/donald-trump-melania-trump-knauss-first-lady-erections"
      },
      {
        "datetime": "2018-01-05T14:52:45Z",
        "uri": "http://web.archive.org/web/20180105145245/http://www.gq-magazine.co.uk/article/donald-trump-melania-trump-knauss-first-lady-erections"
      },
      {
        "datetime": "2018-01-05T14:52:58Z",
        "uri": "http://web.archive.org/web/20180105145258/http://www.gq-magazine.co.uk/article/donald-trump-melania-trump-knauss-first-lady-erections"
      }
    ],
    "first": {
      "datetime": "2016-03-06T11:11:11Z",
      "uri": "http://web.archive.org/web/20160306111111/http://www.gq-magazine.co.uk/article/donald-trump-melania-trump-knauss-first-lady-erections"
    },
    "last": {
      "datetime": "2018-01-05T14:52:58Z",
      "uri": "http://web.archive.org/web/20180105145258/http://www.gq-magazine.co.uk/article/donald-trump-melania-trump-knauss-first-lady-erections"
    }
  },
  "timemap_uri": {
    "link_format": "https://memgator.cs.odu.edu/timemap/link/http://www.gq-magazine.co.uk/article/donald-trump-melania-trump-knauss-first-lady-erections",
    "json_format": "https://memgator.cs.odu.edu/timemap/json/http://www.gq-magazine.co.uk/article/donald-trump-melania-trump-knauss-first-lady-erections",
    "cdxj_format": "https://memgator.cs.odu.edu/timemap/cdxj/http://www.gq-magazine.co.uk/article/donald-trump-melania-trump-knauss-first-lady-erections"
  },
  "timegate_uri": "https://memgator.cs.odu.edu/timegate/http://www.gq-magazine.co.uk/article/donald-trump-melania-trump-knauss-first-lady-erections"
}