{
  "original_uri": "http://about.att.com/inside_connections_blog/hurricane_maria",
  "self": "https://memgator.cs.odu.edu/timemap/json/http://about.att.com/inside_connections_blog/hurricane_maria",
  "mementos": {
    "list": [
      {
        "datetime": "2017-10-06T05:50:02Z",
        "uri": "http://web.archive.org/web/20171006055002/http://about.att.com/inside_connections_blog/hurricane_maria"
      },
      {
        "datetime": "2017-10-07T17:57:26Z",
        "uri": "http://web.archive.org/web/20171007175726/https://about.att.com/inside_connections_blog/hurricane_maria"
      },
      {
        "datetime": "2017-11-18T21:41:48Z",
        "uri": "http://archive.is/20171118214148/http://about.att.com/inside_connections_blog/hurricane_maria"
      },
      {
        "datetime": "2018-02-01T21:04:10Z",
        "uri": "http://web.archive.org/web/20180201210410/http://about.att.com/inside_connections_blog/hurricane_maria"
      }
    ],
    "first": {
      "datetime": "2017-10-06T05:50:02Z",
      "uri": "http://web.archive.org/web/20171006055002/http://about.att.com/inside_connections_blog/hurricane_maria"
    },
    "last": {
      "datetime": "2018-02-01T21:04:10Z",
      "uri": "http://web.archive.org/web/20180201210410/http://about.att.com/inside_connections_blog/hurricane_maria"
    }
  },
  "timemap_uri": {
    "link_format": "https://memgator.cs.odu.edu/timemap/link/http://about.att.com/inside_connections_blog/hurricane_maria",
    "json_format": "https://memgator.cs.odu.edu/timemap/json/http://about.att.com/inside_connections_blog/hurricane_maria",
    "cdxj_format": "https://memgator.cs.odu.edu/timemap/cdxj/http://about.att.com/inside_connections_blog/hurricane_maria"
  },
  "timegate_uri": "https://memgator.cs.odu.edu/timegate/http://about.att.com/inside_connections_blog/hurricane_maria"
}