{
  "original_uri": "http://m.news.naver.com/read.nhn?mode=LSD",
  "self": "https://memgator.cs.odu.edu/timemap/json/http://m.news.naver.com/read.nhn?mode=LSD",
  "mementos": {
    "list": [
      {
        "datetime": "2016-10-19T09:56:36Z",
        "uri": "http://archive.is/20161019095636/http://m.news.naver.com/read.nhn?mode=LSD"
      }
    ],
    "first": {
      "datetime": "2016-10-19T09:56:36Z",
      "uri": "http://archive.is/20161019095636/http://m.news.naver.com/read.nhn?mode=LSD"
    },
    "last": {
      "datetime": "2016-10-19T09:56:36Z",
      "uri": "http://archive.is/20161019095636/http://m.news.naver.com/read.nhn?mode=LSD"
    }
  },
  "timemap_uri": {
    "link_format": "https://memgator.cs.odu.edu/timemap/link/http://m.news.naver.com/read.nhn?mode=LSD",
    "json_format": "https://memgator.cs.odu.edu/timemap/json/http://m.news.naver.com/read.nhn?mode=LSD",
    "cdxj_format": "https://memgator.cs.odu.edu/timemap/cdxj/http://m.news.naver.com/read.nhn?mode=LSD"
  },
  "timegate_uri": "https://memgator.cs.odu.edu/timegate/http://m.news.naver.com/read.nhn?mode=LSD"
}