{
  "original_uri": "http://www3.nhk.or.jp/news/html/20180202/k10011312601000.html",
  "self": "https://memgator.cs.odu.edu/timemap/json/http://www3.nhk.or.jp/news/html/20180202/k10011312601000.html",
  "mementos": {
    "list": [
      {
        "datetime": "2018-02-02T01:35:30Z",
        "uri": "http://web.archive.org/web/20180202013530/https://www3.nhk.or.jp/news/html/20180202/k10011312601000.html"
      },
      {
        "datetime": "2018-02-02T01:40:13Z",
        "uri": "http://web.archive.org/web/20180202014013/https://www3.nhk.or.jp/news/html/20180202/k10011312601000.html"
      },
      {
        "datetime": "2018-02-02T01:40:17Z",
        "uri": "http://archive.is/20180202014017/https://www3.nhk.or.jp/news/html/20180202/k10011312601000.html"
      },
      {
        "datetime": "2018-02-02T02:08:27Z",
        "uri": "http://web.archive.org/web/20180202020827/https://www3.nhk.or.jp/news/html/20180202/k10011312601000.html"
      },
      {
        "datetime": "2018-02-02T02:10:05Z",
        "uri": "http://web.archive.org/web/20180202021005/http://www3.nhk.or.jp/news/html/20180202/k10011312601000.html"
      },
      {
        "datetime": "2018-02-02T02:21:52Z",
        "uri": "http://web.archive.org/web/20180202022152/https://www3.nhk.or.jp/news/html/20180202/k10011312601000.html"
      },
      {
        "datetime": "2018-02-02T02:22:02Z",
        "uri": "http://archive.is/20180202022202/https://www3.nhk.or.jp/news/html/20180202/k10011312601000.html"
      },
      {
        "datetime": "2018-02-02T02:35:27Z",
        "uri": "http://web.archive.org/web/20180202023527/https://www3.nhk.or.jp/news/html/20180202/k10011312601000.html"
      },
      {
        "datetime": "2018-02-02T03:07:52Z",
        "uri": "http://web.archive.org/web/20180202030752/https://www3.nhk.or.jp/news/html/20180202/k10011312601000.html"
      },
      {
        "datetime": "2018-02-02T03:17:41Z",
        "uri": "http://web.archive.org/web/20180202031741/http://www3.nhk.or.jp/news/html/20180202/k10011312601000.html"
      },
      {
        "datetime": "2018-02-02T03:38:43Z",
        "uri": "http://web.archive.org/web/20180202033843/https://www3.nhk.or.jp/news/html/20180202/k10011312601000.html"
      },
      {
        "datetime": "2018-02-02T03:40:41Z",
        "uri": "http://web.archive.org/web/20180202034041/https://www3.nhk.or.jp/news/html/20180202/k10011312601000.html"
      },
      {
        "datetime": "2018-02-02T04:04:18Z",
        "uri": "http://web.archive.org/web/20180202040418/https://www3.nhk.or.jp/news/html/20180202/k10011312601000.html"
      },
      {
        "datetime": "2018-02-02T04:06:48Z",
        "uri": "http://web.archive.org/web/20180202040648/https://www3.nhk.or.jp/news/html/20180202/k10011312601000.html"
      },
      {
        "datetime": "2018-02-02T04:38:00Z",
        "uri": "http://web.archive.org/web/20180202043800/https://www3.nhk.or.jp/news/html/20180202/k10011312601000.html"
      },
      {
        "datetime": "2018-02-02T05:08:48Z",
        "uri": "http://web.archive.org/web/20180202050848/https://www3.nhk.or.jp/news/html/20180202/k10011312601000.html"
      },
      {
        "datetime": "2018-02-02T05:39:36Z",
        "uri": "http://web.archive.org/web/20180202053936/https://www3.nhk.or.jp/news/html/20180202/k10011312601000.html"
      },
      {
        "datetime": "2018-02-02T06:37:19Z",
        "uri": "http://web.archive.org/web/20180202063719/https://www3.nhk.or.jp/news/html/20180202/k10011312601000.html"
      },
      {
        "datetime": "2018-02-02T07:37:39Z",
        "uri": "http://web.archive.org/web/20180202073739/https://www3.nhk.or.jp/news/html/20180202/k10011312601000.html"
      },
      {
        "datetime": "2018-02-02T07:39:21Z",
        "uri": "http://web.archive.org/web/20180202073921/https://www3.nhk.or.jp/news/html/20180202/k10011312601000.html"
      },
      {
        "datetime": "2018-02-02T08:07:41Z",
        "uri": "http://web.archive.org/web/20180202080741/https://www3.nhk.or.jp/news/html/20180202/k10011312601000.html"
      },
      {
        "datetime": "2018-02-02T08:38:06Z",
        "uri": "http://web.archive.org/web/20180202083806/https://www3.nhk.or.jp/news/html/20180202/k10011312601000.html"
      },
      {
        "datetime": "2018-02-02T09:10:19Z",
        "uri": "http://web.archive.org/web/20180202091019/https://www3.nhk.or.jp/news/html/20180202/k10011312601000.html"
      },
      {
        "datetime": "2018-02-02T09:32:30Z",
        "uri": "http://web.archive.org/web/20180202093230/http://www3.nhk.or.jp/news/html/20180202/k10011312601000.html"
      },
      {
        "datetime": "2018-02-02T10:09:55Z",
        "uri": "http://web.archive.org/web/20180202100955/https://www3.nhk.or.jp/news/html/20180202/k10011312601000.html"
      },
      {
        "datetime": "2018-02-02T10:42:11Z",
        "uri": "http://web.archive.org/web/20180202104211/https://www3.nhk.or.jp/news/html/20180202/k10011312601000.html"
      },
      {
        "datetime": "2018-02-02T10:43:34Z",
        "uri": "http://web.archive.org/web/20180202104334/https://www3.nhk.or.jp/news/html/20180202/k10011312601000.html"
      },
      {
        "datetime": "2018-02-02T12:09:47Z",
        "uri": "http://web.archive.org/web/20180202120947/https://www3.nhk.or.jp/news/html/20180202/k10011312601000.html"
      },
      {
        "datetime": "2018-02-02T23:39:18Z",
        "uri": "http://web.archive.org/web/20180202233918/https://www3.nhk.or.jp/news/html/20180202/k10011312601000.html"
      },
      {
        "datetime": "2018-02-03T00:06:06Z",
        "uri": "http://web.archive.org/web/20180203000606/https://www3.nhk.or.jp/news/html/20180202/k10011312601000.html"
      },
      {
        "datetime": "2018-02-03T00:36:45Z",
        "uri": "http://web.archive.org/web/20180203003645/https://www3.nhk.or.jp/news/html/20180202/k10011312601000.html"
      },
      {
        "datetime": "2018-02-03T01:07:39Z",
        "uri": "http://web.archive.org/web/20180203010739/https://www3.nhk.or.jp/news/html/20180202/k10011312601000.html"
      },
      {
        "datetime": "2018-02-03T01:35:59Z",
        "uri": "http://web.archive.org/web/20180203013559/https://www3.nhk.or.jp/news/html/20180202/k10011312601000.html"
      },
      {
        "datetime": "2018-02-03T02:06:57Z",
        "uri": "http://web.archive.org/web/20180203020657/https://www3.nhk.or.jp/news/html/20180202/k10011312601000.html"
      },
      {
        "datetime": "2018-02-03T02:38:33Z",
        "uri": "http://web.archive.org/web/20180203023833/https://www3.nhk.or.jp/news/html/20180202/k10011312601000.html"
      },
      {
        "datetime": "2018-02-03T03:09:06Z",
        "uri": "http://web.archive.org/web/20180203030906/https://www3.nhk.or.jp/news/html/20180202/k10011312601000.html"
      },
      {
        "datetime": "2018-02-03T03:37:12Z",
        "uri": "http://web.archive.org/web/20180203033712/https://www3.nhk.or.jp/news/html/20180202/k10011312601000.html"
      },
      {
        "datetime": "2018-02-03T04:09:45Z",
        "uri": "http://web.archive.org/web/20180203040945/https://www3.nhk.or.jp/news/html/20180202/k10011312601000.html"
      },
      {
        "datetime": "2018-02-03T04:33:29Z",
        "uri": "http://web.archive.org/web/20180203043329/https://www3.nhk.or.jp/news/html/20180202/k10011312601000.html"
      },
      {
        "datetime": "2018-02-03T04:37:29Z",
        "uri": "http://web.archive.org/web/20180203043729/https://www3.nhk.or.jp/news/html/20180202/k10011312601000.html"
      },
      {
        "datetime": "2018-02-03T05:07:53Z",
        "uri": "http://web.archive.org/web/20180203050753/https://www3.nhk.or.jp/news/html/20180202/k10011312601000.html"
      },
      {
        "datetime": "2018-02-03T05:37:20Z",
        "uri": "http://web.archive.org/web/20180203053720/https://www3.nhk.or.jp/news/html/20180202/k10011312601000.html"
      },
      {
        "datetime": "2018-02-03T09:26:28Z",
        "uri": "http://web.archive.org/web/20180203092628/http://www3.nhk.or.jp/news/html/20180202/k10011312601000.html"
      },
      {
        "datetime": "2018-02-04T03:14:30Z",
        "uri": "http://web.archive.org/web/20180204031430/http://www3.nhk.or.jp/news/html/20180202/k10011312601000.html"
      },
      {
        "datetime": "2018-02-04T09:10:58Z",
        "uri": "http://web.archive.org/web/20180204091058/http://www3.nhk.or.jp/news/html/20180202/k10011312601000.html"
      },
      {
        "datetime": "2018-02-05T03:13:27Z",
        "uri": "http://web.archive.org/web/20180205031327/http://www3.nhk.or.jp/news/html/20180202/k10011312601000.html"
      },
      {
        "datetime": "2018-02-05T09:09:37Z",
        "uri": "http://web.archive.org/web/20180205090937/http://www3.nhk.or.jp/news/html/20180202/k10011312601000.html"
      },
      {
        "datetime": "2018-02-06T09:07:21Z",
        "uri": "http://web.archive.org/web/20180206090721/http://www3.nhk.or.jp/news/html/20180202/k10011312601000.html"
      },
      {
        "datetime": "2018-02-06T09:07:21Z",
        "uri": "http://web.archive.org/web/20180206090721/http://www3.nhk.or.jp/news/html/20180202/k10011312601000.html"
      },
      {
        "datetime": "2018-02-07T03:04:57Z",
        "uri": "http://web.archive.org/web/20180207030457/http://www3.nhk.or.jp/news/html/20180202/k10011312601000.html"
      }
    ],
    "first": {
      "datetime": "2018-02-02T01:35:30Z",
      "uri": "http://web.archive.org/web/20180202013530/https://www3.nhk.or.jp/news/html/20180202/k10011312601000.html"
    },
    "last": {
      "datetime": "2018-02-07T03:04:57Z",
      "uri": "http://web.archive.org/web/20180207030457/http://www3.nhk.or.jp/news/html/20180202/k10011312601000.html"
    }
  },
  "timemap_uri": {
    "link_format": "https://memgator.cs.odu.edu/timemap/link/http://www3.nhk.or.jp/news/html/20180202/k10011312601000.html",
    "json_format": "https://memgator.cs.odu.edu/timemap/json/http://www3.nhk.or.jp/news/html/20180202/k10011312601000.html",
    "cdxj_format": "https://memgator.cs.odu.edu/timemap/cdxj/http://www3.nhk.or.jp/news/html/20180202/k10011312601000.html"
  },
  "timegate_uri": "https://memgator.cs.odu.edu/timegate/http://www3.nhk.or.jp/news/html/20180202/k10011312601000.html"
}