{
  "original_uri": "https://k2nblog.com/album-twice-merry-happy-repackage/",
  "self": "https://memgator.cs.odu.edu/timemap/json/https://k2nblog.com/album-twice-merry-happy-repackage/",
  "mementos": {
    "list": [
      {
        "datetime": "2018-01-31T20:54:37Z",
        "uri": "http://web.archive.org/web/20180131205437/https://k2nblog.com/album-twice-merry-happy-repackage/"
      }
    ],
    "first": {
      "datetime": "2018-01-31T20:54:37Z",
      "uri": "http://web.archive.org/web/20180131205437/https://k2nblog.com/album-twice-merry-happy-repackage/"
    },
    "last": {
      "datetime": "2018-01-31T20:54:37Z",
      "uri": "http://web.archive.org/web/20180131205437/https://k2nblog.com/album-twice-merry-happy-repackage/"
    }
  },
  "timemap_uri": {
    "link_format": "https://memgator.cs.odu.edu/timemap/link/https://k2nblog.com/album-twice-merry-happy-repackage/",
    "json_format": "https://memgator.cs.odu.edu/timemap/json/https://k2nblog.com/album-twice-merry-happy-repackage/",
    "cdxj_format": "https://memgator.cs.odu.edu/timemap/cdxj/https://k2nblog.com/album-twice-merry-happy-repackage/"
  },
  "timegate_uri": "https://memgator.cs.odu.edu/timegate/https://k2nblog.com/album-twice-merry-happy-repackage/"
}