{
  "original_uri": "https://www.huffingtonpost.com/entry/donald-trump-barack-obama-state-of-the-union-viewers_us_5a72e5a5e4b06fa61b4da9bc",
  "self": "https://memgator.cs.odu.edu/timemap/json/https://www.huffingtonpost.com/entry/donald-trump-barack-obama-state-of-the-union-viewers_us_5a72e5a5e4b06fa61b4da9bc",
  "mementos": {
    "list": [
      {
        "datetime": "2018-02-01T20:49:49Z",
        "uri": "http://web.archive.org/web/20180201204949/https://www.huffingtonpost.com/entry/donald-trump-barack-obama-state-of-the-union-viewers_us_5a72e5a5e4b06fa61b4da9bc"
      },
      {
        "datetime": "2018-02-01T23:52:08Z",
        "uri": "http://web.archive.org/web/20180201235208/https://www.huffingtonpost.com/entry/donald-trump-barack-obama-state-of-the-union-viewers_us_5a72e5a5e4b06fa61b4da9bc"
      },
      {
        "datetime": "2018-02-02T16:56:49Z",
        "uri": "http://web.archive.org/web/20180202165649/https://www.huffingtonpost.com/entry/donald-trump-barack-obama-state-of-the-union-viewers_us_5a72e5a5e4b06fa61b4da9bc"
      },
      {
        "datetime": "2018-02-03T02:32:55Z",
        "uri": "http://web.archive.org/web/20180203023255/https://www.huffingtonpost.com/entry/donald-trump-barack-obama-state-of-the-union-viewers_us_5a72e5a5e4b06fa61b4da9bc"
      },
      {
        "datetime": "2018-02-03T14:57:25Z",
        "uri": "http://web.archive.org/web/20180203145725/https://www.huffingtonpost.com/entry/donald-trump-barack-obama-state-of-the-union-viewers_us_5a72e5a5e4b06fa61b4da9bc"
      },
      {
        "datetime": "2018-02-04T06:52:27Z",
        "uri": "http://wayback.archive-it.org/all/20180204065227/https://www.huffingtonpost.com/entry/donald-trump-barack-obama-state-of-the-union-viewers_us_5a72e5a5e4b06fa61b4da9bc"
      },
      {
        "datetime": "2018-02-04T06:52:27Z",
        "uri": "http://web.archive.org/web/20180204065227/https://www.huffingtonpost.com/entry/donald-trump-barack-obama-state-of-the-union-viewers_us_5a72e5a5e4b06fa61b4da9bc"
      },
      {
        "datetime": "2018-02-04T11:06:00Z",
        "uri": "http://web.archive.org/web/20180204110600/https://www.huffingtonpost.com/entry/donald-trump-barack-obama-state-of-the-union-viewers_us_5a72e5a5e4b06fa61b4da9bc"
      },
      {
        "datetime": "2018-02-05T12:07:59Z",
        "uri": "http://web.archive.org/web/20180205120759/https://www.huffingtonpost.com/entry/donald-trump-barack-obama-state-of-the-union-viewers_us_5a72e5a5e4b06fa61b4da9bc"
      },
      {
        "datetime": "2018-02-06T12:32:50Z",
        "uri": "http://web.archive.org/web/20180206123250/https://www.huffingtonpost.com/entry/donald-trump-barack-obama-state-of-the-union-viewers_us_5a72e5a5e4b06fa61b4da9bc"
      }
    ],
    "first": {
      "datetime": "2018-02-01T20:49:49Z",
      "uri": "http://web.archive.org/web/20180201204949/https://www.huffingtonpost.com/entry/donald-trump-barack-obama-state-of-the-union-viewers_us_5a72e5a5e4b06fa61b4da9bc"
    },
    "last": {
      "datetime": "2018-02-06T12:32:50Z",
      "uri": "http://web.archive.org/web/20180206123250/https://www.huffingtonpost.com/entry/donald-trump-barack-obama-state-of-the-union-viewers_us_5a72e5a5e4b06fa61b4da9bc"
    }
  },
  "timemap_uri": {
    "link_format": "https://memgator.cs.odu.edu/timemap/link/https://www.huffingtonpost.com/entry/donald-trump-barack-obama-state-of-the-union-viewers_us_5a72e5a5e4b06fa61b4da9bc",
    "json_format": "https://memgator.cs.odu.edu/timemap/json/https://www.huffingtonpost.com/entry/donald-trump-barack-obama-state-of-the-union-viewers_us_5a72e5a5e4b06fa61b4da9bc",
    "cdxj_format": "https://memgator.cs.odu.edu/timemap/cdxj/https://www.huffingtonpost.com/entry/donald-trump-barack-obama-state-of-the-union-viewers_us_5a72e5a5e4b06fa61b4da9bc"
  },
  "timegate_uri": "https://memgator.cs.odu.edu/timegate/https://www.huffingtonpost.com/entry/donald-trump-barack-obama-state-of-the-union-viewers_us_5a72e5a5e4b06fa61b4da9bc"
}