{
  "original_uri": "https://www.zerohedge.com/news/2018-02-01/dow-dead-cat-bounce-dies-bond-yields-spike",
  "self": "https://memgator.cs.odu.edu/timemap/json/https://www.zerohedge.com/news/2018-02-01/dow-dead-cat-bounce-dies-bond-yields-spike",
  "mementos": {
    "list": [
      {
        "datetime": "2018-02-01T21:07:53Z",
        "uri": "http://web.archive.org/web/20180201210753/https://www.zerohedge.com/news/2018-02-01/dow-dead-cat-bounce-dies-bond-yields-spike"
      }
    ],
    "first": {
      "datetime": "2018-02-01T21:07:53Z",
      "uri": "http://web.archive.org/web/20180201210753/https://www.zerohedge.com/news/2018-02-01/dow-dead-cat-bounce-dies-bond-yields-spike"
    },
    "last": {
      "datetime": "2018-02-01T21:07:53Z",
      "uri": "http://web.archive.org/web/20180201210753/https://www.zerohedge.com/news/2018-02-01/dow-dead-cat-bounce-dies-bond-yields-spike"
    }
  },
  "timemap_uri": {
    "link_format": "https://memgator.cs.odu.edu/timemap/link/https://www.zerohedge.com/news/2018-02-01/dow-dead-cat-bounce-dies-bond-yields-spike",
    "json_format": "https://memgator.cs.odu.edu/timemap/json/https://www.zerohedge.com/news/2018-02-01/dow-dead-cat-bounce-dies-bond-yields-spike",
    "cdxj_format": "https://memgator.cs.odu.edu/timemap/cdxj/https://www.zerohedge.com/news/2018-02-01/dow-dead-cat-bounce-dies-bond-yields-spike"
  },
  "timegate_uri": "https://memgator.cs.odu.edu/timegate/https://www.zerohedge.com/news/2018-02-01/dow-dead-cat-bounce-dies-bond-yields-spike"
}