{
  "original_uri": "http://https://boingboing.net/2018/02/01/new-super-mario-movie-in-devel.html",
  "self": "https://memgator.cs.odu.edu/timemap/json/http://https://boingboing.net/2018/02/01/new-super-mario-movie-in-devel.html",
  "mementos": {
    "list": [
      {
        "datetime": "2018-02-01T22:56:02Z",
        "uri": "http://web.archive.org/web/20180201225602/https://boingboing.net/2018/02/01/new-super-mario-movie-in-devel.html"
      },
      {
        "datetime": "2018-02-06T03:27:41Z",
        "uri": "http://web.archive.org/web/20180206032741/https://boingboing.net/2018/02/01/new-super-mario-movie-in-devel.html"
      }
    ],
    "first": {
      "datetime": "2018-02-01T22:56:02Z",
      "uri": "http://web.archive.org/web/20180201225602/https://boingboing.net/2018/02/01/new-super-mario-movie-in-devel.html"
    },
    "last": {
      "datetime": "2018-02-06T03:27:41Z",
      "uri": "http://web.archive.org/web/20180206032741/https://boingboing.net/2018/02/01/new-super-mario-movie-in-devel.html"
    }
  },
  "timemap_uri": {
    "link_format": "https://memgator.cs.odu.edu/timemap/link/http://https://boingboing.net/2018/02/01/new-super-mario-movie-in-devel.html",
    "json_format": "https://memgator.cs.odu.edu/timemap/json/http://https://boingboing.net/2018/02/01/new-super-mario-movie-in-devel.html",
    "cdxj_format": "https://memgator.cs.odu.edu/timemap/cdxj/http://https://boingboing.net/2018/02/01/new-super-mario-movie-in-devel.html"
  },
  "timegate_uri": "https://memgator.cs.odu.edu/timegate/http://https://boingboing.net/2018/02/01/new-super-mario-movie-in-devel.html"
}