{
  "original_uri": "http://Urtikan.net",
  "self": "https://memgator.cs.odu.edu/timemap/json/http://Urtikan.net",
  "mementos": {
    "list": [
      {
        "datetime": "2011-01-12T15:19:09Z",
        "uri": "http://web.archive.org/web/20110112151909/http://www.urtikan.net:80/"
      },
      {
        "datetime": "2011-02-03T13:06:59Z",
        "uri": "http://web.archive.org/web/20110203130659/http://www.urtikan.net/"
      },
      {
        "datetime": "2011-04-24T12:38:15Z",
        "uri": "http://web.archive.org/web/20110424123815/http://www.urtikan.net/"
      },
      {
        "datetime": "2011-07-17T15:34:10Z",
        "uri": "http://web.archive.org/web/20110717153410/http://www.urtikan.net:80/"
      },
      {
        "datetime": "2011-07-24T12:00:41Z",
        "uri": "http://web.archive.org/web/20110724120041/http://www.urtikan.net/"
      },
      {
        "datetime": "2011-08-09T05:03:03Z",
        "uri": "http://web.archive.org/web/20110809050303/http://www.urtikan.net/"
      },
      {
        "datetime": "2011-08-13T12:04:55Z",
        "uri": "http://web.archive.org/web/20110813120455/http://www.urtikan.net/"
      },
      {
        "datetime": "2011-08-15T23:37:21Z",
        "uri": "http://web.archive.org/web/20110815233721/http://www.urtikan.net/"
      },
      {
        "datetime": "2011-08-18T14:42:11Z",
        "uri": "http://web.archive.org/web/20110818144211/http://www.urtikan.net:80/"
      },
      {
        "datetime": "2011-08-18T16:02:53Z",
        "uri": "http://web.archive.org/web/20110818160253/http://www.urtikan.net/"
      },
      {
        "datetime": "2011-09-02T05:42:03Z",
        "uri": "http://web.archive.org/web/20110902054203/http://www.urtikan.net:80/"
      },
      {
        "datetime": "2011-09-27T04:07:15Z",
        "uri": "http://web.archive.org/web/20110927040715/http://www.urtikan.net:80/"
      },
      {
        "datetime": "2011-10-06T15:37:12Z",
        "uri": "http://web.archive.org/web/20111006153712/http://urtikan.net/"
      },
      {
        "datetime": "2011-10-06T17:57:12Z",
        "uri": "http://web.archive.org/web/20111006175712/http://urtikan.net/"
      },
      {
        "datetime": "2011-10-13T07:10:47Z",
        "uri": "http://web.archive.org/web/20111013071047/http://www.urtikan.net:80/"
      },
      {
        "datetime": "2011-10-14T20:58:33Z",
        "uri": "http://web.archive.org/web/20111014205833/http://www.urtikan.net/"
      },
      {
        "datetime": "2011-10-29T10:22:44Z",
        "uri": "http://web.archive.org/web/20111029102244/http://www.urtikan.net:80/"
      },
      {
        "datetime": "2011-11-21T07:54:08Z",
        "uri": "http://web.archive.org/web/20111121075408/http://www.urtikan.net:80/"
      },
      {
        "datetime": "2011-11-25T12:24:44Z",
        "uri": "http://web.archive.org/web/20111125122444/http://urtikan.net/"
      },
      {
        "datetime": "2011-12-09T09:15:18Z",
        "uri": "http://web.archive.org/web/20111209091518/http://www.urtikan.net/"
      },
      {
        "datetime": "2011-12-22T01:01:23Z",
        "uri": "http://web.archive.org/web/20111222010123/http://www.urtikan.net:80/"
      },
      {
        "datetime": "2012-01-03T09:00:42Z",
        "uri": "http://web.archive.org/web/20120103090042/http://urtikan.net/"
      },
      {
        "datetime": "2012-01-18T15:44:50Z",
        "uri": "http://web.archive.org/web/20120118154450/http://www.urtikan.net/"
      },
      {
        "datetime": "2012-01-18T20:41:35Z",
        "uri": "http://web.archive.org/web/20120118204135/http://urtikan.net/"
      },
      {
        "datetime": "2012-02-05T19:51:36Z",
        "uri": "http://web.archive.org/web/20120205195136/http://www.urtikan.net:80/?"
      },
      {
        "datetime": "2012-02-12T17:45:26Z",
        "uri": "http://web.archive.org/web/20120212174526/http://www.urtikan.net:80/"
      },
      {
        "datetime": "2012-04-21T13:28:31Z",
        "uri": "http://web.archive.org/web/20120421132831/http://www.urtikan.net:80/"
      },
      {
        "datetime": "2012-05-01T06:21:53Z",
        "uri": "http://web.archive.org/web/20120501062153/http://urtikan.net/"
      },
      {
        "datetime": "2012-05-01T22:05:54Z",
        "uri": "http://web.archive.org/web/20120501220554/http://www.urtikan.net/"
      },
      {
        "datetime": "2012-05-02T16:51:53Z",
        "uri": "http://web.archive.org/web/20120502165153/http://www.urtikan.net:80/"
      },
      {
        "datetime": "2012-06-28T14:50:46Z",
        "uri": "http://web.archive.org/web/20120628145046/http://www.urtikan.net:80/"
      },
      {
        "datetime": "2012-06-30T13:26:13Z",
        "uri": "http://web.archive.org/web/20120630132613/http://www.urtikan.net:80/?"
      },
      {
        "datetime": "2012-07-17T18:22:58Z",
        "uri": "http://wayback.archive-it.org/all/20120717182258/http://www.urtikan.net/"
      },
      {
        "datetime": "2012-07-17T18:22:58Z",
        "uri": "http://web.archive.org/web/20120717182258/http://www.urtikan.net/"
      },
      {
        "datetime": "2012-07-17T18:22:58Z",
        "uri": "http://web.archive.org/web/20120717182258/http://www.urtikan.net/"
      },
      {
        "datetime": "2012-07-31T17:55:33Z",
        "uri": "http://wayback.archive-it.org/all/20120731175533/http://www.urtikan.net/"
      },
      {
        "datetime": "2012-07-31T17:55:33Z",
        "uri": "http://web.archive.org/web/20120731175533/http://www.urtikan.net/"
      },
      {
        "datetime": "2012-07-31T17:55:33Z",
        "uri": "http://web.archive.org/web/20120731175533/http://www.urtikan.net/"
      },
      {
        "datetime": "2012-08-07T16:44:52Z",
        "uri": "http://wayback.archive-it.org/all/20120807164452/http://www.urtikan.net/"
      },
      {
        "datetime": "2012-08-07T16:44:52Z",
        "uri": "http://web.archive.org/web/20120807164452/http://www.urtikan.net/"
      },
      {
        "datetime": "2012-08-07T16:44:52Z",
        "uri": "http://web.archive.org/web/20120807164452/http://www.urtikan.net/"
      },
      {
        "datetime": "2012-08-07T16:44:52Z",
        "uri": "http://web.archive.org/web/20120807164452/http://www.urtikan.net/"
      },
      {
        "datetime": "2012-08-14T19:56:55Z",
        "uri": "http://wayback.archive-it.org/all/20120814195655/http://www.urtikan.net/"
      },
      {
        "datetime": "2012-08-14T19:56:55Z",
        "uri": "http://web.archive.org/web/20120814195655/http://www.urtikan.net/"
      },
      {
        "datetime": "2012-08-14T19:56:55Z",
        "uri": "http://web.archive.org/web/20120814195655/http://www.urtikan.net/"
      },
      {
        "datetime": "2012-08-14T19:56:55Z",
        "uri": "http://web.archive.org/web/20120814195655/http://www.urtikan.net/"
      },
      {
        "datetime": "2012-10-21T09:52:05Z",
        "uri": "http://web.archive.org/web/20121021095205/http://www.urtikan.net/"
      },
      {
        "datetime": "2013-01-25T05:23:09Z",
        "uri": "http://web.archive.org/web/20130125052309/http://www.urtikan.net/"
      },
      {
        "datetime": "2013-02-15T19:46:44Z",
        "uri": "http://web.archive.org/web/20130215194644/http://www.urtikan.net/"
      },
      {
        "datetime": "2013-02-22T20:16:32Z",
        "uri": "http://wayback.archive-it.org/all/20130222201632/http://www.urtikan.net/"
      },
      {
        "datetime": "2013-02-22T20:16:32Z",
        "uri": "http://web.archive.org/web/20130222201632/http://www.urtikan.net/"
      },
      {
        "datetime": "2013-03-30T06:19:37Z",
        "uri": "http://web.archive.org/web/20130330061937/http://www.urtikan.net/"
      },
      {
        "datetime": "2013-04-01T01:42:18Z",
        "uri": "http://web.archive.org/web/20130401014218/http://www.urtikan.net/"
      },
      {
        "datetime": "2013-05-02T19:00:08Z",
        "uri": "http://web.archive.org/web/20130502190008/http://www.urtikan.net/"
      },
      {
        "datetime": "2013-05-11T20:03:02Z",
        "uri": "http://web.archive.org/web/20130511200302/http://www.urtikan.net/"
      },
      {
        "datetime": "2013-05-13T03:19:53Z",
        "uri": "http://web.archive.org/web/20130513031953/http://urtikan.net/"
      },
      {
        "datetime": "2013-07-03T11:23:07Z",
        "uri": "http://archive.is/20130703112307/http://urtikan.net/"
      },
      {
        "datetime": "2013-07-18T23:21:50Z",
        "uri": "http://web.archive.org/web/20130718232150/http://www.urtikan.net/"
      },
      {
        "datetime": "2013-07-19T15:34:52Z",
        "uri": "http://web.archive.org/web/20130719153452/http://urtikan.net/"
      },
      {
        "datetime": "2013-08-01T20:28:35Z",
        "uri": "http://web.archive.org/web/20130801202835/http://www.urtikan.net/"
      },
      {
        "datetime": "2013-08-29T10:35:30Z",
        "uri": "http://web.archive.org/web/20130829103530/http://www.urtikan.net/"
      },
      {
        "datetime": "2013-09-29T01:06:17Z",
        "uri": "http://web.archive.org/web/20130929010617/http://www.urtikan.net/"
      },
      {
        "datetime": "2013-10-01T09:33:45Z",
        "uri": "http://web.archive.org/web/20131001093345/http://www.urtikan.net/"
      },
      {
        "datetime": "2013-10-11T15:25:26Z",
        "uri": "http://web.archive.org/web/20131011152526/http://www.urtikan.net/"
      },
      {
        "datetime": "2013-10-22T07:57:28Z",
        "uri": "http://web.archive.org/web/20131022075728/http://www.urtikan.net/"
      },
      {
        "datetime": "2013-12-15T15:41:13Z",
        "uri": "http://web.archive.org/web/20131215154113/http://www.urtikan.net/"
      },
      {
        "datetime": "2014-01-03T07:33:29Z",
        "uri": "http://web.archive.org/web/20140103073329/http://www.urtikan.net/"
      },
      {
        "datetime": "2014-01-09T02:34:37Z",
        "uri": "http://web.archive.org/web/20140109023437/http://urtikan.net/"
      },
      {
        "datetime": "2014-01-09T21:41:06Z",
        "uri": "http://web.archive.org/web/20140109214106/http://www.urtikan.net/"
      },
      {
        "datetime": "2014-01-12T00:44:55Z",
        "uri": "http://web.archive.org/web/20140112004455/http://www.urtikan.net/"
      },
      {
        "datetime": "2014-02-08T00:35:54Z",
        "uri": "http://web.archive.org/web/20140208003554/http://www.urtikan.net/"
      },
      {
        "datetime": "2014-05-28T16:08:42Z",
        "uri": "http://web.archive.org/web/20140528160842/http://www.urtikan.net/"
      },
      {
        "datetime": "2014-07-02T20:47:34Z",
        "uri": "http://web.archive.org/web/20140702204734/http://www.urtikan.net/"
      },
      {
        "datetime": "2014-08-28T03:58:17Z",
        "uri": "http://web.archive.org/web/20140828035817/http://www.urtikan.net/"
      },
      {
        "datetime": "2014-09-24T16:29:24Z",
        "uri": "http://web.archive.org/web/20140924162924/http://www.urtikan.net:80/"
      },
      {
        "datetime": "2014-10-18T09:30:10Z",
        "uri": "http://web.archive.org/web/20141018093010/http://www.urtikan.net/"
      },
      {
        "datetime": "2014-10-29T10:45:31Z",
        "uri": "http://web.archive.org/web/20141029104531/http://www.urtikan.net:80/"
      },
      {
        "datetime": "2014-12-18T07:52:20Z",
        "uri": "http://web.archive.org/web/20141218075220/http://www.urtikan.net/"
      },
      {
        "datetime": "2014-12-18T08:45:11Z",
        "uri": "http://web.archive.org/web/20141218084511/http://urtikan.net/"
      },
      {
        "datetime": "2014-12-18T10:30:15Z",
        "uri": "http://web.archive.org/web/20141218103015/http://www.urtikan.net/"
      },
      {
        "datetime": "2014-12-22T03:21:06Z",
        "uri": "http://web.archive.org/web/20141222032106/http://www.urtikan.net/"
      },
      {
        "datetime": "2015-01-08T22:07:13Z",
        "uri": "http://wayback.archive-it.org/all/20150108220713/http://urtikan.net/"
      },
      {
        "datetime": "2015-01-08T22:07:13Z",
        "uri": "http://wayback.archive-it.org/all/20150108220713/http://urtikan.net/"
      },
      {
        "datetime": "2015-01-08T22:07:13Z",
        "uri": "http://web.archive.org/web/20150108220713/http://urtikan.net/"
      },
      {
        "datetime": "2015-01-08T22:07:31Z",
        "uri": "http://wayback.archive-it.org/all/20150108220731/http://www.urtikan.net/"
      },
      {
        "datetime": "2015-01-08T22:07:31Z",
        "uri": "http://wayback.archive-it.org/all/20150108220731/http://www.urtikan.net/"
      },
      {
        "datetime": "2015-01-08T22:07:31Z",
        "uri": "http://web.archive.org/web/20150108220731/http://www.urtikan.net/"
      },
      {
        "datetime": "2015-01-09T07:16:23Z",
        "uri": "http://wayback.archive-it.org/all/20150109071623/http://urtikan.net/"
      },
      {
        "datetime": "2015-01-09T07:16:23Z",
        "uri": "http://wayback.archive-it.org/all/20150109071623/http://urtikan.net/"
      },
      {
        "datetime": "2015-01-09T07:16:23Z",
        "uri": "http://web.archive.org/web/20150109071623/http://urtikan.net/"
      },
      {
        "datetime": "2015-01-09T07:17:02Z",
        "uri": "http://wayback.archive-it.org/all/20150109071702/http://www.urtikan.net/"
      },
      {
        "datetime": "2015-01-09T07:17:02Z",
        "uri": "http://wayback.archive-it.org/all/20150109071702/http://www.urtikan.net/"
      },
      {
        "datetime": "2015-01-09T07:17:02Z",
        "uri": "http://web.archive.org/web/20150109071702/http://www.urtikan.net/"
      },
      {
        "datetime": "2015-01-10T06:06:32Z",
        "uri": "http://wayback.archive-it.org/all/20150110060632/http://urtikan.net/"
      },
      {
        "datetime": "2015-01-10T06:06:32Z",
        "uri": "http://wayback.archive-it.org/all/20150110060632/http://urtikan.net/"
      },
      {
        "datetime": "2015-01-10T06:06:32Z",
        "uri": "http://web.archive.org/web/20150110060632/http://urtikan.net/"
      },
      {
        "datetime": "2015-01-10T06:06:51Z",
        "uri": "http://wayback.archive-it.org/all/20150110060651/http://www.urtikan.net/"
      },
      {
        "datetime": "2015-01-10T06:06:51Z",
        "uri": "http://wayback.archive-it.org/all/20150110060651/http://www.urtikan.net/"
      },
      {
        "datetime": "2015-01-10T06:06:51Z",
        "uri": "http://web.archive.org/web/20150110060651/http://www.urtikan.net/"
      },
      {
        "datetime": "2015-01-11T05:08:51Z",
        "uri": "http://wayback.archive-it.org/all/20150111050851/http://urtikan.net/"
      },
      {
        "datetime": "2015-01-11T05:08:51Z",
        "uri": "http://wayback.archive-it.org/all/20150111050851/http://urtikan.net/"
      },
      {
        "datetime": "2015-01-11T05:08:51Z",
        "uri": "http://web.archive.org/web/20150111050851/http://urtikan.net/"
      },
      {
        "datetime": "2015-01-11T05:09:11Z",
        "uri": "http://wayback.archive-it.org/all/20150111050911/http://www.urtikan.net/"
      },
      {
        "datetime": "2015-01-11T05:09:11Z",
        "uri": "http://wayback.archive-it.org/all/20150111050911/http://www.urtikan.net/"
      },
      {
        "datetime": "2015-01-11T05:09:11Z",
        "uri": "http://web.archive.org/web/20150111050911/http://www.urtikan.net/"
      },
      {
        "datetime": "2015-01-23T01:33:25Z",
        "uri": "http://wayback.archive-it.org/all/20150123013325/http://urtikan.net/"
      },
      {
        "datetime": "2015-01-23T01:33:25Z",
        "uri": "http://wayback.archive-it.org/all/20150123013325/http://urtikan.net/"
      },
      {
        "datetime": "2015-01-23T01:33:25Z",
        "uri": "http://web.archive.org/web/20150123013325/http://urtikan.net/"
      },
      {
        "datetime": "2015-01-23T01:41:50Z",
        "uri": "http://wayback.archive-it.org/all/20150123014150/http://www.urtikan.net/"
      },
      {
        "datetime": "2015-01-23T01:41:50Z",
        "uri": "http://wayback.archive-it.org/all/20150123014150/http://www.urtikan.net/"
      },
      {
        "datetime": "2015-01-23T01:41:50Z",
        "uri": "http://web.archive.org/web/20150123014150/http://www.urtikan.net/"
      },
      {
        "datetime": "2015-02-03T01:34:49Z",
        "uri": "http://wayback.archive-it.org/all/20150203013449/http://urtikan.net/"
      },
      {
        "datetime": "2015-02-03T01:34:49Z",
        "uri": "http://wayback.archive-it.org/all/20150203013449/http://urtikan.net/"
      },
      {
        "datetime": "2015-02-03T01:34:49Z",
        "uri": "http://web.archive.org/web/20150203013449/http://urtikan.net/"
      },
      {
        "datetime": "2015-02-03T01:39:48Z",
        "uri": "http://wayback.archive-it.org/all/20150203013948/http://www.urtikan.net/"
      },
      {
        "datetime": "2015-02-03T01:39:48Z",
        "uri": "http://wayback.archive-it.org/all/20150203013948/http://www.urtikan.net/"
      },
      {
        "datetime": "2015-02-03T01:39:48Z",
        "uri": "http://web.archive.org/web/20150203013948/http://www.urtikan.net/"
      },
      {
        "datetime": "2015-02-05T23:22:48Z",
        "uri": "http://web.archive.org/web/20150205232248/http://www.urtikan.net:80/"
      },
      {
        "datetime": "2015-02-05T23:22:48Z",
        "uri": "http://web.archive.org/web/20150205232248/http://urtikan.net:80/"
      },
      {
        "datetime": "2015-02-07T01:07:00Z",
        "uri": "http://web.archive.org/web/20150207010700/http://www.urtikan.net:80/"
      },
      {
        "datetime": "2015-02-07T01:07:00Z",
        "uri": "http://web.archive.org/web/20150207010700/http://urtikan.net:80/"
      },
      {
        "datetime": "2015-02-12T02:43:51Z",
        "uri": "http://wayback.archive-it.org/all/20150212024351/http://urtikan.net/"
      },
      {
        "datetime": "2015-02-12T02:43:51Z",
        "uri": "http://wayback.archive-it.org/all/20150212024351/http://urtikan.net/"
      },
      {
        "datetime": "2015-02-12T02:43:51Z",
        "uri": "http://web.archive.org/web/20150212024351/http://urtikan.net/"
      },
      {
        "datetime": "2015-02-12T03:08:37Z",
        "uri": "http://wayback.archive-it.org/all/20150212030837/http://www.urtikan.net/"
      },
      {
        "datetime": "2015-02-12T03:08:37Z",
        "uri": "http://wayback.archive-it.org/all/20150212030837/http://www.urtikan.net/"
      },
      {
        "datetime": "2015-02-12T03:08:37Z",
        "uri": "http://web.archive.org/web/20150212030837/http://www.urtikan.net/"
      },
      {
        "datetime": "2015-02-22T08:14:06Z",
        "uri": "http://web.archive.org/web/20150222081406/http://www.urtikan.net:80/"
      },
      {
        "datetime": "2015-03-14T19:15:39Z",
        "uri": "http://web.archive.org/web/20150314191539/http://urtikan.net/"
      },
      {
        "datetime": "2015-03-14T23:21:08Z",
        "uri": "http://web.archive.org/web/20150314232108/http://www.urtikan.net/"
      },
      {
        "datetime": "2015-03-18T17:55:12Z",
        "uri": "http://web.archive.org/web/20150318175512/http://urtikan.net/"
      },
      {
        "datetime": "2015-03-30T11:12:29Z",
        "uri": "http://wayback.archive-it.org/all/20150330111229/http://urtikan.net/"
      },
      {
        "datetime": "2015-03-30T11:12:29Z",
        "uri": "http://web.archive.org/web/20150330111229/http://urtikan.net/"
      },
      {
        "datetime": "2015-03-30T11:12:48Z",
        "uri": "http://wayback.archive-it.org/all/20150330111248/http://www.urtikan.net/"
      },
      {
        "datetime": "2015-03-30T11:12:48Z",
        "uri": "http://web.archive.org/web/20150330111248/http://www.urtikan.net/"
      },
      {
        "datetime": "2015-05-16T21:29:43Z",
        "uri": "http://web.archive.org/web/20150516212943/http://urtikan.net/"
      },
      {
        "datetime": "2015-05-22T13:28:48Z",
        "uri": "http://web.archive.org/web/20150522132848/http://urtikan.net/"
      },
      {
        "datetime": "2015-08-12T04:02:01Z",
        "uri": "http://web.archive.org/web/20150812040201/http://www.urtikan.net/"
      },
      {
        "datetime": "2015-09-12T09:44:48Z",
        "uri": "http://web.archive.org/web/20150912094448/http://urtikan.net/"
      },
      {
        "datetime": "2015-09-25T23:10:58Z",
        "uri": "http://web.archive.org/web/20150925231058/http://www.urtikan.net/"
      },
      {
        "datetime": "2015-09-26T19:58:54Z",
        "uri": "http://web.archive.org/web/20150926195854/http://www.urtikan.net/"
      },
      {
        "datetime": "2015-09-29T20:46:22Z",
        "uri": "http://web.archive.org/web/20150929204622/http://www.urtikan.net/"
      },
      {
        "datetime": "2016-01-11T12:19:01Z",
        "uri": "http://web.archive.org/web/20160111121901/http://www.urtikan.net/"
      },
      {
        "datetime": "2016-01-11T17:18:56Z",
        "uri": "http://web.archive.org/web/20160111171856/http://urtikan.net/"
      },
      {
        "datetime": "2016-01-12T03:10:24Z",
        "uri": "http://web.archive.org/web/20160112031024/http://www.urtikan.net/"
      },
      {
        "datetime": "2016-01-12T17:54:51Z",
        "uri": "http://web.archive.org/web/20160112175451/http://www.urtikan.net/"
      },
      {
        "datetime": "2016-01-13T09:09:27Z",
        "uri": "http://web.archive.org/web/20160113090927/http://www.urtikan.net/"
      },
      {
        "datetime": "2016-02-01T02:55:54Z",
        "uri": "http://web.archive.org/web/20160201025554/http://urtikan.net/"
      },
      {
        "datetime": "2016-02-07T08:06:56Z",
        "uri": "http://web.archive.org/web/20160207080656/http://www.urtikan.net/"
      },
      {
        "datetime": "2016-03-03T17:54:51Z",
        "uri": "http://web.archive.org/web/20160303175451/http://www.urtikan.net/"
      },
      {
        "datetime": "2016-03-03T22:24:53Z",
        "uri": "http://web.archive.org/web/20160303222453/http://urtikan.net/"
      },
      {
        "datetime": "2016-03-05T10:02:11Z",
        "uri": "http://web.archive.org/web/20160305100211/http://urtikan.net/"
      },
      {
        "datetime": "2016-03-06T09:58:49Z",
        "uri": "http://web.archive.org/web/20160306095849/http://www.urtikan.net/"
      },
      {
        "datetime": "2016-03-08T04:49:24Z",
        "uri": "http://web.archive.org/web/20160308044924/http://www.urtikan.net/"
      },
      {
        "datetime": "2016-03-18T06:53:03Z",
        "uri": "http://web.archive.org/web/20160318065303/http://www.urtikan.net/"
      },
      {
        "datetime": "2016-03-20T20:24:00Z",
        "uri": "http://web.archive.org/web/20160320202400/http://www.urtikan.net/"
      },
      {
        "datetime": "2016-03-23T20:38:07Z",
        "uri": "http://web.archive.org/web/20160323203807/http://www.urtikan.net/"
      },
      {
        "datetime": "2016-03-31T14:34:14Z",
        "uri": "http://web.archive.org/web/20160331143414/http://www.urtikan.net/"
      },
      {
        "datetime": "2016-05-29T02:00:33Z",
        "uri": "http://web.archive.org/web/20160529020033/http://www.urtikan.net/"
      },
      {
        "datetime": "2016-10-04T23:25:34Z",
        "uri": "http://web.archive.org/web/20161004232534/http://urtikan.net/"
      },
      {
        "datetime": "2016-10-06T15:54:55Z",
        "uri": "http://web.archive.org/web/20161006155455/http://www.urtikan.net/"
      },
      {
        "datetime": "2016-10-06T22:39:35Z",
        "uri": "http://web.archive.org/web/20161006223935/http://www.urtikan.net/"
      },
      {
        "datetime": "2016-10-10T03:34:47Z",
        "uri": "http://web.archive.org/web/20161010033447/http://www.urtikan.net/"
      },
      {
        "datetime": "2016-10-11T19:43:20Z",
        "uri": "http://web.archive.org/web/20161011194320/http://www.urtikan.net/"
      },
      {
        "datetime": "2016-10-30T01:30:02Z",
        "uri": "http://web.archive.org/web/20161030013002/http://www.urtikan.net/"
      },
      {
        "datetime": "2016-11-03T09:13:25Z",
        "uri": "http://web.archive.org/web/20161103091325/http://www.urtikan.net/"
      },
      {
        "datetime": "2016-12-28T11:16:26Z",
        "uri": "http://web.archive.org/web/20161228111626/http://www.urtikan.net/"
      },
      {
        "datetime": "2017-03-25T00:37:15Z",
        "uri": "http://web.archive.org/web/20170325003715/http://www.urtikan.net/"
      },
      {
        "datetime": "2017-05-16T20:28:34Z",
        "uri": "http://web.archive.org/web/20170516202834/http://www.urtikan.net/"
      },
      {
        "datetime": "2017-05-28T01:06:21Z",
        "uri": "http://web.archive.org/web/20170528010621/http://www.urtikan.net/"
      },
      {
        "datetime": "2017-06-06T04:05:44Z",
        "uri": "http://web.archive.org/web/20170606040544/http://www.urtikan.net/"
      },
      {
        "datetime": "2017-06-11T08:02:32Z",
        "uri": "http://web.archive.org/web/20170611080232/http://www.urtikan.net/"
      },
      {
        "datetime": "2017-06-25T08:53:44Z",
        "uri": "http://web.archive.org/web/20170625085344/http://urtikan.net/"
      },
      {
        "datetime": "2017-09-05T01:49:10Z",
        "uri": "http://web.archive.org/web/20170905014910/http://www.urtikan.net/"
      },
      {
        "datetime": "2017-09-11T13:46:53Z",
        "uri": "http://web.archive.org/web/20170911134653/http://urtikan.net/"
      },
      {
        "datetime": "2017-09-12T01:19:44Z",
        "uri": "http://web.archive.org/web/20170912011944/http://urtikan.net/"
      },
      {
        "datetime": "2017-09-12T05:52:36Z",
        "uri": "http://web.archive.org/web/20170912055236/http://www.urtikan.net/"
      },
      {
        "datetime": "2017-09-13T06:59:59Z",
        "uri": "http://web.archive.org/web/20170913065959/http://www.urtikan.net/"
      },
      {
        "datetime": "2017-09-13T12:48:57Z",
        "uri": "http://web.archive.org/web/20170913124857/http://urtikan.net/"
      },
      {
        "datetime": "2017-09-24T15:08:21Z",
        "uri": "http://web.archive.org/web/20170924150821/http://urtikan.net/"
      },
      {
        "datetime": "2017-11-19T19:13:19Z",
        "uri": "http://web.archive.org/web/20171119191319/http://www.urtikan.net/"
      },
      {
        "datetime": "2017-12-23T14:31:56Z",
        "uri": "http://web.archive.org/web/20171223143156/http://urtikan.net/"
      },
      {
        "datetime": "2017-12-24T20:03:08Z",
        "uri": "http://web.archive.org/web/20171224200308/http://www.urtikan.net/"
      },
      {
        "datetime": "2017-12-28T09:33:44Z",
        "uri": "http://web.archive.org/web/20171228093344/http://www.urtikan.net/"
      },
      {
        "datetime": "2018-02-03T10:05:24Z",
        "uri": "http://web.archive.org/web/20180203100524/http://urtikan.net/"
      }
    ],
    "first": {
      "datetime": "2011-01-12T15:19:09Z",
      "uri": "http://web.archive.org/web/20110112151909/http://www.urtikan.net:80/"
    },
    "last": {
      "datetime": "2018-02-03T10:05:24Z",
      "uri": "http://web.archive.org/web/20180203100524/http://urtikan.net/"
    }
  },
  "timemap_uri": {
    "link_format": "https://memgator.cs.odu.edu/timemap/link/http://Urtikan.net",
    "json_format": "https://memgator.cs.odu.edu/timemap/json/http://Urtikan.net",
    "cdxj_format": "https://memgator.cs.odu.edu/timemap/cdxj/http://Urtikan.net"
  },
  "timegate_uri": "https://memgator.cs.odu.edu/timegate/http://Urtikan.net"
}