{
  "original_uri": "https://tacticalinvestor.com/tiger-woods-donald-trump-takes-pretty-good-lash/",
  "self": "https://memgator.cs.odu.edu/timemap/json/https://tacticalinvestor.com/tiger-woods-donald-trump-takes-pretty-good-lash/",
  "mementos": {
    "list": [
      {
        "datetime": "2017-06-15T17:35:50Z",
        "uri": "http://web.archive.org/web/20170615173550/http://tacticalinvestor.com/tiger-woods-donald-trump-takes-pretty-good-lash/"
      },
      {
        "datetime": "2018-01-21T07:30:53Z",
        "uri": "http://web.archive.org/web/20180121073053/https://tacticalinvestor.com/tiger-woods-donald-trump-takes-pretty-good-lash/"
      }
    ],
    "first": {
      "datetime": "2017-06-15T17:35:50Z",
      "uri": "http://web.archive.org/web/20170615173550/http://tacticalinvestor.com/tiger-woods-donald-trump-takes-pretty-good-lash/"
    },
    "last": {
      "datetime": "2018-01-21T07:30:53Z",
      "uri": "http://web.archive.org/web/20180121073053/https://tacticalinvestor.com/tiger-woods-donald-trump-takes-pretty-good-lash/"
    }
  },
  "timemap_uri": {
    "link_format": "https://memgator.cs.odu.edu/timemap/link/https://tacticalinvestor.com/tiger-woods-donald-trump-takes-pretty-good-lash/",
    "json_format": "https://memgator.cs.odu.edu/timemap/json/https://tacticalinvestor.com/tiger-woods-donald-trump-takes-pretty-good-lash/",
    "cdxj_format": "https://memgator.cs.odu.edu/timemap/cdxj/https://tacticalinvestor.com/tiger-woods-donald-trump-takes-pretty-good-lash/"
  },
  "timegate_uri": "https://memgator.cs.odu.edu/timegate/https://tacticalinvestor.com/tiger-woods-donald-trump-takes-pretty-good-lash/"
}