{
  "original_uri": "https://www.pv-tech.org/news/sunlight-financial-secures-us400-million-annual-commitment-from-tech-cu-for",
  "self": "https://memgator.cs.odu.edu/timemap/json/https://www.pv-tech.org/news/sunlight-financial-secures-us400-million-annual-commitment-from-tech-cu-for",
  "mementos": {
    "list": [
      {
        "datetime": "2018-01-26T11:39:18Z",
        "uri": "http://web.archive.org/web/20180126113918/https://www.pv-tech.org/news/sunlight-financial-secures-us400-million-annual-commitment-from-tech-cu-for"
      },
      {
        "datetime": "2018-02-03T01:13:52Z",
        "uri": "http://web.archive.org/web/20180203011352/https://www.pv-tech.org/news/sunlight-financial-secures-us400-million-annual-commitment-from-tech-cu-for"
      }
    ],
    "first": {
      "datetime": "2018-01-26T11:39:18Z",
      "uri": "http://web.archive.org/web/20180126113918/https://www.pv-tech.org/news/sunlight-financial-secures-us400-million-annual-commitment-from-tech-cu-for"
    },
    "last": {
      "datetime": "2018-02-03T01:13:52Z",
      "uri": "http://web.archive.org/web/20180203011352/https://www.pv-tech.org/news/sunlight-financial-secures-us400-million-annual-commitment-from-tech-cu-for"
    }
  },
  "timemap_uri": {
    "link_format": "https://memgator.cs.odu.edu/timemap/link/https://www.pv-tech.org/news/sunlight-financial-secures-us400-million-annual-commitment-from-tech-cu-for",
    "json_format": "https://memgator.cs.odu.edu/timemap/json/https://www.pv-tech.org/news/sunlight-financial-secures-us400-million-annual-commitment-from-tech-cu-for",
    "cdxj_format": "https://memgator.cs.odu.edu/timemap/cdxj/https://www.pv-tech.org/news/sunlight-financial-secures-us400-million-annual-commitment-from-tech-cu-for"
  },
  "timegate_uri": "https://memgator.cs.odu.edu/timegate/https://www.pv-tech.org/news/sunlight-financial-secures-us400-million-annual-commitment-from-tech-cu-for"
}