{
  "original_uri": "https://www.ebay.com/itm/Donald-Trump-MAGA-Card-Holder-Wallet/282714485145",
  "self": "https://memgator.cs.odu.edu/timemap/json/https://www.ebay.com/itm/Donald-Trump-MAGA-Card-Holder-Wallet/282714485145",
  "mementos": {
    "list": [
      {
        "datetime": "2018-01-24T23:28:56Z",
        "uri": "http://web.archive.org/web/20180124232856/https://www.ebay.com/itm/Donald-Trump-MAGA-Card-Holder-Wallet/282714485145"
      },
      {
        "datetime": "2018-01-24T23:28:56Z",
        "uri": "http://wayback.archive-it.org/all/20180124232856/https://www.ebay.com/itm/Donald-Trump-MAGA-Card-Holder-Wallet/282714485145"
      },
      {
        "datetime": "2018-01-25T10:37:41Z",
        "uri": "http://web.archive.org/web/20180125103741/https://www.ebay.com/itm/Donald-Trump-MAGA-Card-Holder-Wallet/282714485145"
      },
      {
        "datetime": "2018-01-25T10:37:41Z",
        "uri": "http://wayback.archive-it.org/all/20180125103741/https://www.ebay.com/itm/Donald-Trump-MAGA-Card-Holder-Wallet/282714485145"
      },
      {
        "datetime": "2018-01-25T11:17:58Z",
        "uri": "http://web.archive.org/web/20180125111758/https://www.ebay.com/itm/Donald-Trump-MAGA-Card-Holder-Wallet/282714485145"
      },
      {
        "datetime": "2018-01-25T11:17:58Z",
        "uri": "http://wayback.archive-it.org/all/20180125111758/https://www.ebay.com/itm/Donald-Trump-MAGA-Card-Holder-Wallet/282714485145"
      }
    ],
    "first": {
      "datetime": "2018-01-24T23:28:56Z",
      "uri": "http://web.archive.org/web/20180124232856/https://www.ebay.com/itm/Donald-Trump-MAGA-Card-Holder-Wallet/282714485145"
    },
    "last": {
      "datetime": "2018-01-25T11:17:58Z",
      "uri": "http://wayback.archive-it.org/all/20180125111758/https://www.ebay.com/itm/Donald-Trump-MAGA-Card-Holder-Wallet/282714485145"
    }
  },
  "timemap_uri": {
    "link_format": "https://memgator.cs.odu.edu/timemap/link/https://www.ebay.com/itm/Donald-Trump-MAGA-Card-Holder-Wallet/282714485145",
    "json_format": "https://memgator.cs.odu.edu/timemap/json/https://www.ebay.com/itm/Donald-Trump-MAGA-Card-Holder-Wallet/282714485145",
    "cdxj_format": "https://memgator.cs.odu.edu/timemap/cdxj/https://www.ebay.com/itm/Donald-Trump-MAGA-Card-Holder-Wallet/282714485145"
  },
  "timegate_uri": "https://memgator.cs.odu.edu/timegate/https://www.ebay.com/itm/Donald-Trump-MAGA-Card-Holder-Wallet/282714485145"
}