{
  "original_uri": "http://www.wsbtv.com/news/2-investigates/home-depot-destroys-1-million-pounds-of-supplies-in-wake-of-hurricane/691725218",
  "self": "https://memgator.cs.odu.edu/timemap/json/http://www.wsbtv.com/news/2-investigates/home-depot-destroys-1-million-pounds-of-supplies-in-wake-of-hurricane/691725218",
  "mementos": {
    "list": [
      {
        "datetime": "2018-01-31T22:23:47Z",
        "uri": "http://web.archive.org/web/20180131222347/http://www.wsbtv.com/news/2-investigates/home-depot-destroys-1-million-pounds-of-supplies-in-wake-of-hurricane/691725218"
      },
      {
        "datetime": "2018-02-01T00:21:41Z",
        "uri": "http://web.archive.org/web/20180201002141/http://www.wsbtv.com/news/2-investigates/home-depot-destroys-1-million-pounds-of-supplies-in-wake-of-hurricane/691725218"
      },
      {
        "datetime": "2018-02-02T00:03:39Z",
        "uri": "http://web.archive.org/web/20180202000339/http://www.wsbtv.com/news/2-investigates/home-depot-destroys-1-million-pounds-of-supplies-in-wake-of-hurricane/691725218"
      },
      {
        "datetime": "2018-02-02T00:37:26Z",
        "uri": "http://web.archive.org/web/20180202003726/http://www.wsbtv.com/news/2-investigates/home-depot-destroys-1-million-pounds-of-supplies-in-wake-of-hurricane/691725218"
      },
      {
        "datetime": "2018-02-02T01:11:08Z",
        "uri": "http://web.archive.org/web/20180202011108/http://www.wsbtv.com/news/2-investigates/home-depot-destroys-1-million-pounds-of-supplies-in-wake-of-hurricane/691725218"
      },
      {
        "datetime": "2018-02-03T15:22:50Z",
        "uri": "http://web.archive.org/web/20180203152250/http://www.wsbtv.com/news/2-investigates/home-depot-destroys-1-million-pounds-of-supplies-in-wake-of-hurricane/691725218"
      },
      {
        "datetime": "2018-02-04T06:29:08Z",
        "uri": "http://web.archive.org/web/20180204062908/http://www.wsbtv.com/news/2-investigates/home-depot-destroys-1-million-pounds-of-supplies-in-wake-of-hurricane/691725218"
      },
      {
        "datetime": "2018-02-04T06:29:32Z",
        "uri": "http://archive.is/20180204062932/http://www.wsbtv.com/news/2-investigates/home-depot-destroys-1-million-pounds-of-supplies-in-wake-of-hurricane/691725218"
      },
      {
        "datetime": "2018-02-05T02:41:14Z",
        "uri": "http://web.archive.org/web/20180205024114/http://www.wsbtv.com/news/2-investigates/home-depot-destroys-1-million-pounds-of-supplies-in-wake-of-hurricane/691725218"
      }
    ],
    "first": {
      "datetime": "2018-01-31T22:23:47Z",
      "uri": "http://web.archive.org/web/20180131222347/http://www.wsbtv.com/news/2-investigates/home-depot-destroys-1-million-pounds-of-supplies-in-wake-of-hurricane/691725218"
    },
    "last": {
      "datetime": "2018-02-05T02:41:14Z",
      "uri": "http://web.archive.org/web/20180205024114/http://www.wsbtv.com/news/2-investigates/home-depot-destroys-1-million-pounds-of-supplies-in-wake-of-hurricane/691725218"
    }
  },
  "timemap_uri": {
    "link_format": "https://memgator.cs.odu.edu/timemap/link/http://www.wsbtv.com/news/2-investigates/home-depot-destroys-1-million-pounds-of-supplies-in-wake-of-hurricane/691725218",
    "json_format": "https://memgator.cs.odu.edu/timemap/json/http://www.wsbtv.com/news/2-investigates/home-depot-destroys-1-million-pounds-of-supplies-in-wake-of-hurricane/691725218",
    "cdxj_format": "https://memgator.cs.odu.edu/timemap/cdxj/http://www.wsbtv.com/news/2-investigates/home-depot-destroys-1-million-pounds-of-supplies-in-wake-of-hurricane/691725218"
  },
  "timegate_uri": "https://memgator.cs.odu.edu/timegate/http://www.wsbtv.com/news/2-investigates/home-depot-destroys-1-million-pounds-of-supplies-in-wake-of-hurricane/691725218"
}