{
  "original_uri": "http://www.radiohoy.cl",
  "self": "https://memgator.cs.odu.edu/timemap/json/http://www.radiohoy.cl",
  "mementos": {
    "list": [
      {
        "datetime": "2017-01-27T04:36:53Z",
        "uri": "http://web.archive.org/web/20170127043653/http://www.radiohoy.cl:80/"
      },
      {
        "datetime": "2017-05-06T03:24:33Z",
        "uri": "http://web.archive.org/web/20170506032433/http://www.radiohoy.cl:80/"
      },
      {
        "datetime": "2017-06-06T01:02:14Z",
        "uri": "http://web.archive.org/web/20170606010214/http://www.radiohoy.cl:80/"
      },
      {
        "datetime": "2017-07-07T17:08:27Z",
        "uri": "http://web.archive.org/web/20170707170827/http://www.radiohoy.cl:80/"
      },
      {
        "datetime": "2017-08-07T11:26:55Z",
        "uri": "http://web.archive.org/web/20170807112655/http://www.radiohoy.cl:80/"
      },
      {
        "datetime": "2017-08-29T21:14:52Z",
        "uri": "http://web.archive.org/web/20170829211452/http://www.radiohoy.cl/"
      },
      {
        "datetime": "2017-09-01T10:47:51Z",
        "uri": "http://web.archive.org/web/20170901104751/http://www.radiohoy.cl/"
      },
      {
        "datetime": "2017-11-09T01:10:16Z",
        "uri": "http://web.archive.org/web/20171109011016/http://www.radiohoy.cl/"
      },
      {
        "datetime": "2017-11-09T01:50:00Z",
        "uri": "http://web.archive.org/web/20171109015000/http://www.radiohoy.cl/"
      },
      {
        "datetime": "2018-01-18T04:10:01Z",
        "uri": "http://web.archive.org/web/20180118041001/http://radiohoy.cl/"
      },
      {
        "datetime": "2018-01-18T19:03:02Z",
        "uri": "http://web.archive.org/web/20180118190302/http://www.radiohoy.cl/"
      },
      {
        "datetime": "2018-01-21T03:12:11Z",
        "uri": "http://web.archive.org/web/20180121031211/http://www.radiohoy.cl/"
      },
      {
        "datetime": "2018-02-05T22:25:57Z",
        "uri": "http://web.archive.org/web/20180205222557/http://www.radiohoy.cl/"
      }
    ],
    "first": {
      "datetime": "2017-01-27T04:36:53Z",
      "uri": "http://web.archive.org/web/20170127043653/http://www.radiohoy.cl:80/"
    },
    "last": {
      "datetime": "2018-02-05T22:25:57Z",
      "uri": "http://web.archive.org/web/20180205222557/http://www.radiohoy.cl/"
    }
  },
  "timemap_uri": {
    "link_format": "https://memgator.cs.odu.edu/timemap/link/http://www.radiohoy.cl",
    "json_format": "https://memgator.cs.odu.edu/timemap/json/http://www.radiohoy.cl",
    "cdxj_format": "https://memgator.cs.odu.edu/timemap/cdxj/http://www.radiohoy.cl"
  },
  "timegate_uri": "https://memgator.cs.odu.edu/timegate/http://www.radiohoy.cl"
}