{
  "original_uri": "http://www.elev8tionradio.com",
  "self": "https://memgator.cs.odu.edu/timemap/json/http://www.elev8tionradio.com",
  "mementos": {
    "list": [
      {
        "datetime": "2016-04-10T14:19:04Z",
        "uri": "http://web.archive.org/web/20160410141904/http://www.elev8tionradio.com:80/"
      },
      {
        "datetime": "2016-05-11T16:42:16Z",
        "uri": "http://web.archive.org/web/20160511164216/http://www.elev8tionradio.com:80/"
      },
      {
        "datetime": "2017-04-14T06:37:07Z",
        "uri": "http://web.archive.org/web/20170414063707/http://www.elev8tionradio.com:80/"
      },
      {
        "datetime": "2017-08-29T17:54:53Z",
        "uri": "http://web.archive.org/web/20170829175453/http://www.elev8tionradio.com/"
      },
      {
        "datetime": "2017-08-29T22:14:58Z",
        "uri": "http://web.archive.org/web/20170829221458/https://www.elev8tionradio.com/"
      },
      {
        "datetime": "2018-01-03T19:15:41Z",
        "uri": "http://web.archive.org/web/20180103191541/http://elev8tionradio.com/"
      },
      {
        "datetime": "2018-01-30T10:58:11Z",
        "uri": "http://web.archive.org/web/20180130105811/http://www.elev8tionradio.com/"
      }
    ],
    "first": {
      "datetime": "2016-04-10T14:19:04Z",
      "uri": "http://web.archive.org/web/20160410141904/http://www.elev8tionradio.com:80/"
    },
    "last": {
      "datetime": "2018-01-30T10:58:11Z",
      "uri": "http://web.archive.org/web/20180130105811/http://www.elev8tionradio.com/"
    }
  },
  "timemap_uri": {
    "link_format": "https://memgator.cs.odu.edu/timemap/link/http://www.elev8tionradio.com",
    "json_format": "https://memgator.cs.odu.edu/timemap/json/http://www.elev8tionradio.com",
    "cdxj_format": "https://memgator.cs.odu.edu/timemap/cdxj/http://www.elev8tionradio.com"
  },
  "timegate_uri": "https://memgator.cs.odu.edu/timegate/http://www.elev8tionradio.com"
}