{
  "original_uri": "http://www.cnn.com/2018/02/01/politics/nunes-memo-donald-trump/index.html",
  "self": "https://memgator.cs.odu.edu/timemap/json/http://www.cnn.com/2018/02/01/politics/nunes-memo-donald-trump/index.html",
  "mementos": {
    "list": [
      {
        "datetime": "2018-02-01T14:57:53Z",
        "uri": "http://web.archive.org/web/20180201145753/https://www.cnn.com/2018/02/01/politics/nunes-memo-donald-trump/index.html"
      },
      {
        "datetime": "2018-02-01T15:08:27Z",
        "uri": "http://web.archive.org/web/20180201150827/http://www.cnn.com/2018/02/01/politics/nunes-memo-donald-trump/index.html"
      },
      {
        "datetime": "2018-02-01T15:22:17Z",
        "uri": "http://web.archive.org/web/20180201152217/https://www.cnn.com/2018/02/01/politics/nunes-memo-donald-trump/index.html"
      },
      {
        "datetime": "2018-02-01T16:00:34Z",
        "uri": "http://web.archive.org/web/20180201160034/https://www.cnn.com/2018/02/01/politics/nunes-memo-donald-trump/index.html"
      },
      {
        "datetime": "2018-02-01T16:36:59Z",
        "uri": "http://web.archive.org/web/20180201163659/http://www.cnn.com/2018/02/01/politics/nunes-memo-donald-trump/index.html"
      },
      {
        "datetime": "2018-02-01T16:37:03Z",
        "uri": "http://web.archive.org/web/20180201163703/https://www.cnn.com/2018/02/01/politics/nunes-memo-donald-trump/index.html"
      },
      {
        "datetime": "2018-02-01T16:47:02Z",
        "uri": "http://web.archive.org/web/20180201164702/http://www.cnn.com/2018/02/01/politics/nunes-memo-donald-trump/index.html"
      },
      {
        "datetime": "2018-02-01T16:56:47Z",
        "uri": "http://wayback.archive-it.org/all/20180201165647/https://www.cnn.com/2018/02/01/politics/nunes-memo-donald-trump/index.html"
      },
      {
        "datetime": "2018-02-01T16:56:47Z",
        "uri": "http://web.archive.org/web/20180201165647/https://www.cnn.com/2018/02/01/politics/nunes-memo-donald-trump/index.html"
      },
      {
        "datetime": "2018-02-01T17:10:54Z",
        "uri": "http://web.archive.org/web/20180201171054/https://www.cnn.com/2018/02/01/politics/nunes-memo-donald-trump/index.html"
      },
      {
        "datetime": "2018-02-01T17:18:54Z",
        "uri": "http://archive.is/20180201171854/https://www.cnn.com/2018/02/01/politics/nunes-memo-donald-trump/index.html"
      },
      {
        "datetime": "2018-02-01T17:44:52Z",
        "uri": "http://web.archive.org/web/20180201174452/https://www.cnn.com/2018/02/01/politics/nunes-memo-donald-trump/index.html"
      },
      {
        "datetime": "2018-02-01T18:06:18Z",
        "uri": "http://web.archive.org/web/20180201180618/https://www.cnn.com/2018/02/01/politics/nunes-memo-donald-trump/index.html"
      },
      {
        "datetime": "2018-02-01T18:16:39Z",
        "uri": "http://web.archive.org/web/20180201181639/https://www.cnn.com/2018/02/01/politics/nunes-memo-donald-trump/index.html"
      },
      {
        "datetime": "2018-02-01T18:17:35Z",
        "uri": "http://web.archive.org/web/20180201181735/https://www.cnn.com/2018/02/01/politics/nunes-memo-donald-trump/index.html"
      },
      {
        "datetime": "2018-02-01T18:17:59Z",
        "uri": "http://web.archive.org/web/20180201181759/https://www.cnn.com/2018/02/01/politics/nunes-memo-donald-trump/index.html"
      },
      {
        "datetime": "2018-02-01T18:20:53Z",
        "uri": "http://web.archive.org/web/20180201182053/http://www.cnn.com/2018/02/01/politics/nunes-memo-donald-trump/index.html"
      },
      {
        "datetime": "2018-02-01T18:31:36Z",
        "uri": "http://web.archive.org/web/20180201183136/https://www.cnn.com/2018/02/01/politics/nunes-memo-donald-trump/index.html"
      },
      {
        "datetime": "2018-02-01T18:48:35Z",
        "uri": "http://web.archive.org/web/20180201184835/http://www.cnn.com/2018/02/01/politics/nunes-memo-donald-trump/index.html"
      },
      {
        "datetime": "2018-02-01T18:50:33Z",
        "uri": "http://web.archive.org/web/20180201185033/https://www.cnn.com/2018/02/01/politics/nunes-memo-donald-trump/index.html"
      },
      {
        "datetime": "2018-02-01T19:24:26Z",
        "uri": "http://web.archive.org/web/20180201192426/https://www.cnn.com/2018/02/01/politics/nunes-memo-donald-trump/index.html"
      },
      {
        "datetime": "2018-02-01T19:58:31Z",
        "uri": "http://web.archive.org/web/20180201195831/https://www.cnn.com/2018/02/01/politics/nunes-memo-donald-trump/index.html"
      },
      {
        "datetime": "2018-02-01T20:32:19Z",
        "uri": "http://web.archive.org/web/20180201203219/https://www.cnn.com/2018/02/01/politics/nunes-memo-donald-trump/index.html"
      },
      {
        "datetime": "2018-02-01T21:06:08Z",
        "uri": "http://web.archive.org/web/20180201210608/https://www.cnn.com/2018/02/01/politics/nunes-memo-donald-trump/index.html"
      },
      {
        "datetime": "2018-02-01T21:20:03Z",
        "uri": "http://wayback.archive-it.org/all/20180201212003/https://www.cnn.com/2018/02/01/politics/nunes-memo-donald-trump/index.html"
      },
      {
        "datetime": "2018-02-01T21:20:03Z",
        "uri": "http://web.archive.org/web/20180201212003/https://www.cnn.com/2018/02/01/politics/nunes-memo-donald-trump/index.html"
      },
      {
        "datetime": "2018-02-01T21:44:04Z",
        "uri": "http://wayback.archive-it.org/all/20180201214404/http://www.cnn.com/2018/02/01/politics/nunes-memo-donald-trump/index.html"
      },
      {
        "datetime": "2018-02-01T21:44:04Z",
        "uri": "http://web.archive.org/web/20180201214404/http://www.cnn.com/2018/02/01/politics/nunes-memo-donald-trump/index.html"
      },
      {
        "datetime": "2018-02-01T21:45:36Z",
        "uri": "http://web.archive.org/web/20180201214536/https://www.cnn.com/2018/02/01/politics/nunes-memo-donald-trump/index.html"
      },
      {
        "datetime": "2018-02-01T22:22:07Z",
        "uri": "http://web.archive.org/web/20180201222207/https://www.cnn.com/2018/02/01/politics/nunes-memo-donald-trump/index.html"
      },
      {
        "datetime": "2018-02-01T22:55:59Z",
        "uri": "http://web.archive.org/web/20180201225559/https://www.cnn.com/2018/02/01/politics/nunes-memo-donald-trump/index.html"
      },
      {
        "datetime": "2018-02-01T23:30:18Z",
        "uri": "http://web.archive.org/web/20180201233018/https://www.cnn.com/2018/02/01/politics/nunes-memo-donald-trump/index.html"
      },
      {
        "datetime": "2018-02-02T08:29:09Z",
        "uri": "http://wayback.archive-it.org/all/20180202082909/http://www.cnn.com/2018/02/01/politics/nunes-memo-donald-trump/index.html"
      },
      {
        "datetime": "2018-02-02T08:29:09Z",
        "uri": "http://web.archive.org/web/20180202082909/http://www.cnn.com/2018/02/01/politics/nunes-memo-donald-trump/index.html"
      },
      {
        "datetime": "2018-02-02T08:39:22Z",
        "uri": "http://web.archive.org/web/20180202083922/https://www.cnn.com/2018/02/01/politics/nunes-memo-donald-trump/index.html"
      },
      {
        "datetime": "2018-02-02T10:43:42Z",
        "uri": "http://web.archive.org/web/20180202104342/https://www.cnn.com/2018/02/01/politics/nunes-memo-donald-trump/index.html"
      },
      {
        "datetime": "2018-02-02T11:02:42Z",
        "uri": "http://web.archive.org/web/20180202110242/http://www.cnn.com/2018/02/01/politics/nunes-memo-donald-trump/index.html"
      },
      {
        "datetime": "2018-02-02T11:02:48Z",
        "uri": "http://web.archive.org/web/20180202110248/https://www.cnn.com/2018/02/01/politics/nunes-memo-donald-trump/index.html"
      },
      {
        "datetime": "2018-02-02T12:40:03Z",
        "uri": "http://web.archive.org/web/20180202124003/https://www.cnn.com/2018/02/01/politics/nunes-memo-donald-trump/index.html"
      },
      {
        "datetime": "2018-02-02T13:29:34Z",
        "uri": "http://wayback.archive-it.org/all/20180202132934/https://www.cnn.com/2018/02/01/politics/nunes-memo-donald-trump/index.html"
      },
      {
        "datetime": "2018-02-02T13:29:34Z",
        "uri": "http://web.archive.org/web/20180202132934/https://www.cnn.com/2018/02/01/politics/nunes-memo-donald-trump/index.html"
      },
      {
        "datetime": "2018-02-02T19:32:37Z",
        "uri": "http://web.archive.org/web/20180202193237/https://www.cnn.com/2018/02/01/politics/nunes-memo-donald-trump/index.html"
      },
      {
        "datetime": "2018-02-02T19:33:45Z",
        "uri": "http://web.archive.org/web/20180202193345/http://www.cnn.com/2018/02/01/politics/nunes-memo-donald-trump/index.html"
      },
      {
        "datetime": "2018-02-02T23:44:01Z",
        "uri": "http://web.archive.org/web/20180202234401/https://www.cnn.com/2018/02/01/politics/nunes-memo-donald-trump/index.html"
      },
      {
        "datetime": "2018-02-03T00:45:18Z",
        "uri": "http://wayback.archive-it.org/all/20180203004518/https://www.cnn.com/2018/02/01/politics/nunes-memo-donald-trump/index.html"
      },
      {
        "datetime": "2018-02-03T00:45:18Z",
        "uri": "http://web.archive.org/web/20180203004518/https://www.cnn.com/2018/02/01/politics/nunes-memo-donald-trump/index.html"
      },
      {
        "datetime": "2018-02-03T00:59:10Z",
        "uri": "http://web.archive.org/web/20180203005910/https://www.cnn.com/2018/02/01/politics/nunes-memo-donald-trump/index.html"
      },
      {
        "datetime": "2018-02-03T01:28:36Z",
        "uri": "http://wayback.archive-it.org/all/20180203012836/https://www.cnn.com/2018/02/01/politics/nunes-memo-donald-trump/index.html"
      },
      {
        "datetime": "2018-02-03T01:28:36Z",
        "uri": "http://web.archive.org/web/20180203012836/https://www.cnn.com/2018/02/01/politics/nunes-memo-donald-trump/index.html"
      },
      {
        "datetime": "2018-02-03T04:04:50Z",
        "uri": "http://web.archive.org/web/20180203040450/http://www.cnn.com/2018/02/01/politics/nunes-memo-donald-trump/index.html"
      },
      {
        "datetime": "2018-02-03T04:04:52Z",
        "uri": "http://web.archive.org/web/20180203040452/https://www.cnn.com/2018/02/01/politics/nunes-memo-donald-trump/index.html"
      },
      {
        "datetime": "2018-02-03T04:42:10Z",
        "uri": "http://web.archive.org/web/20180203044210/https://www.cnn.com/2018/02/01/politics/nunes-memo-donald-trump/index.html"
      },
      {
        "datetime": "2018-02-03T08:39:55Z",
        "uri": "http://web.archive.org/web/20180203083955/https://www.cnn.com/2018/02/01/politics/nunes-memo-donald-trump/index.html"
      },
      {
        "datetime": "2018-02-03T09:07:58Z",
        "uri": "http://wayback.archive-it.org/all/20180203090758/https://www.cnn.com/2018/02/01/politics/nunes-memo-donald-trump/index.html"
      },
      {
        "datetime": "2018-02-03T09:07:58Z",
        "uri": "http://web.archive.org/web/20180203090758/https://www.cnn.com/2018/02/01/politics/nunes-memo-donald-trump/index.html"
      },
      {
        "datetime": "2018-02-03T12:40:07Z",
        "uri": "http://web.archive.org/web/20180203124007/http://www.cnn.com/2018/02/01/politics/nunes-memo-donald-trump/index.html"
      },
      {
        "datetime": "2018-02-03T12:40:10Z",
        "uri": "http://web.archive.org/web/20180203124010/https://www.cnn.com/2018/02/01/politics/nunes-memo-donald-trump/index.html"
      },
      {
        "datetime": "2018-02-03T17:39:43Z",
        "uri": "http://wayback.archive-it.org/all/20180203173943/https://www.cnn.com/2018/02/01/politics/nunes-memo-donald-trump/index.html"
      },
      {
        "datetime": "2018-02-03T17:39:43Z",
        "uri": "http://web.archive.org/web/20180203173943/https://www.cnn.com/2018/02/01/politics/nunes-memo-donald-trump/index.html"
      },
      {
        "datetime": "2018-02-03T21:17:55Z",
        "uri": "http://wayback.archive-it.org/all/20180203211755/https://www.cnn.com/2018/02/01/politics/nunes-memo-donald-trump/index.html"
      },
      {
        "datetime": "2018-02-03T21:17:55Z",
        "uri": "http://web.archive.org/web/20180203211755/https://www.cnn.com/2018/02/01/politics/nunes-memo-donald-trump/index.html"
      },
      {
        "datetime": "2018-02-03T23:03:04Z",
        "uri": "http://wayback.archive-it.org/all/20180203230304/http://www.cnn.com/2018/02/01/politics/nunes-memo-donald-trump/index.html"
      },
      {
        "datetime": "2018-02-03T23:03:04Z",
        "uri": "http://web.archive.org/web/20180203230304/http://www.cnn.com/2018/02/01/politics/nunes-memo-donald-trump/index.html"
      },
      {
        "datetime": "2018-02-04T00:52:16Z",
        "uri": "http://web.archive.org/web/20180204005216/https://www.cnn.com/2018/02/01/politics/nunes-memo-donald-trump/index.html"
      },
      {
        "datetime": "2018-02-04T02:10:18Z",
        "uri": "http://web.archive.org/web/20180204021018/http://www.cnn.com/2018/02/01/politics/nunes-memo-donald-trump/index.html"
      },
      {
        "datetime": "2018-02-04T05:18:31Z",
        "uri": "http://wayback.archive-it.org/all/20180204051831/https://www.cnn.com/2018/02/01/politics/nunes-memo-donald-trump/index.html"
      },
      {
        "datetime": "2018-02-04T05:18:31Z",
        "uri": "http://web.archive.org/web/20180204051831/https://www.cnn.com/2018/02/01/politics/nunes-memo-donald-trump/index.html"
      },
      {
        "datetime": "2018-02-04T06:59:26Z",
        "uri": "http://wayback.archive-it.org/all/20180204065926/https://www.cnn.com/2018/02/01/politics/nunes-memo-donald-trump/index.html"
      },
      {
        "datetime": "2018-02-04T06:59:26Z",
        "uri": "http://web.archive.org/web/20180204065926/https://www.cnn.com/2018/02/01/politics/nunes-memo-donald-trump/index.html"
      },
      {
        "datetime": "2018-02-04T14:33:29Z",
        "uri": "http://web.archive.org/web/20180204143329/http://www.cnn.com/2018/02/01/politics/nunes-memo-donald-trump/index.html"
      },
      {
        "datetime": "2018-02-04T14:33:30Z",
        "uri": "http://web.archive.org/web/20180204143330/https://www.cnn.com/2018/02/01/politics/nunes-memo-donald-trump/index.html"
      },
      {
        "datetime": "2018-02-04T18:57:08Z",
        "uri": "http://wayback.archive-it.org/all/20180204185708/https://www.cnn.com/2018/02/01/politics/nunes-memo-donald-trump/index.html"
      },
      {
        "datetime": "2018-02-04T18:57:08Z",
        "uri": "http://web.archive.org/web/20180204185708/https://www.cnn.com/2018/02/01/politics/nunes-memo-donald-trump/index.html"
      },
      {
        "datetime": "2018-02-05T06:57:19Z",
        "uri": "http://wayback.archive-it.org/all/20180205065719/https://www.cnn.com/2018/02/01/politics/nunes-memo-donald-trump/index.html"
      },
      {
        "datetime": "2018-02-05T06:57:19Z",
        "uri": "http://web.archive.org/web/20180205065719/https://www.cnn.com/2018/02/01/politics/nunes-memo-donald-trump/index.html"
      },
      {
        "datetime": "2018-02-05T14:11:54Z",
        "uri": "http://web.archive.org/web/20180205141154/http://www.cnn.com/2018/02/01/politics/nunes-memo-donald-trump/index.html"
      },
      {
        "datetime": "2018-02-05T14:11:59Z",
        "uri": "http://web.archive.org/web/20180205141159/https://www.cnn.com/2018/02/01/politics/nunes-memo-donald-trump/index.html"
      },
      {
        "datetime": "2018-02-05T18:57:28Z",
        "uri": "http://wayback.archive-it.org/all/20180205185728/https://www.cnn.com/2018/02/01/politics/nunes-memo-donald-trump/index.html"
      },
      {
        "datetime": "2018-02-05T18:57:28Z",
        "uri": "http://web.archive.org/web/20180205185728/https://www.cnn.com/2018/02/01/politics/nunes-memo-donald-trump/index.html"
      },
      {
        "datetime": "2018-02-06T07:26:07Z",
        "uri": "http://web.archive.org/web/20180206072607/https://www.cnn.com/2018/02/01/politics/nunes-memo-donald-trump/index.html"
      },
      {
        "datetime": "2018-02-06T15:51:17Z",
        "uri": "http://web.archive.org/web/20180206155117/http://www.cnn.com/2018/02/01/politics/nunes-memo-donald-trump/index.html"
      },
      {
        "datetime": "2018-02-06T15:51:21Z",
        "uri": "http://web.archive.org/web/20180206155121/https://www.cnn.com/2018/02/01/politics/nunes-memo-donald-trump/index.html"
      }
    ],
    "first": {
      "datetime": "2018-02-01T14:57:53Z",
      "uri": "http://web.archive.org/web/20180201145753/https://www.cnn.com/2018/02/01/politics/nunes-memo-donald-trump/index.html"
    },
    "last": {
      "datetime": "2018-02-06T15:51:21Z",
      "uri": "http://web.archive.org/web/20180206155121/https://www.cnn.com/2018/02/01/politics/nunes-memo-donald-trump/index.html"
    }
  },
  "timemap_uri": {
    "link_format": "https://memgator.cs.odu.edu/timemap/link/http://www.cnn.com/2018/02/01/politics/nunes-memo-donald-trump/index.html",
    "json_format": "https://memgator.cs.odu.edu/timemap/json/http://www.cnn.com/2018/02/01/politics/nunes-memo-donald-trump/index.html",
    "cdxj_format": "https://memgator.cs.odu.edu/timemap/cdxj/http://www.cnn.com/2018/02/01/politics/nunes-memo-donald-trump/index.html"
  },
  "timegate_uri": "https://memgator.cs.odu.edu/timegate/http://www.cnn.com/2018/02/01/politics/nunes-memo-donald-trump/index.html"
}