{
  "original_uri": "https://www.msnbc.com/all-in/watch/donald-trump-s-tortured-teleprompter-moments-1073106499959",
  "self": "https://memgator.cs.odu.edu/timemap/json/https://www.msnbc.com/all-in/watch/donald-trump-s-tortured-teleprompter-moments-1073106499959",
  "mementos": {
    "list": [
      {
        "datetime": "2017-10-17T08:19:08Z",
        "uri": "http://web.archive.org/web/20171017081908/http://www.msnbc.com/all-in/watch/donald-trump-s-tortured-teleprompter-moments-1073106499959"
      },
      {
        "datetime": "2017-10-19T09:33:10Z",
        "uri": "http://web.archive.org/web/20171019093310/http://www.msnbc.com/all-in/watch/donald-trump-s-tortured-teleprompter-moments-1073106499959"
      },
      {
        "datetime": "2017-10-22T15:47:57Z",
        "uri": "http://web.archive.org/web/20171022154757/http://www.msnbc.com/all-in/watch/donald-trump-s-tortured-teleprompter-moments-1073106499959"
      },
      {
        "datetime": "2017-10-23T18:03:40Z",
        "uri": "http://web.archive.org/web/20171023180340/http://www.msnbc.com/all-in/watch/donald-trump-s-tortured-teleprompter-moments-1073106499959"
      },
      {
        "datetime": "2017-10-25T18:46:41Z",
        "uri": "http://web.archive.org/web/20171025184641/http://www.msnbc.com/all-in/watch/donald-trump-s-tortured-teleprompter-moments-1073106499959"
      },
      {
        "datetime": "2017-10-26T19:09:34Z",
        "uri": "http://web.archive.org/web/20171026190934/http://www.msnbc.com/all-in/watch/donald-trump-s-tortured-teleprompter-moments-1073106499959"
      },
      {
        "datetime": "2017-11-02T00:50:52Z",
        "uri": "http://web.archive.org/web/20171102005052/http://www.msnbc.com/all-in/watch/donald-trump-s-tortured-teleprompter-moments-1073106499959"
      },
      {
        "datetime": "2017-11-03T00:59:21Z",
        "uri": "http://web.archive.org/web/20171103005921/http://www.msnbc.com/all-in/watch/donald-trump-s-tortured-teleprompter-moments-1073106499959"
      },
      {
        "datetime": "2017-11-04T02:07:43Z",
        "uri": "http://web.archive.org/web/20171104020743/http://www.msnbc.com/all-in/watch/donald-trump-s-tortured-teleprompter-moments-1073106499959"
      },
      {
        "datetime": "2017-11-05T02:06:10Z",
        "uri": "http://web.archive.org/web/20171105020610/http://www.msnbc.com/all-in/watch/donald-trump-s-tortured-teleprompter-moments-1073106499959"
      },
      {
        "datetime": "2017-11-06T02:56:39Z",
        "uri": "http://web.archive.org/web/20171106025639/http://www.msnbc.com/all-in/watch/donald-trump-s-tortured-teleprompter-moments-1073106499959"
      },
      {
        "datetime": "2017-11-07T04:48:38Z",
        "uri": "http://web.archive.org/web/20171107044838/http://www.msnbc.com/all-in/watch/donald-trump-s-tortured-teleprompter-moments-1073106499959"
      },
      {
        "datetime": "2017-11-08T04:23:04Z",
        "uri": "http://web.archive.org/web/20171108042304/http://www.msnbc.com/all-in/watch/donald-trump-s-tortured-teleprompter-moments-1073106499959"
      },
      {
        "datetime": "2017-11-09T05:25:32Z",
        "uri": "http://web.archive.org/web/20171109052532/http://www.msnbc.com/all-in/watch/donald-trump-s-tortured-teleprompter-moments-1073106499959"
      },
      {
        "datetime": "2017-11-10T05:28:05Z",
        "uri": "http://web.archive.org/web/20171110052805/http://www.msnbc.com/all-in/watch/donald-trump-s-tortured-teleprompter-moments-1073106499959"
      },
      {
        "datetime": "2017-11-11T06:01:37Z",
        "uri": "http://web.archive.org/web/20171111060137/http://www.msnbc.com/all-in/watch/donald-trump-s-tortured-teleprompter-moments-1073106499959"
      },
      {
        "datetime": "2017-11-12T06:29:59Z",
        "uri": "http://web.archive.org/web/20171112062959/http://www.msnbc.com/all-in/watch/donald-trump-s-tortured-teleprompter-moments-1073106499959"
      },
      {
        "datetime": "2017-11-13T07:47:50Z",
        "uri": "http://web.archive.org/web/20171113074750/http://www.msnbc.com/all-in/watch/donald-trump-s-tortured-teleprompter-moments-1073106499959"
      },
      {
        "datetime": "2017-11-14T08:21:13Z",
        "uri": "http://web.archive.org/web/20171114082113/http://www.msnbc.com/all-in/watch/donald-trump-s-tortured-teleprompter-moments-1073106499959"
      },
      {
        "datetime": "2017-11-15T09:10:09Z",
        "uri": "http://web.archive.org/web/20171115091009/http://www.msnbc.com/all-in/watch/donald-trump-s-tortured-teleprompter-moments-1073106499959"
      },
      {
        "datetime": "2017-11-16T09:16:42Z",
        "uri": "http://web.archive.org/web/20171116091642/http://www.msnbc.com/all-in/watch/donald-trump-s-tortured-teleprompter-moments-1073106499959"
      },
      {
        "datetime": "2017-11-17T09:46:04Z",
        "uri": "http://web.archive.org/web/20171117094604/http://www.msnbc.com/all-in/watch/donald-trump-s-tortured-teleprompter-moments-1073106499959"
      },
      {
        "datetime": "2017-11-18T12:31:05Z",
        "uri": "http://web.archive.org/web/20171118123105/http://www.msnbc.com/all-in/watch/donald-trump-s-tortured-teleprompter-moments-1073106499959"
      },
      {
        "datetime": "2017-11-19T01:35:42Z",
        "uri": "http://web.archive.org/web/20171119013542/http://www.msnbc.com/all-in/watch/donald-trump-s-tortured-teleprompter-moments-1073106499959"
      },
      {
        "datetime": "2017-11-19T13:01:37Z",
        "uri": "http://web.archive.org/web/20171119130137/http://www.msnbc.com/all-in/watch/donald-trump-s-tortured-teleprompter-moments-1073106499959"
      },
      {
        "datetime": "2017-11-20T13:15:05Z",
        "uri": "http://web.archive.org/web/20171120131505/http://www.msnbc.com/all-in/watch/donald-trump-s-tortured-teleprompter-moments-1073106499959"
      },
      {
        "datetime": "2017-11-21T13:21:11Z",
        "uri": "http://web.archive.org/web/20171121132111/http://www.msnbc.com/all-in/watch/donald-trump-s-tortured-teleprompter-moments-1073106499959"
      },
      {
        "datetime": "2017-11-22T14:02:27Z",
        "uri": "http://web.archive.org/web/20171122140227/http://www.msnbc.com/all-in/watch/donald-trump-s-tortured-teleprompter-moments-1073106499959"
      },
      {
        "datetime": "2017-11-23T14:45:19Z",
        "uri": "http://web.archive.org/web/20171123144519/http://www.msnbc.com/all-in/watch/donald-trump-s-tortured-teleprompter-moments-1073106499959"
      },
      {
        "datetime": "2017-11-24T15:31:51Z",
        "uri": "http://web.archive.org/web/20171124153151/http://www.msnbc.com/all-in/watch/donald-trump-s-tortured-teleprompter-moments-1073106499959"
      },
      {
        "datetime": "2017-11-25T15:29:48Z",
        "uri": "http://web.archive.org/web/20171125152948/http://www.msnbc.com/all-in/watch/donald-trump-s-tortured-teleprompter-moments-1073106499959"
      },
      {
        "datetime": "2017-11-26T15:53:35Z",
        "uri": "http://web.archive.org/web/20171126155335/http://www.msnbc.com/all-in/watch/donald-trump-s-tortured-teleprompter-moments-1073106499959"
      },
      {
        "datetime": "2017-11-27T22:28:45Z",
        "uri": "http://web.archive.org/web/20171127222845/http://www.msnbc.com/all-in/watch/donald-trump-s-tortured-teleprompter-moments-1073106499959"
      },
      {
        "datetime": "2017-11-28T22:43:21Z",
        "uri": "http://web.archive.org/web/20171128224321/http://www.msnbc.com/all-in/watch/donald-trump-s-tortured-teleprompter-moments-1073106499959"
      },
      {
        "datetime": "2017-11-29T23:15:57Z",
        "uri": "http://web.archive.org/web/20171129231557/http://www.msnbc.com/all-in/watch/donald-trump-s-tortured-teleprompter-moments-1073106499959"
      },
      {
        "datetime": "2017-12-01T00:13:52Z",
        "uri": "http://web.archive.org/web/20171201001352/http://www.msnbc.com/all-in/watch/donald-trump-s-tortured-teleprompter-moments-1073106499959"
      },
      {
        "datetime": "2017-12-02T00:44:44Z",
        "uri": "http://web.archive.org/web/20171202004444/http://www.msnbc.com/all-in/watch/donald-trump-s-tortured-teleprompter-moments-1073106499959"
      },
      {
        "datetime": "2017-12-03T01:24:40Z",
        "uri": "http://web.archive.org/web/20171203012440/http://www.msnbc.com/all-in/watch/donald-trump-s-tortured-teleprompter-moments-1073106499959"
      },
      {
        "datetime": "2017-12-04T01:53:27Z",
        "uri": "http://web.archive.org/web/20171204015327/http://www.msnbc.com/all-in/watch/donald-trump-s-tortured-teleprompter-moments-1073106499959"
      },
      {
        "datetime": "2017-12-05T02:02:10Z",
        "uri": "http://web.archive.org/web/20171205020210/http://www.msnbc.com/all-in/watch/donald-trump-s-tortured-teleprompter-moments-1073106499959"
      },
      {
        "datetime": "2017-12-06T02:59:44Z",
        "uri": "http://web.archive.org/web/20171206025944/http://www.msnbc.com/all-in/watch/donald-trump-s-tortured-teleprompter-moments-1073106499959"
      },
      {
        "datetime": "2017-12-07T03:27:51Z",
        "uri": "http://web.archive.org/web/20171207032751/http://www.msnbc.com/all-in/watch/donald-trump-s-tortured-teleprompter-moments-1073106499959"
      },
      {
        "datetime": "2018-01-25T02:54:00Z",
        "uri": "http://web.archive.org/web/20180125025400/http://www.msnbc.com/all-in/watch/donald-trump-s-tortured-teleprompter-moments-1073106499959"
      }
    ],
    "first": {
      "datetime": "2017-10-17T08:19:08Z",
      "uri": "http://web.archive.org/web/20171017081908/http://www.msnbc.com/all-in/watch/donald-trump-s-tortured-teleprompter-moments-1073106499959"
    },
    "last": {
      "datetime": "2018-01-25T02:54:00Z",
      "uri": "http://web.archive.org/web/20180125025400/http://www.msnbc.com/all-in/watch/donald-trump-s-tortured-teleprompter-moments-1073106499959"
    }
  },
  "timemap_uri": {
    "link_format": "https://memgator.cs.odu.edu/timemap/link/https://www.msnbc.com/all-in/watch/donald-trump-s-tortured-teleprompter-moments-1073106499959",
    "json_format": "https://memgator.cs.odu.edu/timemap/json/https://www.msnbc.com/all-in/watch/donald-trump-s-tortured-teleprompter-moments-1073106499959",
    "cdxj_format": "https://memgator.cs.odu.edu/timemap/cdxj/https://www.msnbc.com/all-in/watch/donald-trump-s-tortured-teleprompter-moments-1073106499959"
  },
  "timegate_uri": "https://memgator.cs.odu.edu/timegate/https://www.msnbc.com/all-in/watch/donald-trump-s-tortured-teleprompter-moments-1073106499959"
}