{
  "original_uri": "http://meristation.as.com/noticias/los-padres-de-los-minions-coproduciran-la-pelicula-de-super-mario/2259058",
  "self": "https://memgator.cs.odu.edu/timemap/json/http://meristation.as.com/noticias/los-padres-de-los-minions-coproduciran-la-pelicula-de-super-mario/2259058",
  "mementos": {
    "list": [
      {
        "datetime": "2018-02-01T10:45:51Z",
        "uri": "http://web.archive.org/web/20180201104551/http://meristation.as.com/noticias/los-padres-de-los-minions-coproduciran-la-pelicula-de-super-mario/2259058"
      }
    ],
    "first": {
      "datetime": "2018-02-01T10:45:51Z",
      "uri": "http://web.archive.org/web/20180201104551/http://meristation.as.com/noticias/los-padres-de-los-minions-coproduciran-la-pelicula-de-super-mario/2259058"
    },
    "last": {
      "datetime": "2018-02-01T10:45:51Z",
      "uri": "http://web.archive.org/web/20180201104551/http://meristation.as.com/noticias/los-padres-de-los-minions-coproduciran-la-pelicula-de-super-mario/2259058"
    }
  },
  "timemap_uri": {
    "link_format": "https://memgator.cs.odu.edu/timemap/link/http://meristation.as.com/noticias/los-padres-de-los-minions-coproduciran-la-pelicula-de-super-mario/2259058",
    "json_format": "https://memgator.cs.odu.edu/timemap/json/http://meristation.as.com/noticias/los-padres-de-los-minions-coproduciran-la-pelicula-de-super-mario/2259058",
    "cdxj_format": "https://memgator.cs.odu.edu/timemap/cdxj/http://meristation.as.com/noticias/los-padres-de-los-minions-coproduciran-la-pelicula-de-super-mario/2259058"
  },
  "timegate_uri": "https://memgator.cs.odu.edu/timegate/http://meristation.as.com/noticias/los-padres-de-los-minions-coproduciran-la-pelicula-de-super-mario/2259058"
}