{
  "original_uri": "https://saraacarter.com/new-strzok-page-emails-discuss-evasion-message-archiving/",
  "self": "https://memgator.cs.odu.edu/timemap/json/https://saraacarter.com/new-strzok-page-emails-discuss-evasion-message-archiving/",
  "mementos": {
    "list": [
      {
        "datetime": "2018-02-01T19:40:24Z",
        "uri": "http://web.archive.org/web/20180201194024/https://saraacarter.com/new-strzok-page-emails-discuss-evasion-message-archiving/"
      },
      {
        "datetime": "2018-02-01T22:23:56Z",
        "uri": "http://archive.is/20180201222356/https://saraacarter.com/new-strzok-page-emails-discuss-evasion-message-archiving/"
      },
      {
        "datetime": "2018-02-02T03:52:26Z",
        "uri": "http://web.archive.org/web/20180202035226/https://saraacarter.com/new-strzok-page-emails-discuss-evasion-message-archiving/"
      },
      {
        "datetime": "2018-02-02T13:48:54Z",
        "uri": "http://web.archive.org/web/20180202134854/https://saraacarter.com/new-strzok-page-emails-discuss-evasion-message-archiving/"
      },
      {
        "datetime": "2018-02-03T18:53:28Z",
        "uri": "http://web.archive.org/web/20180203185328/https://saraacarter.com/new-strzok-page-emails-discuss-evasion-message-archiving/"
      }
    ],
    "first": {
      "datetime": "2018-02-01T19:40:24Z",
      "uri": "http://web.archive.org/web/20180201194024/https://saraacarter.com/new-strzok-page-emails-discuss-evasion-message-archiving/"
    },
    "last": {
      "datetime": "2018-02-03T18:53:28Z",
      "uri": "http://web.archive.org/web/20180203185328/https://saraacarter.com/new-strzok-page-emails-discuss-evasion-message-archiving/"
    }
  },
  "timemap_uri": {
    "link_format": "https://memgator.cs.odu.edu/timemap/link/https://saraacarter.com/new-strzok-page-emails-discuss-evasion-message-archiving/",
    "json_format": "https://memgator.cs.odu.edu/timemap/json/https://saraacarter.com/new-strzok-page-emails-discuss-evasion-message-archiving/",
    "cdxj_format": "https://memgator.cs.odu.edu/timemap/cdxj/https://saraacarter.com/new-strzok-page-emails-discuss-evasion-message-archiving/"
  },
  "timegate_uri": "https://memgator.cs.odu.edu/timegate/https://saraacarter.com/new-strzok-page-emails-discuss-evasion-message-archiving/"
}