{
  "original_uri": "http://thechewb.com",
  "self": "https://memgator.cs.odu.edu/timemap/json/http://thechewb.com",
  "mementos": {
    "list": [
      {
        "datetime": "2016-10-04T10:21:42Z",
        "uri": "http://web.archive.org/web/20161004102142/http://thechewb.com:80/"
      },
      {
        "datetime": "2016-11-08T00:03:07Z",
        "uri": "http://web.archive.org/web/20161108000307/http://thechewb.com:80/"
      },
      {
        "datetime": "2017-02-11T20:45:36Z",
        "uri": "http://web.archive.org/web/20170211204536/http://thechewb.com:80/"
      },
      {
        "datetime": "2017-05-08T18:35:28Z",
        "uri": "http://web.archive.org/web/20170508183528/http://thechewb.com:80/"
      },
      {
        "datetime": "2017-06-08T16:31:35Z",
        "uri": "http://web.archive.org/web/20170608163135/http://thechewb.com:80/"
      },
      {
        "datetime": "2017-07-07T03:03:57Z",
        "uri": "http://web.archive.org/web/20170707030357/http://thechewb.com:80/"
      },
      {
        "datetime": "2017-07-31T02:25:01Z",
        "uri": "http://web.archive.org/web/20170731022501/http://thechewb.com:80/"
      },
      {
        "datetime": "2017-08-30T13:54:13Z",
        "uri": "http://web.archive.org/web/20170830135413/http://www.thechewb.com/"
      },
      {
        "datetime": "2017-08-31T11:48:20Z",
        "uri": "http://web.archive.org/web/20170831114820/http://thechewb.com/"
      },
      {
        "datetime": "2017-10-26T02:41:00Z",
        "uri": "http://web.archive.org/web/20171026024100/http://www.thechewb.com/"
      },
      {
        "datetime": "2017-10-26T02:41:01Z",
        "uri": "http://web.archive.org/web/20171026024101/http://thechewb.com/"
      },
      {
        "datetime": "2017-10-30T20:23:23Z",
        "uri": "http://web.archive.org/web/20171030202323/http://thechewb.com/"
      },
      {
        "datetime": "2018-01-03T18:51:34Z",
        "uri": "http://web.archive.org/web/20180103185134/http://thechewb.com/"
      },
      {
        "datetime": "2018-01-21T07:00:47Z",
        "uri": "http://web.archive.org/web/20180121070047/http://thechewb.com/"
      },
      {
        "datetime": "2018-01-31T11:00:57Z",
        "uri": "http://web.archive.org/web/20180131110057/http://www.thechewb.com/"
      },
      {
        "datetime": "2018-01-31T11:25:25Z",
        "uri": "http://web.archive.org/web/20180131112525/http://thechewb.com/"
      },
      {
        "datetime": "2018-01-31T15:38:52Z",
        "uri": "http://web.archive.org/web/20180131153852/http://thechewb.com/"
      },
      {
        "datetime": "2018-02-02T15:25:48Z",
        "uri": "http://web.archive.org/web/20180202152548/http://thechewb.com/"
      },
      {
        "datetime": "2018-02-03T10:20:39Z",
        "uri": "http://web.archive.org/web/20180203102039/http://thechewb.com/"
      }
    ],
    "first": {
      "datetime": "2016-10-04T10:21:42Z",
      "uri": "http://web.archive.org/web/20161004102142/http://thechewb.com:80/"
    },
    "last": {
      "datetime": "2018-02-03T10:20:39Z",
      "uri": "http://web.archive.org/web/20180203102039/http://thechewb.com/"
    }
  },
  "timemap_uri": {
    "link_format": "https://memgator.cs.odu.edu/timemap/link/http://thechewb.com",
    "json_format": "https://memgator.cs.odu.edu/timemap/json/http://thechewb.com",
    "cdxj_format": "https://memgator.cs.odu.edu/timemap/cdxj/http://thechewb.com"
  },
  "timegate_uri": "https://memgator.cs.odu.edu/timegate/http://thechewb.com"
}