{
  "original_uri": "https://itunes.apple.com/us/album/savior-feat-quavo-single/1341975438",
  "self": "https://memgator.cs.odu.edu/timemap/json/https://itunes.apple.com/us/album/savior-feat-quavo-single/1341975438",
  "mementos": {
    "list": [
      {
        "datetime": "2018-02-02T11:52:24Z",
        "uri": "http://web.archive.org/web/20180202115224/https://itunes.apple.com/us/album/savior-feat-quavo-single/1341975438"
      }
    ],
    "first": {
      "datetime": "2018-02-02T11:52:24Z",
      "uri": "http://web.archive.org/web/20180202115224/https://itunes.apple.com/us/album/savior-feat-quavo-single/1341975438"
    },
    "last": {
      "datetime": "2018-02-02T11:52:24Z",
      "uri": "http://web.archive.org/web/20180202115224/https://itunes.apple.com/us/album/savior-feat-quavo-single/1341975438"
    }
  },
  "timemap_uri": {
    "link_format": "https://memgator.cs.odu.edu/timemap/link/https://itunes.apple.com/us/album/savior-feat-quavo-single/1341975438",
    "json_format": "https://memgator.cs.odu.edu/timemap/json/https://itunes.apple.com/us/album/savior-feat-quavo-single/1341975438",
    "cdxj_format": "https://memgator.cs.odu.edu/timemap/cdxj/https://itunes.apple.com/us/album/savior-feat-quavo-single/1341975438"
  },
  "timegate_uri": "https://memgator.cs.odu.edu/timegate/https://itunes.apple.com/us/album/savior-feat-quavo-single/1341975438"
}