{
  "original_uri": "http://www.huffingtonpost.com/entry/puerto-rica-hurricane-irma-maria_us_59c7f699e4b06ddf45f89c7a?oxn",
  "self": "https://memgator.cs.odu.edu/timemap/json/http://www.huffingtonpost.com/entry/puerto-rica-hurricane-irma-maria_us_59c7f699e4b06ddf45f89c7a?oxn",
  "mementos": {
    "list": [
      {
        "datetime": "2017-09-24T20:33:06Z",
        "uri": "http://web.archive.org/web/20170924203306/http://www.huffingtonpost.com/entry/puerto-rica-hurricane-irma-maria_us_59c7f699e4b06ddf45f89c7a?oxn"
      },
      {
        "datetime": "2017-09-24T21:42:54Z",
        "uri": "http://web.archive.org/web/20170924214254/http://www.huffingtonpost.com/entry/puerto-rica-hurricane-irma-maria_us_59c7f699e4b06ddf45f89c7a?oxn"
      },
      {
        "datetime": "2017-09-26T01:45:37Z",
        "uri": "http://web.archive.org/web/20170926014537/http://www.huffingtonpost.com/entry/puerto-rica-hurricane-irma-maria_us_59c7f699e4b06ddf45f89c7a?oxn"
      },
      {
        "datetime": "2017-09-30T18:49:15Z",
        "uri": "http://web.archive.org/web/20170930184915/http://www.huffingtonpost.com/entry/puerto-rica-hurricane-irma-maria_us_59c7f699e4b06ddf45f89c7a?oxn"
      },
      {
        "datetime": "2017-10-01T21:01:54Z",
        "uri": "http://wayback.archive-it.org/all/20171001210154/http://www.huffingtonpost.com/entry/puerto-rica-hurricane-irma-maria_us_59c7f699e4b06ddf45f89c7a?oxn"
      },
      {
        "datetime": "2017-10-01T21:01:54Z",
        "uri": "http://web.archive.org/web/20171001210154/http://www.huffingtonpost.com/entry/puerto-rica-hurricane-irma-maria_us_59c7f699e4b06ddf45f89c7a?oxn"
      }
    ],
    "first": {
      "datetime": "2017-09-24T20:33:06Z",
      "uri": "http://web.archive.org/web/20170924203306/http://www.huffingtonpost.com/entry/puerto-rica-hurricane-irma-maria_us_59c7f699e4b06ddf45f89c7a?oxn"
    },
    "last": {
      "datetime": "2017-10-01T21:01:54Z",
      "uri": "http://web.archive.org/web/20171001210154/http://www.huffingtonpost.com/entry/puerto-rica-hurricane-irma-maria_us_59c7f699e4b06ddf45f89c7a?oxn"
    }
  },
  "timemap_uri": {
    "link_format": "https://memgator.cs.odu.edu/timemap/link/http://www.huffingtonpost.com/entry/puerto-rica-hurricane-irma-maria_us_59c7f699e4b06ddf45f89c7a?oxn",
    "json_format": "https://memgator.cs.odu.edu/timemap/json/http://www.huffingtonpost.com/entry/puerto-rica-hurricane-irma-maria_us_59c7f699e4b06ddf45f89c7a?oxn",
    "cdxj_format": "https://memgator.cs.odu.edu/timemap/cdxj/http://www.huffingtonpost.com/entry/puerto-rica-hurricane-irma-maria_us_59c7f699e4b06ddf45f89c7a?oxn"
  },
  "timegate_uri": "https://memgator.cs.odu.edu/timegate/http://www.huffingtonpost.com/entry/puerto-rica-hurricane-irma-maria_us_59c7f699e4b06ddf45f89c7a?oxn"
}