{
  "original_uri": "https://truepundit.com/frank-luntz-former-trump-hater-owe-donald-trump-apology/",
  "self": "https://memgator.cs.odu.edu/timemap/json/https://truepundit.com/frank-luntz-former-trump-hater-owe-donald-trump-apology/",
  "mementos": {
    "list": [
      {
        "datetime": "2018-02-02T13:38:59Z",
        "uri": "http://web.archive.org/web/20180202133859/https://truepundit.com/frank-luntz-former-trump-hater-owe-donald-trump-apology/"
      }
    ],
    "first": {
      "datetime": "2018-02-02T13:38:59Z",
      "uri": "http://web.archive.org/web/20180202133859/https://truepundit.com/frank-luntz-former-trump-hater-owe-donald-trump-apology/"
    },
    "last": {
      "datetime": "2018-02-02T13:38:59Z",
      "uri": "http://web.archive.org/web/20180202133859/https://truepundit.com/frank-luntz-former-trump-hater-owe-donald-trump-apology/"
    }
  },
  "timemap_uri": {
    "link_format": "https://memgator.cs.odu.edu/timemap/link/https://truepundit.com/frank-luntz-former-trump-hater-owe-donald-trump-apology/",
    "json_format": "https://memgator.cs.odu.edu/timemap/json/https://truepundit.com/frank-luntz-former-trump-hater-owe-donald-trump-apology/",
    "cdxj_format": "https://memgator.cs.odu.edu/timemap/cdxj/https://truepundit.com/frank-luntz-former-trump-hater-owe-donald-trump-apology/"
  },
  "timegate_uri": "https://memgator.cs.odu.edu/timegate/https://truepundit.com/frank-luntz-former-trump-hater-owe-donald-trump-apology/"
}