{
  "original_uri": "https://stackoverflow.com/questions/5990654/incomplete-final-line-warning-when-trying-to-read-a-csv-file-into-r",
  "self": "https://memgator.cs.odu.edu/timemap/json/https://stackoverflow.com/questions/5990654/incomplete-final-line-warning-when-trying-to-read-a-csv-file-into-r",
  "mementos": {
    "list": [
      {
        "datetime": "2013-01-17T18:08:06Z",
        "uri": "http://web.archive.org/web/20130117180806/http://stackoverflow.com/questions/5990654/incomplete-final-line-warning-when-trying-to-read-a-csv-file-into-r"
      },
      {
        "datetime": "2013-02-19T06:40:57Z",
        "uri": "http://web.archive.org/web/20130219064057/http://stackoverflow.com/questions/5990654/incomplete-final-line-warning-when-trying-to-read-a-csv-file-into-r"
      },
      {
        "datetime": "2013-06-08T06:03:07Z",
        "uri": "http://web.archive.org/web/20130608060307/http://stackoverflow.com:80/questions/5990654/incomplete-final-line-warning-when-trying-to-read-a-csv-file-into-r"
      },
      {
        "datetime": "2013-12-22T07:53:57Z",
        "uri": "http://web.archive.org/web/20131222075357/http://stackoverflow.com:80/questions/5990654/incomplete-final-line-warning-when-trying-to-read-a-csv-file-into-r"
      },
      {
        "datetime": "2014-09-28T00:05:59Z",
        "uri": "http://web.archive.org/web/20140928000559/http://stackoverflow.com:80/questions/5990654/incomplete-final-line-warning-when-trying-to-read-a-csv-file-into-r"
      },
      {
        "datetime": "2015-03-07T14:46:18Z",
        "uri": "http://web.archive.org/web/20150307144618/http://stackoverflow.com:80/questions/5990654/incomplete-final-line-warning-when-trying-to-read-a-csv-file-into-r"
      },
      {
        "datetime": "2015-05-27T00:43:36Z",
        "uri": "http://web.archive.org/web/20150527004336/http://stackoverflow.com/questions/5990654/incomplete-final-line-warning-when-trying-to-read-a-csv-file-into-r"
      },
      {
        "datetime": "2015-05-27T16:53:06Z",
        "uri": "http://web.archive.org/web/20150527165306/http://stackoverflow.com/questions/5990654/incomplete-final-line-warning-when-trying-to-read-a-csv-file-into-r"
      },
      {
        "datetime": "2015-05-30T13:18:12Z",
        "uri": "http://web.archive.org/web/20150530131812/http://stackoverflow.com/questions/5990654/incomplete-final-line-warning-when-trying-to-read-a-csv-file-into-r"
      },
      {
        "datetime": "2015-07-04T23:05:59Z",
        "uri": "http://web.archive.org/web/20150704230559/http://stackoverflow.com/questions/5990654/incomplete-final-line-warning-when-trying-to-read-a-csv-file-into-r"
      },
      {
        "datetime": "2015-12-07T05:27:12Z",
        "uri": "http://web.archive.org/web/20151207052712/http://stackoverflow.com/questions/5990654/incomplete-final-line-warning-when-trying-to-read-a-csv-file-into-r"
      },
      {
        "datetime": "2015-12-08T09:51:25Z",
        "uri": "http://web.archive.org/web/20151208095125/http://stackoverflow.com/questions/5990654/incomplete-final-line-warning-when-trying-to-read-a-csv-file-into-r"
      },
      {
        "datetime": "2015-12-09T15:19:59Z",
        "uri": "http://web.archive.org/web/20151209151959/http://stackoverflow.com/questions/5990654/incomplete-final-line-warning-when-trying-to-read-a-csv-file-into-r"
      },
      {
        "datetime": "2015-12-10T22:03:00Z",
        "uri": "http://web.archive.org/web/20151210220300/http://stackoverflow.com/questions/5990654/incomplete-final-line-warning-when-trying-to-read-a-csv-file-into-r"
      },
      {
        "datetime": "2015-12-12T04:15:17Z",
        "uri": "http://web.archive.org/web/20151212041517/http://stackoverflow.com/questions/5990654/incomplete-final-line-warning-when-trying-to-read-a-csv-file-into-r"
      },
      {
        "datetime": "2015-12-13T06:12:48Z",
        "uri": "http://web.archive.org/web/20151213061248/http://stackoverflow.com/questions/5990654/incomplete-final-line-warning-when-trying-to-read-a-csv-file-into-r"
      },
      {
        "datetime": "2016-01-01T21:06:35Z",
        "uri": "http://web.archive.org/web/20160101210635/http://stackoverflow.com/questions/5990654/incomplete-final-line-warning-when-trying-to-read-a-csv-file-into-r"
      },
      {
        "datetime": "2016-01-26T06:12:45Z",
        "uri": "http://web.archive.org/web/20160126061245/http://stackoverflow.com/questions/5990654/incomplete-final-line-warning-when-trying-to-read-a-csv-file-into-r"
      },
      {
        "datetime": "2016-11-25T13:28:45Z",
        "uri": "http://web.archive.org/web/20161125132845/http://stackoverflow.com:80/questions/5990654/incomplete-final-line-warning-when-trying-to-read-a-csv-file-into-r"
      },
      {
        "datetime": "2016-12-22T07:31:49Z",
        "uri": "http://web.archive.org/web/20161222073149/http://stackoverflow.com/questions/5990654/incomplete-final-line-warning-when-trying-to-read-a-csv-file-into-r"
      },
      {
        "datetime": "2017-04-11T03:54:42Z",
        "uri": "http://web.archive.org/web/20170411035442/http://stackoverflow.com:80/questions/5990654/incomplete-final-line-warning-when-trying-to-read-a-csv-file-into-r"
      },
      {
        "datetime": "2017-06-11T09:02:36Z",
        "uri": "http://web.archive.org/web/20170611090236/http://stackoverflow.com:80/questions/5990654/incomplete-final-line-warning-when-trying-to-read-a-csv-file-into-r"
      }
    ],
    "first": {
      "datetime": "2013-01-17T18:08:06Z",
      "uri": "http://web.archive.org/web/20130117180806/http://stackoverflow.com/questions/5990654/incomplete-final-line-warning-when-trying-to-read-a-csv-file-into-r"
    },
    "last": {
      "datetime": "2017-06-11T09:02:36Z",
      "uri": "http://web.archive.org/web/20170611090236/http://stackoverflow.com:80/questions/5990654/incomplete-final-line-warning-when-trying-to-read-a-csv-file-into-r"
    }
  },
  "timemap_uri": {
    "link_format": "https://memgator.cs.odu.edu/timemap/link/https://stackoverflow.com/questions/5990654/incomplete-final-line-warning-when-trying-to-read-a-csv-file-into-r",
    "json_format": "https://memgator.cs.odu.edu/timemap/json/https://stackoverflow.com/questions/5990654/incomplete-final-line-warning-when-trying-to-read-a-csv-file-into-r",
    "cdxj_format": "https://memgator.cs.odu.edu/timemap/cdxj/https://stackoverflow.com/questions/5990654/incomplete-final-line-warning-when-trying-to-read-a-csv-file-into-r"
  },
  "timegate_uri": "https://memgator.cs.odu.edu/timegate/https://stackoverflow.com/questions/5990654/incomplete-final-line-warning-when-trying-to-read-a-csv-file-into-r"
}