{
  "original_uri": "http://tecnohoy.net/2018/01/02/asi-luce-super-mario-64-en-primera-persona/",
  "self": "https://memgator.cs.odu.edu/timemap/json/http://tecnohoy.net/2018/01/02/asi-luce-super-mario-64-en-primera-persona/",
  "mementos": {
    "list": [
      {
        "datetime": "2018-02-03T13:29:22Z",
        "uri": "http://web.archive.org/web/20180203132922/http://tecnohoy.net/2018/01/02/asi-luce-super-mario-64-en-primera-persona/"
      }
    ],
    "first": {
      "datetime": "2018-02-03T13:29:22Z",
      "uri": "http://web.archive.org/web/20180203132922/http://tecnohoy.net/2018/01/02/asi-luce-super-mario-64-en-primera-persona/"
    },
    "last": {
      "datetime": "2018-02-03T13:29:22Z",
      "uri": "http://web.archive.org/web/20180203132922/http://tecnohoy.net/2018/01/02/asi-luce-super-mario-64-en-primera-persona/"
    }
  },
  "timemap_uri": {
    "link_format": "https://memgator.cs.odu.edu/timemap/link/http://tecnohoy.net/2018/01/02/asi-luce-super-mario-64-en-primera-persona/",
    "json_format": "https://memgator.cs.odu.edu/timemap/json/http://tecnohoy.net/2018/01/02/asi-luce-super-mario-64-en-primera-persona/",
    "cdxj_format": "https://memgator.cs.odu.edu/timemap/cdxj/http://tecnohoy.net/2018/01/02/asi-luce-super-mario-64-en-primera-persona/"
  },
  "timegate_uri": "https://memgator.cs.odu.edu/timegate/http://tecnohoy.net/2018/01/02/asi-luce-super-mario-64-en-primera-persona/"
}