{
  "original_uri": "https://itunes.apple.com/jp/app/gta5onrainno-zhong-jian-tanseru/id1109597285?mt=8",
  "self": "https://memgator.cs.odu.edu/timemap/json/https://itunes.apple.com/jp/app/gta5onrainno-zhong-jian-tanseru/id1109597285?mt=8",
  "mementos": {
    "list": [
      {
        "datetime": "2017-09-03T13:33:03Z",
        "uri": "http://web.archive.org/web/20170903133303/https://itunes.apple.com/jp/app/gta5onrainno-zhong-jian-tanseru/id1109597285?mt=8"
      }
    ],
    "first": {
      "datetime": "2017-09-03T13:33:03Z",
      "uri": "http://web.archive.org/web/20170903133303/https://itunes.apple.com/jp/app/gta5onrainno-zhong-jian-tanseru/id1109597285?mt=8"
    },
    "last": {
      "datetime": "2017-09-03T13:33:03Z",
      "uri": "http://web.archive.org/web/20170903133303/https://itunes.apple.com/jp/app/gta5onrainno-zhong-jian-tanseru/id1109597285?mt=8"
    }
  },
  "timemap_uri": {
    "link_format": "https://memgator.cs.odu.edu/timemap/link/https://itunes.apple.com/jp/app/gta5onrainno-zhong-jian-tanseru/id1109597285?mt=8",
    "json_format": "https://memgator.cs.odu.edu/timemap/json/https://itunes.apple.com/jp/app/gta5onrainno-zhong-jian-tanseru/id1109597285?mt=8",
    "cdxj_format": "https://memgator.cs.odu.edu/timemap/cdxj/https://itunes.apple.com/jp/app/gta5onrainno-zhong-jian-tanseru/id1109597285?mt=8"
  },
  "timegate_uri": "https://memgator.cs.odu.edu/timegate/https://itunes.apple.com/jp/app/gta5onrainno-zhong-jian-tanseru/id1109597285?mt=8"
}