{
  "original_uri": "http://https://nerdist.com/super-mario-bros-ar-video/",
  "self": "https://memgator.cs.odu.edu/timemap/json/http://https://nerdist.com/super-mario-bros-ar-video/",
  "mementos": {
    "list": [
      {
        "datetime": "2017-06-25T23:24:05Z",
        "uri": "http://web.archive.org/web/20170625232405/http://nerdist.com:80/super-mario-bros-ar-video"
      },
      {
        "datetime": "2017-07-07T08:38:43Z",
        "uri": "http://web.archive.org/web/20170707083843/http://nerdist.com/super-mario-bros-ar-video/"
      },
      {
        "datetime": "2017-07-26T22:03:48Z",
        "uri": "http://web.archive.org/web/20170726220348/http://nerdist.com:80/super-mario-bros-ar-video"
      }
    ],
    "first": {
      "datetime": "2017-06-25T23:24:05Z",
      "uri": "http://web.archive.org/web/20170625232405/http://nerdist.com:80/super-mario-bros-ar-video"
    },
    "last": {
      "datetime": "2017-07-26T22:03:48Z",
      "uri": "http://web.archive.org/web/20170726220348/http://nerdist.com:80/super-mario-bros-ar-video"
    }
  },
  "timemap_uri": {
    "link_format": "https://memgator.cs.odu.edu/timemap/link/http://https://nerdist.com/super-mario-bros-ar-video/",
    "json_format": "https://memgator.cs.odu.edu/timemap/json/http://https://nerdist.com/super-mario-bros-ar-video/",
    "cdxj_format": "https://memgator.cs.odu.edu/timemap/cdxj/http://https://nerdist.com/super-mario-bros-ar-video/"
  },
  "timegate_uri": "https://memgator.cs.odu.edu/timegate/http://https://nerdist.com/super-mario-bros-ar-video/"
}