{
  "original_uri": "http://globovision.com/article/nintendo-prepara-una-pelicula-de-animacion-de-super-mario",
  "self": "https://memgator.cs.odu.edu/timemap/json/http://globovision.com/article/nintendo-prepara-una-pelicula-de-animacion-de-super-mario",
  "mementos": {
    "list": [
      {
        "datetime": "2018-02-01T15:15:43Z",
        "uri": "http://web.archive.org/web/20180201151543/http://globovision.com/article/nintendo-prepara-una-pelicula-de-animacion-de-super-mario"
      }
    ],
    "first": {
      "datetime": "2018-02-01T15:15:43Z",
      "uri": "http://web.archive.org/web/20180201151543/http://globovision.com/article/nintendo-prepara-una-pelicula-de-animacion-de-super-mario"
    },
    "last": {
      "datetime": "2018-02-01T15:15:43Z",
      "uri": "http://web.archive.org/web/20180201151543/http://globovision.com/article/nintendo-prepara-una-pelicula-de-animacion-de-super-mario"
    }
  },
  "timemap_uri": {
    "link_format": "https://memgator.cs.odu.edu/timemap/link/http://globovision.com/article/nintendo-prepara-una-pelicula-de-animacion-de-super-mario",
    "json_format": "https://memgator.cs.odu.edu/timemap/json/http://globovision.com/article/nintendo-prepara-una-pelicula-de-animacion-de-super-mario",
    "cdxj_format": "https://memgator.cs.odu.edu/timemap/cdxj/http://globovision.com/article/nintendo-prepara-una-pelicula-de-animacion-de-super-mario"
  },
  "timegate_uri": "https://memgator.cs.odu.edu/timegate/http://globovision.com/article/nintendo-prepara-una-pelicula-de-animacion-de-super-mario"
}