{
  "original_uri": "http://observer.com/2018/01/sanctions-nunes-memo-reveal-donald-trump-sean-hannity-ties-to-russia/",
  "self": "https://memgator.cs.odu.edu/timemap/json/http://observer.com/2018/01/sanctions-nunes-memo-reveal-donald-trump-sean-hannity-ties-to-russia/",
  "mementos": {
    "list": [
      {
        "datetime": "2018-01-30T16:50:24Z",
        "uri": "http://web.archive.org/web/20180130165024/http://observer.com/2018/01/sanctions-nunes-memo-reveal-donald-trump-sean-hannity-ties-to-russia/"
      },
      {
        "datetime": "2018-01-30T16:51:12Z",
        "uri": "http://archive.is/20180130165112/http://observer.com/2018/01/sanctions-nunes-memo-reveal-donald-trump-sean-hannity-ties-to-russia/"
      },
      {
        "datetime": "2018-02-04T02:52:21Z",
        "uri": "http://web.archive.org/web/20180204025221/http://observer.com/2018/01/sanctions-nunes-memo-reveal-donald-trump-sean-hannity-ties-to-russia/"
      }
    ],
    "first": {
      "datetime": "2018-01-30T16:50:24Z",
      "uri": "http://web.archive.org/web/20180130165024/http://observer.com/2018/01/sanctions-nunes-memo-reveal-donald-trump-sean-hannity-ties-to-russia/"
    },
    "last": {
      "datetime": "2018-02-04T02:52:21Z",
      "uri": "http://web.archive.org/web/20180204025221/http://observer.com/2018/01/sanctions-nunes-memo-reveal-donald-trump-sean-hannity-ties-to-russia/"
    }
  },
  "timemap_uri": {
    "link_format": "https://memgator.cs.odu.edu/timemap/link/http://observer.com/2018/01/sanctions-nunes-memo-reveal-donald-trump-sean-hannity-ties-to-russia/",
    "json_format": "https://memgator.cs.odu.edu/timemap/json/http://observer.com/2018/01/sanctions-nunes-memo-reveal-donald-trump-sean-hannity-ties-to-russia/",
    "cdxj_format": "https://memgator.cs.odu.edu/timemap/cdxj/http://observer.com/2018/01/sanctions-nunes-memo-reveal-donald-trump-sean-hannity-ties-to-russia/"
  },
  "timegate_uri": "https://memgator.cs.odu.edu/timegate/http://observer.com/2018/01/sanctions-nunes-memo-reveal-donald-trump-sean-hannity-ties-to-russia/"
}