{
  "original_uri": "http://www.palmbeachpost.com/news/state--regional-govt--politics/florida-senate-bill-would-create-panel-plan-hurricane-fuel-reserve/P9NYiuerg64ILRMO6zXSYI/",
  "self": "https://memgator.cs.odu.edu/timemap/json/http://www.palmbeachpost.com/news/state--regional-govt--politics/florida-senate-bill-would-create-panel-plan-hurricane-fuel-reserve/P9NYiuerg64ILRMO6zXSYI/",
  "mementos": {
    "list": [
      {
        "datetime": "2018-02-02T02:47:45Z",
        "uri": "http://web.archive.org/web/20180202024745/http://www.palmbeachpost.com/news/state--regional-govt--politics/florida-senate-bill-would-create-panel-plan-hurricane-fuel-reserve/P9NYiuerg64ILRMO6zXSYI/"
      }
    ],
    "first": {
      "datetime": "2018-02-02T02:47:45Z",
      "uri": "http://web.archive.org/web/20180202024745/http://www.palmbeachpost.com/news/state--regional-govt--politics/florida-senate-bill-would-create-panel-plan-hurricane-fuel-reserve/P9NYiuerg64ILRMO6zXSYI/"
    },
    "last": {
      "datetime": "2018-02-02T02:47:45Z",
      "uri": "http://web.archive.org/web/20180202024745/http://www.palmbeachpost.com/news/state--regional-govt--politics/florida-senate-bill-would-create-panel-plan-hurricane-fuel-reserve/P9NYiuerg64ILRMO6zXSYI/"
    }
  },
  "timemap_uri": {
    "link_format": "https://memgator.cs.odu.edu/timemap/link/http://www.palmbeachpost.com/news/state--regional-govt--politics/florida-senate-bill-would-create-panel-plan-hurricane-fuel-reserve/P9NYiuerg64ILRMO6zXSYI/",
    "json_format": "https://memgator.cs.odu.edu/timemap/json/http://www.palmbeachpost.com/news/state--regional-govt--politics/florida-senate-bill-would-create-panel-plan-hurricane-fuel-reserve/P9NYiuerg64ILRMO6zXSYI/",
    "cdxj_format": "https://memgator.cs.odu.edu/timemap/cdxj/http://www.palmbeachpost.com/news/state--regional-govt--politics/florida-senate-bill-would-create-panel-plan-hurricane-fuel-reserve/P9NYiuerg64ILRMO6zXSYI/"
  },
  "timegate_uri": "https://memgator.cs.odu.edu/timegate/http://www.palmbeachpost.com/news/state--regional-govt--politics/florida-senate-bill-would-create-panel-plan-hurricane-fuel-reserve/P9NYiuerg64ILRMO6zXSYI/"
}