{
  "original_uri": "http://www.palmerreport.com/analysis/hot-potato-live-grenade/7708/",
  "self": "https://memgator.cs.odu.edu/timemap/json/http://www.palmerreport.com/analysis/hot-potato-live-grenade/7708/",
  "mementos": {
    "list": [
      {
        "datetime": "2018-02-02T15:13:52Z",
        "uri": "http://web.archive.org/web/20180202151352/http://www.palmerreport.com/analysis/hot-potato-live-grenade/7708/"
      }
    ],
    "first": {
      "datetime": "2018-02-02T15:13:52Z",
      "uri": "http://web.archive.org/web/20180202151352/http://www.palmerreport.com/analysis/hot-potato-live-grenade/7708/"
    },
    "last": {
      "datetime": "2018-02-02T15:13:52Z",
      "uri": "http://web.archive.org/web/20180202151352/http://www.palmerreport.com/analysis/hot-potato-live-grenade/7708/"
    }
  },
  "timemap_uri": {
    "link_format": "https://memgator.cs.odu.edu/timemap/link/http://www.palmerreport.com/analysis/hot-potato-live-grenade/7708/",
    "json_format": "https://memgator.cs.odu.edu/timemap/json/http://www.palmerreport.com/analysis/hot-potato-live-grenade/7708/",
    "cdxj_format": "https://memgator.cs.odu.edu/timemap/cdxj/http://www.palmerreport.com/analysis/hot-potato-live-grenade/7708/"
  },
  "timegate_uri": "https://memgator.cs.odu.edu/timegate/http://www.palmerreport.com/analysis/hot-potato-live-grenade/7708/"
}