{
  "original_uri": "https://news.yahoo.co.jp/byline/katsukawatoshio/20180202-00081143/",
  "self": "https://memgator.cs.odu.edu/timemap/json/https://news.yahoo.co.jp/byline/katsukawatoshio/20180202-00081143/",
  "mementos": {
    "list": [
      {
        "datetime": "2018-02-01T22:50:25Z",
        "uri": "http://web.archive.org/web/20180201225025/https://news.yahoo.co.jp/byline/katsukawatoshio/20180202-00081143/"
      },
      {
        "datetime": "2018-02-01T22:50:59Z",
        "uri": "http://archive.is/20180201225059/https://news.yahoo.co.jp/byline/katsukawatoshio/20180202-00081143/"
      },
      {
        "datetime": "2018-02-01T23:07:17Z",
        "uri": "http://web.archive.org/web/20180201230717/https://news.yahoo.co.jp/byline/katsukawatoshio/20180202-00081143/"
      },
      {
        "datetime": "2018-02-01T23:28:17Z",
        "uri": "http://archive.is/20180201232817/https://news.yahoo.co.jp/byline/katsukawatoshio/20180202-00081143/"
      },
      {
        "datetime": "2018-02-01T23:34:04Z",
        "uri": "http://web.archive.org/web/20180201233404/https://news.yahoo.co.jp/byline/katsukawatoshio/20180202-00081143/"
      },
      {
        "datetime": "2018-02-02T00:05:10Z",
        "uri": "http://web.archive.org/web/20180202000510/https://news.yahoo.co.jp/byline/katsukawatoshio/20180202-00081143/"
      },
      {
        "datetime": "2018-02-02T01:34:49Z",
        "uri": "http://web.archive.org/web/20180202013449/https://news.yahoo.co.jp/byline/katsukawatoshio/20180202-00081143/"
      },
      {
        "datetime": "2018-02-02T02:06:32Z",
        "uri": "http://web.archive.org/web/20180202020632/https://news.yahoo.co.jp/byline/katsukawatoshio/20180202-00081143/"
      },
      {
        "datetime": "2018-02-02T02:35:00Z",
        "uri": "http://web.archive.org/web/20180202023500/https://news.yahoo.co.jp/byline/katsukawatoshio/20180202-00081143/"
      },
      {
        "datetime": "2018-02-02T03:06:32Z",
        "uri": "http://web.archive.org/web/20180202030632/https://news.yahoo.co.jp/byline/katsukawatoshio/20180202-00081143/"
      },
      {
        "datetime": "2018-02-02T03:37:55Z",
        "uri": "http://web.archive.org/web/20180202033755/https://news.yahoo.co.jp/byline/katsukawatoshio/20180202-00081143/"
      },
      {
        "datetime": "2018-02-02T03:50:57Z",
        "uri": "http://web.archive.org/web/20180202035057/https://news.yahoo.co.jp/byline/katsukawatoshio/20180202-00081143/"
      },
      {
        "datetime": "2018-02-02T04:05:47Z",
        "uri": "http://web.archive.org/web/20180202040547/https://news.yahoo.co.jp/byline/katsukawatoshio/20180202-00081143/"
      },
      {
        "datetime": "2018-02-02T04:37:02Z",
        "uri": "http://web.archive.org/web/20180202043702/https://news.yahoo.co.jp/byline/katsukawatoshio/20180202-00081143/"
      },
      {
        "datetime": "2018-02-02T05:07:08Z",
        "uri": "http://web.archive.org/web/20180202050708/https://news.yahoo.co.jp/byline/katsukawatoshio/20180202-00081143/"
      },
      {
        "datetime": "2018-02-02T05:43:02Z",
        "uri": "http://archive.is/20180202054302/https://news.yahoo.co.jp/byline/katsukawatoshio/20180202-00081143/"
      },
      {
        "datetime": "2018-02-02T06:36:20Z",
        "uri": "http://web.archive.org/web/20180202063620/https://news.yahoo.co.jp/byline/katsukawatoshio/20180202-00081143/"
      },
      {
        "datetime": "2018-02-02T07:35:37Z",
        "uri": "http://web.archive.org/web/20180202073537/https://news.yahoo.co.jp/byline/katsukawatoshio/20180202-00081143/"
      },
      {
        "datetime": "2018-02-02T07:38:38Z",
        "uri": "http://web.archive.org/web/20180202073838/https://news.yahoo.co.jp/byline/katsukawatoshio/20180202-00081143/"
      },
      {
        "datetime": "2018-02-02T08:06:55Z",
        "uri": "http://web.archive.org/web/20180202080655/https://news.yahoo.co.jp/byline/katsukawatoshio/20180202-00081143/"
      },
      {
        "datetime": "2018-02-02T08:37:10Z",
        "uri": "http://web.archive.org/web/20180202083710/https://news.yahoo.co.jp/byline/katsukawatoshio/20180202-00081143/"
      },
      {
        "datetime": "2018-02-02T10:08:22Z",
        "uri": "http://web.archive.org/web/20180202100822/https://news.yahoo.co.jp/byline/katsukawatoshio/20180202-00081143/"
      },
      {
        "datetime": "2018-02-02T10:41:11Z",
        "uri": "http://web.archive.org/web/20180202104111/https://news.yahoo.co.jp/byline/katsukawatoshio/20180202-00081143/"
      },
      {
        "datetime": "2018-02-02T11:36:42Z",
        "uri": "http://web.archive.org/web/20180202113642/https://news.yahoo.co.jp/byline/katsukawatoshio/20180202-00081143/"
      },
      {
        "datetime": "2018-02-07T02:27:53Z",
        "uri": "http://web.archive.org/web/20180207022753/https://news.yahoo.co.jp/byline/katsukawatoshio/20180202-00081143/"
      },
      {
        "datetime": "2018-02-07T02:28:36Z",
        "uri": "http://archive.is/20180207022836/https://news.yahoo.co.jp/byline/katsukawatoshio/20180202-00081143/"
      }
    ],
    "first": {
      "datetime": "2018-02-01T22:50:25Z",
      "uri": "http://web.archive.org/web/20180201225025/https://news.yahoo.co.jp/byline/katsukawatoshio/20180202-00081143/"
    },
    "last": {
      "datetime": "2018-02-07T02:28:36Z",
      "uri": "http://archive.is/20180207022836/https://news.yahoo.co.jp/byline/katsukawatoshio/20180202-00081143/"
    }
  },
  "timemap_uri": {
    "link_format": "https://memgator.cs.odu.edu/timemap/link/https://news.yahoo.co.jp/byline/katsukawatoshio/20180202-00081143/",
    "json_format": "https://memgator.cs.odu.edu/timemap/json/https://news.yahoo.co.jp/byline/katsukawatoshio/20180202-00081143/",
    "cdxj_format": "https://memgator.cs.odu.edu/timemap/cdxj/https://news.yahoo.co.jp/byline/katsukawatoshio/20180202-00081143/"
  },
  "timegate_uri": "https://memgator.cs.odu.edu/timegate/https://news.yahoo.co.jp/byline/katsukawatoshio/20180202-00081143/"
}