{
  "original_uri": "http://www.vulture.com/2018/01/erykah-badu-in-conversation.html",
  "self": "https://memgator.cs.odu.edu/timemap/json/http://www.vulture.com/2018/01/erykah-badu-in-conversation.html",
  "mementos": {
    "list": [
      {
        "datetime": "2018-01-24T16:41:33Z",
        "uri": "http://web.archive.org/web/20180124164133/https://www.vulture.com/2018/01/erykah-badu-in-conversation.html"
      },
      {
        "datetime": "2018-01-24T17:19:54Z",
        "uri": "http://archive.is/20180124171954/http://www.vulture.com/2018/01/erykah-badu-in-conversation.html"
      },
      {
        "datetime": "2018-01-24T17:37:56Z",
        "uri": "http://web.archive.org/web/20180124173756/http://www.vulture.com/2018/01/erykah-badu-in-conversation.html"
      },
      {
        "datetime": "2018-01-24T18:06:07Z",
        "uri": "http://web.archive.org/web/20180124180607/http://www.vulture.com/2018/01/erykah-badu-in-conversation.html"
      },
      {
        "datetime": "2018-01-24T18:32:10Z",
        "uri": "http://web.archive.org/web/20180124183210/http://www.vulture.com/2018/01/erykah-badu-in-conversation.html"
      },
      {
        "datetime": "2018-01-24T20:05:42Z",
        "uri": "http://web.archive.org/web/20180124200542/http://www.vulture.com/2018/01/erykah-badu-in-conversation.html"
      },
      {
        "datetime": "2018-01-24T20:18:42Z",
        "uri": "http://web.archive.org/web/20180124201842/https://www.vulture.com/2018/01/erykah-badu-in-conversation.html"
      },
      {
        "datetime": "2018-01-24T22:37:47Z",
        "uri": "http://web.archive.org/web/20180124223747/http://www.vulture.com/2018/01/erykah-badu-in-conversation.html"
      },
      {
        "datetime": "2018-01-25T03:23:04Z",
        "uri": "http://web.archive.org/web/20180125032304/http://www.vulture.com/2018/01/erykah-badu-in-conversation.html"
      },
      {
        "datetime": "2018-01-25T04:05:51Z",
        "uri": "http://web.archive.org/web/20180125040551/http://www.vulture.com/2018/01/erykah-badu-in-conversation.html"
      },
      {
        "datetime": "2018-01-25T13:46:10Z",
        "uri": "http://web.archive.org/web/20180125134610/http://www.vulture.com/2018/01/erykah-badu-in-conversation.html"
      },
      {
        "datetime": "2018-01-25T17:51:44Z",
        "uri": "http://web.archive.org/web/20180125175144/http://www.vulture.com/2018/01/erykah-badu-in-conversation.html"
      },
      {
        "datetime": "2018-01-25T18:31:21Z",
        "uri": "http://web.archive.org/web/20180125183121/http://www.vulture.com/2018/01/erykah-badu-in-conversation.html"
      },
      {
        "datetime": "2018-01-25T19:41:59Z",
        "uri": "http://web.archive.org/web/20180125194159/http://www.vulture.com/2018/01/erykah-badu-in-conversation.html"
      },
      {
        "datetime": "2018-01-25T21:25:50Z",
        "uri": "http://web.archive.org/web/20180125212550/http://www.vulture.com/2018/01/erykah-badu-in-conversation.html"
      },
      {
        "datetime": "2018-01-26T19:47:34Z",
        "uri": "http://web.archive.org/web/20180126194734/http://www.vulture.com/2018/01/erykah-badu-in-conversation.html"
      },
      {
        "datetime": "2018-01-26T22:48:09Z",
        "uri": "http://web.archive.org/web/20180126224809/http://www.vulture.com/2018/01/erykah-badu-in-conversation.html"
      },
      {
        "datetime": "2018-01-27T03:19:58Z",
        "uri": "http://web.archive.org/web/20180127031958/http://www.vulture.com/2018/01/erykah-badu-in-conversation.html"
      },
      {
        "datetime": "2018-01-27T19:07:58Z",
        "uri": "http://web.archive.org/web/20180127190758/http://www.vulture.com/2018/01/erykah-badu-in-conversation.html"
      },
      {
        "datetime": "2018-01-27T22:57:46Z",
        "uri": "http://web.archive.org/web/20180127225746/http://www.vulture.com/2018/01/erykah-badu-in-conversation.html"
      },
      {
        "datetime": "2018-01-28T02:51:49Z",
        "uri": "http://web.archive.org/web/20180128025149/http://www.vulture.com/2018/01/erykah-badu-in-conversation.html"
      },
      {
        "datetime": "2018-01-28T05:52:59Z",
        "uri": "http://wayback.archive-it.org/all/20180128055259/http://www.vulture.com/2018/01/erykah-badu-in-conversation.html"
      },
      {
        "datetime": "2018-01-28T05:52:59Z",
        "uri": "http://web.archive.org/web/20180128055259/http://www.vulture.com/2018/01/erykah-badu-in-conversation.html"
      },
      {
        "datetime": "2018-01-28T21:41:08Z",
        "uri": "http://web.archive.org/web/20180128214108/http://www.vulture.com/2018/01/erykah-badu-in-conversation.html"
      },
      {
        "datetime": "2018-01-29T03:31:13Z",
        "uri": "http://web.archive.org/web/20180129033113/http://www.vulture.com/2018/01/erykah-badu-in-conversation.html"
      },
      {
        "datetime": "2018-01-30T03:12:36Z",
        "uri": "http://web.archive.org/web/20180130031236/http://www.vulture.com/2018/01/erykah-badu-in-conversation.html"
      },
      {
        "datetime": "2018-01-31T17:07:50Z",
        "uri": "http://web.archive.org/web/20180131170750/http://www.vulture.com/2018/01/erykah-badu-in-conversation.html"
      },
      {
        "datetime": "2018-02-01T04:15:33Z",
        "uri": "http://web.archive.org/web/20180201041533/http://www.vulture.com/2018/01/erykah-badu-in-conversation.html"
      },
      {
        "datetime": "2018-02-01T12:23:58Z",
        "uri": "http://web.archive.org/web/20180201122358/http://www.vulture.com/2018/01/erykah-badu-in-conversation.html"
      },
      {
        "datetime": "2018-02-02T14:56:46Z",
        "uri": "http://web.archive.org/web/20180202145646/http://www.vulture.com/2018/01/erykah-badu-in-conversation.html"
      },
      {
        "datetime": "2018-02-02T19:48:48Z",
        "uri": "http://web.archive.org/web/20180202194848/http://www.vulture.com/2018/01/erykah-badu-in-conversation.html"
      },
      {
        "datetime": "2018-02-05T08:53:52Z",
        "uri": "http://web.archive.org/web/20180205085352/http://www.vulture.com/2018/01/erykah-badu-in-conversation.html"
      }
    ],
    "first": {
      "datetime": "2018-01-24T16:41:33Z",
      "uri": "http://web.archive.org/web/20180124164133/https://www.vulture.com/2018/01/erykah-badu-in-conversation.html"
    },
    "last": {
      "datetime": "2018-02-05T08:53:52Z",
      "uri": "http://web.archive.org/web/20180205085352/http://www.vulture.com/2018/01/erykah-badu-in-conversation.html"
    }
  },
  "timemap_uri": {
    "link_format": "https://memgator.cs.odu.edu/timemap/link/http://www.vulture.com/2018/01/erykah-badu-in-conversation.html",
    "json_format": "https://memgator.cs.odu.edu/timemap/json/http://www.vulture.com/2018/01/erykah-badu-in-conversation.html",
    "cdxj_format": "https://memgator.cs.odu.edu/timemap/cdxj/http://www.vulture.com/2018/01/erykah-badu-in-conversation.html"
  },
  "timegate_uri": "https://memgator.cs.odu.edu/timegate/http://www.vulture.com/2018/01/erykah-badu-in-conversation.html"
}