{
  "original_uri": "http://www.foxnews.com/politics/2018/01/31/republicans-who-wont-be-coming-back-to-congress-after-2018-midterm-elections.html",
  "self": "https://memgator.cs.odu.edu/timemap/json/http://www.foxnews.com/politics/2018/01/31/republicans-who-wont-be-coming-back-to-congress-after-2018-midterm-elections.html",
  "mementos": {
    "list": [
      {
        "datetime": "2018-01-31T19:40:31Z",
        "uri": "http://web.archive.org/web/20180131194031/http://www.foxnews.com/politics/2018/01/31/republicans-who-wont-be-coming-back-to-congress-after-2018-midterm-elections.html"
      },
      {
        "datetime": "2018-01-31T20:48:57Z",
        "uri": "http://web.archive.org/web/20180131204857/http://www.foxnews.com/politics/2018/01/31/republicans-who-wont-be-coming-back-to-congress-after-2018-midterm-elections.html"
      },
      {
        "datetime": "2018-02-01T10:18:58Z",
        "uri": "http://web.archive.org/web/20180201101858/http://www.foxnews.com/politics/2018/01/31/republicans-who-wont-be-coming-back-to-congress-after-2018-midterm-elections.html"
      },
      {
        "datetime": "2018-02-02T11:51:55Z",
        "uri": "http://web.archive.org/web/20180202115155/http://www.foxnews.com/politics/2018/01/31/republicans-who-wont-be-coming-back-to-congress-after-2018-midterm-elections.html"
      },
      {
        "datetime": "2018-02-03T13:42:10Z",
        "uri": "http://web.archive.org/web/20180203134210/http://www.foxnews.com/politics/2018/01/31/republicans-who-wont-be-coming-back-to-congress-after-2018-midterm-elections.html"
      },
      {
        "datetime": "2018-02-04T12:40:37Z",
        "uri": "http://web.archive.org/web/20180204124037/http://www.foxnews.com/politics/2018/01/31/republicans-who-wont-be-coming-back-to-congress-after-2018-midterm-elections.html"
      },
      {
        "datetime": "2018-02-05T13:08:48Z",
        "uri": "http://web.archive.org/web/20180205130848/http://www.foxnews.com/politics/2018/01/31/republicans-who-wont-be-coming-back-to-congress-after-2018-midterm-elections.html"
      },
      {
        "datetime": "2018-02-06T14:12:49Z",
        "uri": "http://web.archive.org/web/20180206141249/http://www.foxnews.com/politics/2018/01/31/republicans-who-wont-be-coming-back-to-congress-after-2018-midterm-elections.html"
      }
    ],
    "first": {
      "datetime": "2018-01-31T19:40:31Z",
      "uri": "http://web.archive.org/web/20180131194031/http://www.foxnews.com/politics/2018/01/31/republicans-who-wont-be-coming-back-to-congress-after-2018-midterm-elections.html"
    },
    "last": {
      "datetime": "2018-02-06T14:12:49Z",
      "uri": "http://web.archive.org/web/20180206141249/http://www.foxnews.com/politics/2018/01/31/republicans-who-wont-be-coming-back-to-congress-after-2018-midterm-elections.html"
    }
  },
  "timemap_uri": {
    "link_format": "https://memgator.cs.odu.edu/timemap/link/http://www.foxnews.com/politics/2018/01/31/republicans-who-wont-be-coming-back-to-congress-after-2018-midterm-elections.html",
    "json_format": "https://memgator.cs.odu.edu/timemap/json/http://www.foxnews.com/politics/2018/01/31/republicans-who-wont-be-coming-back-to-congress-after-2018-midterm-elections.html",
    "cdxj_format": "https://memgator.cs.odu.edu/timemap/cdxj/http://www.foxnews.com/politics/2018/01/31/republicans-who-wont-be-coming-back-to-congress-after-2018-midterm-elections.html"
  },
  "timegate_uri": "https://memgator.cs.odu.edu/timegate/http://www.foxnews.com/politics/2018/01/31/republicans-who-wont-be-coming-back-to-congress-after-2018-midterm-elections.html"
}