{
  "original_uri": "http://www.elpasotimes.com/story/news/education/2018/01/31/top-texas-counselor-socorro-isd-recognized-michelle-obama/1081300001/",
  "self": "https://memgator.cs.odu.edu/timemap/json/http://www.elpasotimes.com/story/news/education/2018/01/31/top-texas-counselor-socorro-isd-recognized-michelle-obama/1081300001/",
  "mementos": {
    "list": [
      {
        "datetime": "2018-02-04T05:53:03Z",
        "uri": "http://wayback.archive-it.org/all/20180204055303/http://www.elpasotimes.com/story/news/education/2018/01/31/top-texas-counselor-socorro-isd-recognized-michelle-obama/1081300001/"
      }
    ],
    "first": {
      "datetime": "2018-02-04T05:53:03Z",
      "uri": "http://wayback.archive-it.org/all/20180204055303/http://www.elpasotimes.com/story/news/education/2018/01/31/top-texas-counselor-socorro-isd-recognized-michelle-obama/1081300001/"
    },
    "last": {
      "datetime": "2018-02-04T05:53:03Z",
      "uri": "http://wayback.archive-it.org/all/20180204055303/http://www.elpasotimes.com/story/news/education/2018/01/31/top-texas-counselor-socorro-isd-recognized-michelle-obama/1081300001/"
    }
  },
  "timemap_uri": {
    "link_format": "https://memgator.cs.odu.edu/timemap/link/http://www.elpasotimes.com/story/news/education/2018/01/31/top-texas-counselor-socorro-isd-recognized-michelle-obama/1081300001/",
    "json_format": "https://memgator.cs.odu.edu/timemap/json/http://www.elpasotimes.com/story/news/education/2018/01/31/top-texas-counselor-socorro-isd-recognized-michelle-obama/1081300001/",
    "cdxj_format": "https://memgator.cs.odu.edu/timemap/cdxj/http://www.elpasotimes.com/story/news/education/2018/01/31/top-texas-counselor-socorro-isd-recognized-michelle-obama/1081300001/"
  },
  "timegate_uri": "https://memgator.cs.odu.edu/timegate/http://www.elpasotimes.com/story/news/education/2018/01/31/top-texas-counselor-socorro-isd-recognized-michelle-obama/1081300001/"
}