{
  "original_uri": "http://TheLex.FM",
  "self": "https://memgator.cs.odu.edu/timemap/json/http://TheLex.FM",
  "mementos": {
    "list": [
      {
        "datetime": "2015-03-01T12:56:03Z",
        "uri": "http://web.archive.org/web/20150301125603/http://thelex.fm/"
      },
      {
        "datetime": "2016-01-11T10:21:17Z",
        "uri": "http://web.archive.org/web/20160111102117/http://thelex.fm/"
      },
      {
        "datetime": "2016-03-05T02:37:02Z",
        "uri": "http://web.archive.org/web/20160305023702/http://thelex.fm/"
      },
      {
        "datetime": "2016-10-04T07:13:19Z",
        "uri": "http://web.archive.org/web/20161004071319/http://thelex.fm/"
      },
      {
        "datetime": "2017-09-01T19:07:03Z",
        "uri": "http://web.archive.org/web/20170901190703/http://thelex.fm/"
      },
      {
        "datetime": "2017-11-19T02:17:43Z",
        "uri": "http://web.archive.org/web/20171119021743/http://thelex.fm/"
      },
      {
        "datetime": "2018-01-06T23:16:40Z",
        "uri": "http://web.archive.org/web/20180106231640/http://thelex.fm/"
      }
    ],
    "first": {
      "datetime": "2015-03-01T12:56:03Z",
      "uri": "http://web.archive.org/web/20150301125603/http://thelex.fm/"
    },
    "last": {
      "datetime": "2018-01-06T23:16:40Z",
      "uri": "http://web.archive.org/web/20180106231640/http://thelex.fm/"
    }
  },
  "timemap_uri": {
    "link_format": "https://memgator.cs.odu.edu/timemap/link/http://TheLex.FM",
    "json_format": "https://memgator.cs.odu.edu/timemap/json/http://TheLex.FM",
    "cdxj_format": "https://memgator.cs.odu.edu/timemap/cdxj/http://TheLex.FM"
  },
  "timegate_uri": "https://memgator.cs.odu.edu/timegate/http://TheLex.FM"
}