{
  "original_uri": "http://twitch.tv/flibbityflam",
  "self": "https://memgator.cs.odu.edu/timemap/json/http://twitch.tv/flibbityflam",
  "mementos": {
    "list": [
      {
        "datetime": "2017-09-01T08:53:02Z",
        "uri": "http://web.archive.org/web/20170901085302/http://twitch.tv/flibbityflam"
      },
      {
        "datetime": "2017-09-01T08:53:31Z",
        "uri": "http://web.archive.org/web/20170901085331/http://www.twitch.tv/flibbityflam"
      },
      {
        "datetime": "2017-09-01T09:08:44Z",
        "uri": "http://web.archive.org/web/20170901090844/https://www.twitch.tv/flibbityflam"
      },
      {
        "datetime": "2017-09-03T05:22:39Z",
        "uri": "http://web.archive.org/web/20170903052239/https://www.twitch.tv/flibbityflam"
      },
      {
        "datetime": "2018-01-21T10:56:36Z",
        "uri": "http://web.archive.org/web/20180121105636/http://twitch.tv/flibbityflam"
      },
      {
        "datetime": "2018-01-21T10:56:46Z",
        "uri": "http://web.archive.org/web/20180121105646/http://www.twitch.tv/flibbityflam"
      },
      {
        "datetime": "2018-01-21T10:56:53Z",
        "uri": "http://web.archive.org/web/20180121105653/https://www.twitch.tv/flibbityflam"
      }
    ],
    "first": {
      "datetime": "2017-09-01T08:53:02Z",
      "uri": "http://web.archive.org/web/20170901085302/http://twitch.tv/flibbityflam"
    },
    "last": {
      "datetime": "2018-01-21T10:56:53Z",
      "uri": "http://web.archive.org/web/20180121105653/https://www.twitch.tv/flibbityflam"
    }
  },
  "timemap_uri": {
    "link_format": "https://memgator.cs.odu.edu/timemap/link/http://twitch.tv/flibbityflam",
    "json_format": "https://memgator.cs.odu.edu/timemap/json/http://twitch.tv/flibbityflam",
    "cdxj_format": "https://memgator.cs.odu.edu/timemap/cdxj/http://twitch.tv/flibbityflam"
  },
  "timegate_uri": "https://memgator.cs.odu.edu/timegate/http://twitch.tv/flibbityflam"
}