{
  "original_uri": "http://pennypublishings.com",
  "self": "https://memgator.cs.odu.edu/timemap/json/http://pennypublishings.com",
  "mementos": {
    "list": [
      {
        "datetime": "2016-07-22T13:49:02Z",
        "uri": "http://web.archive.org/web/20160722134902/http://pennypublishings.com:80/"
      },
      {
        "datetime": "2016-08-25T11:58:22Z",
        "uri": "http://web.archive.org/web/20160825115822/http://pennypublishings.com:80/"
      },
      {
        "datetime": "2016-09-26T09:02:34Z",
        "uri": "http://web.archive.org/web/20160926090234/http://pennypublishings.com:80/"
      },
      {
        "datetime": "2016-10-28T06:53:17Z",
        "uri": "http://web.archive.org/web/20161028065317/http://pennypublishings.com:80/"
      },
      {
        "datetime": "2017-09-14T00:09:57Z",
        "uri": "http://web.archive.org/web/20170914000957/http://pennypublishings.com/"
      },
      {
        "datetime": "2017-09-14T04:54:26Z",
        "uri": "http://web.archive.org/web/20170914045426/https://www.pennypublishings.com/"
      },
      {
        "datetime": "2017-10-30T21:10:35Z",
        "uri": "http://web.archive.org/web/20171030211035/http://pennypublishings.com/"
      },
      {
        "datetime": "2018-01-09T22:32:31Z",
        "uri": "http://web.archive.org/web/20180109223231/http://pennypublishings.com/"
      },
      {
        "datetime": "2018-01-10T08:06:41Z",
        "uri": "http://web.archive.org/web/20180110080641/https://www.pennypublishings.com/"
      },
      {
        "datetime": "2018-01-22T22:58:16Z",
        "uri": "http://web.archive.org/web/20180122225816/https://www.pennypublishings.com/"
      }
    ],
    "first": {
      "datetime": "2016-07-22T13:49:02Z",
      "uri": "http://web.archive.org/web/20160722134902/http://pennypublishings.com:80/"
    },
    "last": {
      "datetime": "2018-01-22T22:58:16Z",
      "uri": "http://web.archive.org/web/20180122225816/https://www.pennypublishings.com/"
    }
  },
  "timemap_uri": {
    "link_format": "https://memgator.cs.odu.edu/timemap/link/http://pennypublishings.com",
    "json_format": "https://memgator.cs.odu.edu/timemap/json/http://pennypublishings.com",
    "cdxj_format": "https://memgator.cs.odu.edu/timemap/cdxj/http://pennypublishings.com"
  },
  "timegate_uri": "https://memgator.cs.odu.edu/timegate/http://pennypublishings.com"
}