{
  "original_uri": "https://wccftech.com/super-mario-movie-minions-studio/",
  "self": "https://memgator.cs.odu.edu/timemap/json/https://wccftech.com/super-mario-movie-minions-studio/",
  "mementos": {
    "list": [
      {
        "datetime": "2018-02-01T18:53:43Z",
        "uri": "http://web.archive.org/web/20180201185343/https://wccftech.com/super-mario-movie-minions-studio/"
      },
      {
        "datetime": "2018-02-01T19:11:59Z",
        "uri": "http://web.archive.org/web/20180201191159/https://wccftech.com/super-mario-movie-minions-studio/"
      },
      {
        "datetime": "2018-02-02T00:06:13Z",
        "uri": "http://web.archive.org/web/20180202000613/https://wccftech.com/super-mario-movie-minions-studio/"
      }
    ],
    "first": {
      "datetime": "2018-02-01T18:53:43Z",
      "uri": "http://web.archive.org/web/20180201185343/https://wccftech.com/super-mario-movie-minions-studio/"
    },
    "last": {
      "datetime": "2018-02-02T00:06:13Z",
      "uri": "http://web.archive.org/web/20180202000613/https://wccftech.com/super-mario-movie-minions-studio/"
    }
  },
  "timemap_uri": {
    "link_format": "https://memgator.cs.odu.edu/timemap/link/https://wccftech.com/super-mario-movie-minions-studio/",
    "json_format": "https://memgator.cs.odu.edu/timemap/json/https://wccftech.com/super-mario-movie-minions-studio/",
    "cdxj_format": "https://memgator.cs.odu.edu/timemap/cdxj/https://wccftech.com/super-mario-movie-minions-studio/"
  },
  "timegate_uri": "https://memgator.cs.odu.edu/timegate/https://wccftech.com/super-mario-movie-minions-studio/"
}