{
  "original_uri": "http://sysalqradio.com",
  "self": "https://memgator.cs.odu.edu/timemap/json/http://sysalqradio.com",
  "mementos": {
    "list": [
      {
        "datetime": "2016-12-22T20:03:56Z",
        "uri": "http://web.archive.org/web/20161222200356/http://www.sysalqradio.com:80/"
      },
      {
        "datetime": "2017-02-14T07:07:10Z",
        "uri": "http://web.archive.org/web/20170214070710/http://sysalqradio.com/"
      },
      {
        "datetime": "2017-05-22T13:31:20Z",
        "uri": "http://web.archive.org/web/20170522133120/http://sysalqradio.com/"
      },
      {
        "datetime": "2017-06-11T01:14:23Z",
        "uri": "http://web.archive.org/web/20170611011423/http://sysalqradio.com:80/"
      },
      {
        "datetime": "2017-06-11T02:14:09Z",
        "uri": "http://web.archive.org/web/20170611021409/http://sysalqradio.com:80/?"
      },
      {
        "datetime": "2017-07-12T01:11:39Z",
        "uri": "http://web.archive.org/web/20170712011139/http://sysalqradio.com:80/"
      },
      {
        "datetime": "2017-07-12T01:12:01Z",
        "uri": "http://web.archive.org/web/20170712011201/http://sysalqradio.com:80/?"
      },
      {
        "datetime": "2017-09-03T01:25:47Z",
        "uri": "http://web.archive.org/web/20170903012547/http://sysalqradio.com/"
      },
      {
        "datetime": "2017-09-05T14:35:30Z",
        "uri": "http://web.archive.org/web/20170905143530/http://sysalqradio.com/"
      },
      {
        "datetime": "2017-09-15T11:18:43Z",
        "uri": "http://web.archive.org/web/20170915111843/http://sysalqradio.com/"
      },
      {
        "datetime": "2017-10-13T11:53:38Z",
        "uri": "http://web.archive.org/web/20171013115338/http://sysalqradio.com/"
      },
      {
        "datetime": "2017-10-30T20:12:04Z",
        "uri": "http://web.archive.org/web/20171030201204/http://sysalqradio.com/"
      },
      {
        "datetime": "2018-01-21T15:04:25Z",
        "uri": "http://web.archive.org/web/20180121150425/http://sysalqradio.com/"
      }
    ],
    "first": {
      "datetime": "2016-12-22T20:03:56Z",
      "uri": "http://web.archive.org/web/20161222200356/http://www.sysalqradio.com:80/"
    },
    "last": {
      "datetime": "2018-01-21T15:04:25Z",
      "uri": "http://web.archive.org/web/20180121150425/http://sysalqradio.com/"
    }
  },
  "timemap_uri": {
    "link_format": "https://memgator.cs.odu.edu/timemap/link/http://sysalqradio.com",
    "json_format": "https://memgator.cs.odu.edu/timemap/json/http://sysalqradio.com",
    "cdxj_format": "https://memgator.cs.odu.edu/timemap/cdxj/http://sysalqradio.com"
  },
  "timegate_uri": "https://memgator.cs.odu.edu/timegate/http://sysalqradio.com"
}