{
  "original_uri": "https://www.dailykos.com/story/2018/1/16/1733250/-Suicides-are-up-in-Puerto-Rico-since-Hurricane-Maria-as-the-government-abandons-the-island",
  "self": "https://memgator.cs.odu.edu/timemap/json/https://www.dailykos.com/story/2018/1/16/1733250/-Suicides-are-up-in-Puerto-Rico-since-Hurricane-Maria-as-the-government-abandons-the-island",
  "mementos": {
    "list": [
      {
        "datetime": "2018-02-02T11:56:39Z",
        "uri": "http://web.archive.org/web/20180202115639/https://www.dailykos.com/story/2018/1/16/1733250/-Suicides-are-up-in-Puerto-Rico-since-Hurricane-Maria-as-the-government-abandons-the-island"
      }
    ],
    "first": {
      "datetime": "2018-02-02T11:56:39Z",
      "uri": "http://web.archive.org/web/20180202115639/https://www.dailykos.com/story/2018/1/16/1733250/-Suicides-are-up-in-Puerto-Rico-since-Hurricane-Maria-as-the-government-abandons-the-island"
    },
    "last": {
      "datetime": "2018-02-02T11:56:39Z",
      "uri": "http://web.archive.org/web/20180202115639/https://www.dailykos.com/story/2018/1/16/1733250/-Suicides-are-up-in-Puerto-Rico-since-Hurricane-Maria-as-the-government-abandons-the-island"
    }
  },
  "timemap_uri": {
    "link_format": "https://memgator.cs.odu.edu/timemap/link/https://www.dailykos.com/story/2018/1/16/1733250/-Suicides-are-up-in-Puerto-Rico-since-Hurricane-Maria-as-the-government-abandons-the-island",
    "json_format": "https://memgator.cs.odu.edu/timemap/json/https://www.dailykos.com/story/2018/1/16/1733250/-Suicides-are-up-in-Puerto-Rico-since-Hurricane-Maria-as-the-government-abandons-the-island",
    "cdxj_format": "https://memgator.cs.odu.edu/timemap/cdxj/https://www.dailykos.com/story/2018/1/16/1733250/-Suicides-are-up-in-Puerto-Rico-since-Hurricane-Maria-as-the-government-abandons-the-island"
  },
  "timegate_uri": "https://memgator.cs.odu.edu/timegate/https://www.dailykos.com/story/2018/1/16/1733250/-Suicides-are-up-in-Puerto-Rico-since-Hurricane-Maria-as-the-government-abandons-the-island"
}