{
  "original_uri": "https://news.infoseek.co.jp/article/20180201jcast20182320190/",
  "self": "https://memgator.cs.odu.edu/timemap/json/https://news.infoseek.co.jp/article/20180201jcast20182320190/",
  "mementos": {
    "list": [
      {
        "datetime": "2018-02-01T16:59:32Z",
        "uri": "http://web.archive.org/web/20180201165932/https://news.infoseek.co.jp/article/20180201jcast20182320190/"
      },
      {
        "datetime": "2018-02-01T17:00:32Z",
        "uri": "http://archive.is/20180201170032/https://news.infoseek.co.jp/article/20180201jcast20182320190/"
      },
      {
        "datetime": "2018-02-01T23:07:11Z",
        "uri": "http://web.archive.org/web/20180201230711/https://news.infoseek.co.jp/article/20180201jcast20182320190/"
      },
      {
        "datetime": "2018-02-01T23:34:01Z",
        "uri": "http://web.archive.org/web/20180201233401/https://news.infoseek.co.jp/article/20180201jcast20182320190/"
      },
      {
        "datetime": "2018-02-02T00:05:09Z",
        "uri": "http://web.archive.org/web/20180202000509/https://news.infoseek.co.jp/article/20180201jcast20182320190/"
      },
      {
        "datetime": "2018-02-02T01:34:49Z",
        "uri": "http://web.archive.org/web/20180202013449/https://news.infoseek.co.jp/article/20180201jcast20182320190/"
      },
      {
        "datetime": "2018-02-02T02:06:26Z",
        "uri": "http://web.archive.org/web/20180202020626/https://news.infoseek.co.jp/article/20180201jcast20182320190/"
      },
      {
        "datetime": "2018-02-02T02:35:00Z",
        "uri": "http://web.archive.org/web/20180202023500/https://news.infoseek.co.jp/article/20180201jcast20182320190/"
      },
      {
        "datetime": "2018-02-02T03:07:45Z",
        "uri": "http://web.archive.org/web/20180202030745/https://news.infoseek.co.jp/article/20180201jcast20182320190/"
      },
      {
        "datetime": "2018-02-02T03:50:55Z",
        "uri": "http://web.archive.org/web/20180202035055/https://news.infoseek.co.jp/article/20180201jcast20182320190/"
      },
      {
        "datetime": "2018-02-02T04:05:43Z",
        "uri": "http://web.archive.org/web/20180202040543/https://news.infoseek.co.jp/article/20180201jcast20182320190/"
      },
      {
        "datetime": "2018-02-02T04:37:07Z",
        "uri": "http://web.archive.org/web/20180202043707/https://news.infoseek.co.jp/article/20180201jcast20182320190/"
      },
      {
        "datetime": "2018-02-02T05:07:04Z",
        "uri": "http://web.archive.org/web/20180202050704/https://news.infoseek.co.jp/article/20180201jcast20182320190/"
      },
      {
        "datetime": "2018-02-02T06:06:22Z",
        "uri": "http://web.archive.org/web/20180202060622/https://news.infoseek.co.jp/article/20180201jcast20182320190/"
      },
      {
        "datetime": "2018-02-02T06:36:20Z",
        "uri": "http://web.archive.org/web/20180202063620/https://news.infoseek.co.jp/article/20180201jcast20182320190/"
      },
      {
        "datetime": "2018-02-02T07:35:36Z",
        "uri": "http://web.archive.org/web/20180202073536/https://news.infoseek.co.jp/article/20180201jcast20182320190/"
      },
      {
        "datetime": "2018-02-02T07:38:20Z",
        "uri": "http://web.archive.org/web/20180202073820/https://news.infoseek.co.jp/article/20180201jcast20182320190/"
      },
      {
        "datetime": "2018-02-02T08:06:48Z",
        "uri": "http://web.archive.org/web/20180202080648/https://news.infoseek.co.jp/article/20180201jcast20182320190/"
      }
    ],
    "first": {
      "datetime": "2018-02-01T16:59:32Z",
      "uri": "http://web.archive.org/web/20180201165932/https://news.infoseek.co.jp/article/20180201jcast20182320190/"
    },
    "last": {
      "datetime": "2018-02-02T08:06:48Z",
      "uri": "http://web.archive.org/web/20180202080648/https://news.infoseek.co.jp/article/20180201jcast20182320190/"
    }
  },
  "timemap_uri": {
    "link_format": "https://memgator.cs.odu.edu/timemap/link/https://news.infoseek.co.jp/article/20180201jcast20182320190/",
    "json_format": "https://memgator.cs.odu.edu/timemap/json/https://news.infoseek.co.jp/article/20180201jcast20182320190/",
    "cdxj_format": "https://memgator.cs.odu.edu/timemap/cdxj/https://news.infoseek.co.jp/article/20180201jcast20182320190/"
  },
  "timegate_uri": "https://memgator.cs.odu.edu/timegate/https://news.infoseek.co.jp/article/20180201jcast20182320190/"
}