{
  "original_uri": "http://thehill.com/blogs/ballot-box/presidential-races/ben-carson-donald-trump-only-four-years-bad-president",
  "self": "https://memgator.cs.odu.edu/timemap/json/http://thehill.com/blogs/ballot-box/presidential-races/ben-carson-donald-trump-only-four-years-bad-president",
  "mementos": {
    "list": [
      {
        "datetime": "2016-03-15T12:44:39Z",
        "uri": "http://web.archive.org/web/20160315124439/http://thehill.com/blogs/ballot-box/presidential-races/ben-carson-donald-trump-only-four-years-bad-president"
      },
      {
        "datetime": "2016-03-16T23:14:29Z",
        "uri": "http://web.archive.org/web/20160316231429/http://thehill.com/blogs/ballot-box/presidential-races/ben-carson-donald-trump-only-four-years-bad-president"
      },
      {
        "datetime": "2016-03-16T23:14:29Z",
        "uri": "http://web.archive.org/web/20160316231429/http://thehill.com/blogs/ballot-box/presidential-races/ben-carson-donald-trump-only-four-years-bad-president"
      },
      {
        "datetime": "2016-03-17T06:08:21Z",
        "uri": "http://web.archive.org/web/20160317060821/http://thehill.com:80/blogs/ballot-box/presidential-races/ben-carson-donald-trump-only-four-years-bad-president"
      },
      {
        "datetime": "2016-03-18T13:44:01Z",
        "uri": "http://web.archive.org/web/20160318134401/http://thehill.com:80/blogs/ballot-box/presidential-races/ben-carson-donald-trump-only-four-years-bad-president"
      },
      {
        "datetime": "2016-03-18T13:44:01Z",
        "uri": "http://web.archive.org/web/20160318134401/http://thehill.com:80/blogs/ballot-box/presidential-races/ben-carson-donald-trump-only-four-years-bad-president"
      },
      {
        "datetime": "2016-03-19T13:59:44Z",
        "uri": "http://web.archive.org/web/20160319135944/http://thehill.com:80/blogs/ballot-box/presidential-races/ben-carson-donald-trump-only-four-years-bad-president"
      },
      {
        "datetime": "2016-03-19T13:59:44Z",
        "uri": "http://web.archive.org/web/20160319135944/http://thehill.com:80/blogs/ballot-box/presidential-races/ben-carson-donald-trump-only-four-years-bad-president"
      },
      {
        "datetime": "2016-04-05T13:14:36Z",
        "uri": "http://web.archive.org/web/20160405131436/http://thehill.com:80/blogs/ballot-box/presidential-races/ben-carson-donald-trump-only-four-years-bad-president"
      },
      {
        "datetime": "2016-04-19T18:11:51Z",
        "uri": "http://web.archive.org/web/20160419181151/http://thehill.com:80/blogs/ballot-box/presidential-races/ben-carson-donald-trump-only-four-years-bad-president"
      },
      {
        "datetime": "2016-04-19T18:11:51Z",
        "uri": "http://web.archive.org/web/20160419181151/http://thehill.com:80/blogs/ballot-box/presidential-races/ben-carson-donald-trump-only-four-years-bad-president"
      },
      {
        "datetime": "2016-04-20T21:47:22Z",
        "uri": "http://web.archive.org/web/20160420214722/http://thehill.com:80/blogs/ballot-box/presidential-races/ben-carson-donald-trump-only-four-years-bad-president"
      },
      {
        "datetime": "2016-05-22T11:24:48Z",
        "uri": "http://web.archive.org/web/20160522112448/http://thehill.com:80/blogs/ballot-box/presidential-races/ben-carson-donald-trump-only-four-years-bad-president"
      },
      {
        "datetime": "2016-06-22T07:25:51Z",
        "uri": "http://web.archive.org/web/20160622072551/http://thehill.com:80/blogs/ballot-box/presidential-races/ben-carson-donald-trump-only-four-years-bad-president"
      },
      {
        "datetime": "2016-06-22T07:25:51Z",
        "uri": "http://web.archive.org/web/20160622072551/http://thehill.com:80/blogs/ballot-box/presidential-races/ben-carson-donald-trump-only-four-years-bad-president"
      },
      {
        "datetime": "2016-07-23T22:50:33Z",
        "uri": "http://web.archive.org/web/20160723225033/http://thehill.com:80/blogs/ballot-box/presidential-races/ben-carson-donald-trump-only-four-years-bad-president"
      },
      {
        "datetime": "2016-07-23T22:50:33Z",
        "uri": "http://web.archive.org/web/20160723225033/http://thehill.com:80/blogs/ballot-box/presidential-races/ben-carson-donald-trump-only-four-years-bad-president"
      },
      {
        "datetime": "2016-08-25T09:58:45Z",
        "uri": "http://web.archive.org/web/20160825095845/http://thehill.com:80/blogs/ballot-box/presidential-races/ben-carson-donald-trump-only-four-years-bad-president"
      },
      {
        "datetime": "2016-09-17T12:00:17Z",
        "uri": "http://web.archive.org/web/20160917120017/http://thehill.com/blogs/ballot-box/presidential-races/ben-carson-donald-trump-only-four-years-bad-president"
      },
      {
        "datetime": "2016-10-07T09:07:18Z",
        "uri": "http://web.archive.org/web/20161007090718/http://thehill.com/blogs/ballot-box/presidential-races/ben-carson-donald-trump-only-four-years-bad-president"
      },
      {
        "datetime": "2017-07-11T18:32:39Z",
        "uri": "http://web.archive.org/web/20170711183239/http://thehill.com/blogs/ballot-box/presidential-races/ben-carson-donald-trump-only-four-years-bad-president"
      }
    ],
    "first": {
      "datetime": "2016-03-15T12:44:39Z",
      "uri": "http://web.archive.org/web/20160315124439/http://thehill.com/blogs/ballot-box/presidential-races/ben-carson-donald-trump-only-four-years-bad-president"
    },
    "last": {
      "datetime": "2017-07-11T18:32:39Z",
      "uri": "http://web.archive.org/web/20170711183239/http://thehill.com/blogs/ballot-box/presidential-races/ben-carson-donald-trump-only-four-years-bad-president"
    }
  },
  "timemap_uri": {
    "link_format": "https://memgator.cs.odu.edu/timemap/link/http://thehill.com/blogs/ballot-box/presidential-races/ben-carson-donald-trump-only-four-years-bad-president",
    "json_format": "https://memgator.cs.odu.edu/timemap/json/http://thehill.com/blogs/ballot-box/presidential-races/ben-carson-donald-trump-only-four-years-bad-president",
    "cdxj_format": "https://memgator.cs.odu.edu/timemap/cdxj/http://thehill.com/blogs/ballot-box/presidential-races/ben-carson-donald-trump-only-four-years-bad-president"
  },
  "timegate_uri": "https://memgator.cs.odu.edu/timegate/http://thehill.com/blogs/ballot-box/presidential-races/ben-carson-donald-trump-only-four-years-bad-president"
}