{
  "original_uri": "http://mynintendonews.com/2018/01/28/super-mario-odysseys-jump-up-super-star-theme-song-is-free-to-download-until-january-31/",
  "self": "https://memgator.cs.odu.edu/timemap/json/http://mynintendonews.com/2018/01/28/super-mario-odysseys-jump-up-super-star-theme-song-is-free-to-download-until-january-31/",
  "mementos": {
    "list": [
      {
        "datetime": "2018-02-03T12:34:59Z",
        "uri": "http://web.archive.org/web/20180203123459/http://mynintendonews.com/2018/01/28/super-mario-odysseys-jump-up-super-star-theme-song-is-free-to-download-until-january-31/"
      }
    ],
    "first": {
      "datetime": "2018-02-03T12:34:59Z",
      "uri": "http://web.archive.org/web/20180203123459/http://mynintendonews.com/2018/01/28/super-mario-odysseys-jump-up-super-star-theme-song-is-free-to-download-until-january-31/"
    },
    "last": {
      "datetime": "2018-02-03T12:34:59Z",
      "uri": "http://web.archive.org/web/20180203123459/http://mynintendonews.com/2018/01/28/super-mario-odysseys-jump-up-super-star-theme-song-is-free-to-download-until-january-31/"
    }
  },
  "timemap_uri": {
    "link_format": "https://memgator.cs.odu.edu/timemap/link/http://mynintendonews.com/2018/01/28/super-mario-odysseys-jump-up-super-star-theme-song-is-free-to-download-until-january-31/",
    "json_format": "https://memgator.cs.odu.edu/timemap/json/http://mynintendonews.com/2018/01/28/super-mario-odysseys-jump-up-super-star-theme-song-is-free-to-download-until-january-31/",
    "cdxj_format": "https://memgator.cs.odu.edu/timemap/cdxj/http://mynintendonews.com/2018/01/28/super-mario-odysseys-jump-up-super-star-theme-song-is-free-to-download-until-january-31/"
  },
  "timegate_uri": "https://memgator.cs.odu.edu/timegate/http://mynintendonews.com/2018/01/28/super-mario-odysseys-jump-up-super-star-theme-song-is-free-to-download-until-january-31/"
}