{
  "original_uri": "https://grrrgraphics.com/far-left-hurricane/",
  "self": "https://memgator.cs.odu.edu/timemap/json/https://grrrgraphics.com/far-left-hurricane/",
  "mementos": {
    "list": [
      {
        "datetime": "2018-01-04T21:26:31Z",
        "uri": "http://web.archive.org/web/20180104212631/https://grrrgraphics.com/far-left-hurricane/"
      },
      {
        "datetime": "2018-01-31T12:41:39Z",
        "uri": "http://web.archive.org/web/20180131124139/https://grrrgraphics.com/far-left-hurricane/"
      }
    ],
    "first": {
      "datetime": "2018-01-04T21:26:31Z",
      "uri": "http://web.archive.org/web/20180104212631/https://grrrgraphics.com/far-left-hurricane/"
    },
    "last": {
      "datetime": "2018-01-31T12:41:39Z",
      "uri": "http://web.archive.org/web/20180131124139/https://grrrgraphics.com/far-left-hurricane/"
    }
  },
  "timemap_uri": {
    "link_format": "https://memgator.cs.odu.edu/timemap/link/https://grrrgraphics.com/far-left-hurricane/",
    "json_format": "https://memgator.cs.odu.edu/timemap/json/https://grrrgraphics.com/far-left-hurricane/",
    "cdxj_format": "https://memgator.cs.odu.edu/timemap/cdxj/https://grrrgraphics.com/far-left-hurricane/"
  },
  "timegate_uri": "https://memgator.cs.odu.edu/timegate/https://grrrgraphics.com/far-left-hurricane/"
}