{
  "original_uri": "http://tunein.com/radio/Cool-Radio-1037-s120266/",
  "self": "https://memgator.cs.odu.edu/timemap/json/http://tunein.com/radio/Cool-Radio-1037-s120266/",
  "mementos": {
    "list": [
      {
        "datetime": "2014-01-27T02:56:39Z",
        "uri": "http://web.archive.org/web/20140127025639/http://tunein.com:80/radio/Cool-Radio-1037-s120266/"
      },
      {
        "datetime": "2014-01-27T02:56:39Z",
        "uri": "http://web.archive.org/web/20140127025639/http://tunein.com:80/radio/Cool-Radio-1037-s120266"
      },
      {
        "datetime": "2014-01-29T11:16:59Z",
        "uri": "http://web.archive.org/web/20140129111659/http://tunein.com:80/radio/Cool-Radio-1037-s120266/"
      },
      {
        "datetime": "2014-02-27T08:27:53Z",
        "uri": "http://web.archive.org/web/20140227082753/http://tunein.com:80/radio/Cool-Radio-1037-s120266/"
      },
      {
        "datetime": "2014-02-27T08:27:53Z",
        "uri": "http://web.archive.org/web/20140227082753/http://tunein.com:80/radio/Cool-Radio-1037-s120266"
      },
      {
        "datetime": "2014-04-21T00:30:39Z",
        "uri": "http://web.archive.org/web/20140421003039/http://tunein.com:80/radio/Cool-Radio-1037-s120266/"
      },
      {
        "datetime": "2014-04-21T00:30:39Z",
        "uri": "http://web.archive.org/web/20140421003039/http://tunein.com:80/radio/Cool-Radio-1037-s120266"
      },
      {
        "datetime": "2014-05-29T12:19:52Z",
        "uri": "http://web.archive.org/web/20140529121952/http://tunein.com:80/radio/Cool-Radio-1037-s120266/"
      },
      {
        "datetime": "2014-05-29T12:19:52Z",
        "uri": "http://web.archive.org/web/20140529121952/http://tunein.com:80/radio/Cool-Radio-1037-s120266"
      },
      {
        "datetime": "2015-04-27T23:49:12Z",
        "uri": "http://web.archive.org/web/20150427234912/http://tunein.com/radio/Cool-Radio-1037-s120266/"
      },
      {
        "datetime": "2015-09-21T09:18:19Z",
        "uri": "http://web.archive.org/web/20150921091819/http://tunein.com/radio/Cool-Radio-1037-s120266/"
      },
      {
        "datetime": "2017-11-19T17:40:28Z",
        "uri": "http://web.archive.org/web/20171119174028/http://tunein.com/radio/Cool-Radio-1037-s120266/"
      },
      {
        "datetime": "2018-01-30T20:56:19Z",
        "uri": "http://web.archive.org/web/20180130205619/http://tunein.com/radio/Cool-Radio-1037-s120266/"
      },
      {
        "datetime": "2018-01-31T00:10:50Z",
        "uri": "http://web.archive.org/web/20180131001050/https://tunein.com/radio/Cool-Radio-1037-s120266/"
      }
    ],
    "first": {
      "datetime": "2014-01-27T02:56:39Z",
      "uri": "http://web.archive.org/web/20140127025639/http://tunein.com:80/radio/Cool-Radio-1037-s120266/"
    },
    "last": {
      "datetime": "2018-01-31T00:10:50Z",
      "uri": "http://web.archive.org/web/20180131001050/https://tunein.com/radio/Cool-Radio-1037-s120266/"
    }
  },
  "timemap_uri": {
    "link_format": "https://memgator.cs.odu.edu/timemap/link/http://tunein.com/radio/Cool-Radio-1037-s120266/",
    "json_format": "https://memgator.cs.odu.edu/timemap/json/http://tunein.com/radio/Cool-Radio-1037-s120266/",
    "cdxj_format": "https://memgator.cs.odu.edu/timemap/cdxj/http://tunein.com/radio/Cool-Radio-1037-s120266/"
  },
  "timegate_uri": "https://memgator.cs.odu.edu/timegate/http://tunein.com/radio/Cool-Radio-1037-s120266/"
}