{
  "original_uri": "http://www.culturaocio.com/cine/noticia-creadores-minions-produciran-pelicula-super-mario-bros-nintendo-20180201110801.html",
  "self": "https://memgator.cs.odu.edu/timemap/json/http://www.culturaocio.com/cine/noticia-creadores-minions-produciran-pelicula-super-mario-bros-nintendo-20180201110801.html",
  "mementos": {
    "list": [
      {
        "datetime": "2018-02-01T13:32:08Z",
        "uri": "http://web.archive.org/web/20180201133208/http://www.culturaocio.com/cine/noticia-creadores-minions-produciran-pelicula-super-mario-bros-nintendo-20180201110801.html"
      },
      {
        "datetime": "2018-02-01T20:41:50Z",
        "uri": "http://web.archive.org/web/20180201204150/http://www.culturaocio.com/cine/noticia-creadores-minions-produciran-pelicula-super-mario-bros-nintendo-20180201110801.html"
      },
      {
        "datetime": "2018-02-02T17:16:43Z",
        "uri": "http://web.archive.org/web/20180202171643/http://www.culturaocio.com/cine/noticia-creadores-minions-produciran-pelicula-super-mario-bros-nintendo-20180201110801.html"
      }
    ],
    "first": {
      "datetime": "2018-02-01T13:32:08Z",
      "uri": "http://web.archive.org/web/20180201133208/http://www.culturaocio.com/cine/noticia-creadores-minions-produciran-pelicula-super-mario-bros-nintendo-20180201110801.html"
    },
    "last": {
      "datetime": "2018-02-02T17:16:43Z",
      "uri": "http://web.archive.org/web/20180202171643/http://www.culturaocio.com/cine/noticia-creadores-minions-produciran-pelicula-super-mario-bros-nintendo-20180201110801.html"
    }
  },
  "timemap_uri": {
    "link_format": "https://memgator.cs.odu.edu/timemap/link/http://www.culturaocio.com/cine/noticia-creadores-minions-produciran-pelicula-super-mario-bros-nintendo-20180201110801.html",
    "json_format": "https://memgator.cs.odu.edu/timemap/json/http://www.culturaocio.com/cine/noticia-creadores-minions-produciran-pelicula-super-mario-bros-nintendo-20180201110801.html",
    "cdxj_format": "https://memgator.cs.odu.edu/timemap/cdxj/http://www.culturaocio.com/cine/noticia-creadores-minions-produciran-pelicula-super-mario-bros-nintendo-20180201110801.html"
  },
  "timegate_uri": "https://memgator.cs.odu.edu/timegate/http://www.culturaocio.com/cine/noticia-creadores-minions-produciran-pelicula-super-mario-bros-nintendo-20180201110801.html"
}