{
  "original_uri": "http://m.spiegel.de/politik/ausland/donald-trump-fuer-friedensnobelpreis-nominiert-a-1190927.html",
  "self": "https://memgator.cs.odu.edu/timemap/json/http://m.spiegel.de/politik/ausland/donald-trump-fuer-friedensnobelpreis-nominiert-a-1190927.html",
  "mementos": {
    "list": [
      {
        "datetime": "2018-02-02T08:37:13Z",
        "uri": "http://web.archive.org/web/20180202083713/http://m.spiegel.de/politik/ausland/donald-trump-fuer-friedensnobelpreis-nominiert-a-1190927.html"
      },
      {
        "datetime": "2018-02-03T10:43:28Z",
        "uri": "http://web.archive.org/web/20180203104328/http://m.spiegel.de/politik/ausland/donald-trump-fuer-friedensnobelpreis-nominiert-a-1190927.html"
      }
    ],
    "first": {
      "datetime": "2018-02-02T08:37:13Z",
      "uri": "http://web.archive.org/web/20180202083713/http://m.spiegel.de/politik/ausland/donald-trump-fuer-friedensnobelpreis-nominiert-a-1190927.html"
    },
    "last": {
      "datetime": "2018-02-03T10:43:28Z",
      "uri": "http://web.archive.org/web/20180203104328/http://m.spiegel.de/politik/ausland/donald-trump-fuer-friedensnobelpreis-nominiert-a-1190927.html"
    }
  },
  "timemap_uri": {
    "link_format": "https://memgator.cs.odu.edu/timemap/link/http://m.spiegel.de/politik/ausland/donald-trump-fuer-friedensnobelpreis-nominiert-a-1190927.html",
    "json_format": "https://memgator.cs.odu.edu/timemap/json/http://m.spiegel.de/politik/ausland/donald-trump-fuer-friedensnobelpreis-nominiert-a-1190927.html",
    "cdxj_format": "https://memgator.cs.odu.edu/timemap/cdxj/http://m.spiegel.de/politik/ausland/donald-trump-fuer-friedensnobelpreis-nominiert-a-1190927.html"
  },
  "timegate_uri": "https://memgator.cs.odu.edu/timegate/http://m.spiegel.de/politik/ausland/donald-trump-fuer-friedensnobelpreis-nominiert-a-1190927.html"
}