{
  "original_uri": "http://www.el-nacional.com/noticias/variedades/nintendo-prepara-una-pelicula-animacion-super-mario_221336",
  "self": "https://memgator.cs.odu.edu/timemap/json/http://www.el-nacional.com/noticias/variedades/nintendo-prepara-una-pelicula-animacion-super-mario_221336",
  "mementos": {
    "list": [
      {
        "datetime": "2018-02-01T18:13:04Z",
        "uri": "http://web.archive.org/web/20180201181304/http://www.el-nacional.com/noticias/variedades/nintendo-prepara-una-pelicula-animacion-super-mario_221336"
      },
      {
        "datetime": "2018-02-01T22:35:58Z",
        "uri": "http://web.archive.org/web/20180201223558/http://www.el-nacional.com/noticias/variedades/nintendo-prepara-una-pelicula-animacion-super-mario_221336"
      },
      {
        "datetime": "2018-02-02T23:12:31Z",
        "uri": "http://web.archive.org/web/20180202231231/http://www.el-nacional.com/noticias/variedades/nintendo-prepara-una-pelicula-animacion-super-mario_221336"
      },
      {
        "datetime": "2018-02-04T00:16:22Z",
        "uri": "http://web.archive.org/web/20180204001622/http://www.el-nacional.com/noticias/variedades/nintendo-prepara-una-pelicula-animacion-super-mario_221336"
      },
      {
        "datetime": "2018-02-05T00:23:46Z",
        "uri": "http://web.archive.org/web/20180205002346/http://www.el-nacional.com/noticias/variedades/nintendo-prepara-una-pelicula-animacion-super-mario_221336"
      },
      {
        "datetime": "2018-02-06T00:54:11Z",
        "uri": "http://web.archive.org/web/20180206005411/http://www.el-nacional.com/noticias/variedades/nintendo-prepara-una-pelicula-animacion-super-mario_221336"
      }
    ],
    "first": {
      "datetime": "2018-02-01T18:13:04Z",
      "uri": "http://web.archive.org/web/20180201181304/http://www.el-nacional.com/noticias/variedades/nintendo-prepara-una-pelicula-animacion-super-mario_221336"
    },
    "last": {
      "datetime": "2018-02-06T00:54:11Z",
      "uri": "http://web.archive.org/web/20180206005411/http://www.el-nacional.com/noticias/variedades/nintendo-prepara-una-pelicula-animacion-super-mario_221336"
    }
  },
  "timemap_uri": {
    "link_format": "https://memgator.cs.odu.edu/timemap/link/http://www.el-nacional.com/noticias/variedades/nintendo-prepara-una-pelicula-animacion-super-mario_221336",
    "json_format": "https://memgator.cs.odu.edu/timemap/json/http://www.el-nacional.com/noticias/variedades/nintendo-prepara-una-pelicula-animacion-super-mario_221336",
    "cdxj_format": "https://memgator.cs.odu.edu/timemap/cdxj/http://www.el-nacional.com/noticias/variedades/nintendo-prepara-una-pelicula-animacion-super-mario_221336"
  },
  "timegate_uri": "https://memgator.cs.odu.edu/timegate/http://www.el-nacional.com/noticias/variedades/nintendo-prepara-una-pelicula-animacion-super-mario_221336"
}