{
  "original_uri": "http://nichegamer.com/2018/02/01/nintendo-illumination-entertainment-officially-announce-animated-super-mario-movie/",
  "self": "https://memgator.cs.odu.edu/timemap/json/http://nichegamer.com/2018/02/01/nintendo-illumination-entertainment-officially-announce-animated-super-mario-movie/",
  "mementos": {
    "list": [
      {
        "datetime": "2018-02-01T21:14:19Z",
        "uri": "http://web.archive.org/web/20180201211419/http://nichegamer.com/2018/02/01/nintendo-illumination-entertainment-officially-announce-animated-super-mario-movie/"
      }
    ],
    "first": {
      "datetime": "2018-02-01T21:14:19Z",
      "uri": "http://web.archive.org/web/20180201211419/http://nichegamer.com/2018/02/01/nintendo-illumination-entertainment-officially-announce-animated-super-mario-movie/"
    },
    "last": {
      "datetime": "2018-02-01T21:14:19Z",
      "uri": "http://web.archive.org/web/20180201211419/http://nichegamer.com/2018/02/01/nintendo-illumination-entertainment-officially-announce-animated-super-mario-movie/"
    }
  },
  "timemap_uri": {
    "link_format": "https://memgator.cs.odu.edu/timemap/link/http://nichegamer.com/2018/02/01/nintendo-illumination-entertainment-officially-announce-animated-super-mario-movie/",
    "json_format": "https://memgator.cs.odu.edu/timemap/json/http://nichegamer.com/2018/02/01/nintendo-illumination-entertainment-officially-announce-animated-super-mario-movie/",
    "cdxj_format": "https://memgator.cs.odu.edu/timemap/cdxj/http://nichegamer.com/2018/02/01/nintendo-illumination-entertainment-officially-announce-animated-super-mario-movie/"
  },
  "timegate_uri": "https://memgator.cs.odu.edu/timegate/http://nichegamer.com/2018/02/01/nintendo-illumination-entertainment-officially-announce-animated-super-mario-movie/"
}