{
  "original_uri": "http://www.insight.co.kr/news/138146",
  "self": "https://memgator.cs.odu.edu/timemap/json/http://www.insight.co.kr/news/138146",
  "mementos": {
    "list": [
      {
        "datetime": "2018-02-01T12:52:08Z",
        "uri": "http://web.archive.org/web/20180201125208/http://www.insight.co.kr/news/138146"
      }
    ],
    "first": {
      "datetime": "2018-02-01T12:52:08Z",
      "uri": "http://web.archive.org/web/20180201125208/http://www.insight.co.kr/news/138146"
    },
    "last": {
      "datetime": "2018-02-01T12:52:08Z",
      "uri": "http://web.archive.org/web/20180201125208/http://www.insight.co.kr/news/138146"
    }
  },
  "timemap_uri": {
    "link_format": "https://memgator.cs.odu.edu/timemap/link/http://www.insight.co.kr/news/138146",
    "json_format": "https://memgator.cs.odu.edu/timemap/json/http://www.insight.co.kr/news/138146",
    "cdxj_format": "https://memgator.cs.odu.edu/timemap/cdxj/http://www.insight.co.kr/news/138146"
  },
  "timegate_uri": "https://memgator.cs.odu.edu/timegate/http://www.insight.co.kr/news/138146"
}