{
  "original_uri": "http://fortune.com/2017/09/05/daca-donald-trump-economic-impact/",
  "self": "https://memgator.cs.odu.edu/timemap/json/http://fortune.com/2017/09/05/daca-donald-trump-economic-impact/",
  "mementos": {
    "list": [
      {
        "datetime": "2017-09-06T03:54:04Z",
        "uri": "http://web.archive.org/web/20170906035404/http://fortune.com/2017/09/05/daca-donald-trump-economic-impact/"
      },
      {
        "datetime": "2017-09-06T05:59:26Z",
        "uri": "http://web.archive.org/web/20170906055926/http://fortune.com/2017/09/05/daca-donald-trump-economic-impact/"
      },
      {
        "datetime": "2017-09-06T10:06:43Z",
        "uri": "http://web.archive.org/web/20170906100643/http://fortune.com/2017/09/05/daca-donald-trump-economic-impact/"
      },
      {
        "datetime": "2017-09-06T23:51:31Z",
        "uri": "http://web.archive.org/web/20170906235131/http://fortune.com/2017/09/05/daca-donald-trump-economic-impact/"
      },
      {
        "datetime": "2017-09-24T08:44:25Z",
        "uri": "http://web.archive.org/web/20170924084425/http://fortune.com/2017/09/05/daca-donald-trump-economic-impact/"
      },
      {
        "datetime": "2017-10-21T19:08:53Z",
        "uri": "http://web.archive.org/web/20171021190853/http://fortune.com/2017/09/05/daca-donald-trump-economic-impact/"
      },
      {
        "datetime": "2017-10-23T23:37:48Z",
        "uri": "http://web.archive.org/web/20171023233748/http://fortune.com/2017/09/05/daca-donald-trump-economic-impact/"
      },
      {
        "datetime": "2018-02-02T05:03:44Z",
        "uri": "http://web.archive.org/web/20180202050344/http://fortune.com/2017/09/05/daca-donald-trump-economic-impact/"
      }
    ],
    "first": {
      "datetime": "2017-09-06T03:54:04Z",
      "uri": "http://web.archive.org/web/20170906035404/http://fortune.com/2017/09/05/daca-donald-trump-economic-impact/"
    },
    "last": {
      "datetime": "2018-02-02T05:03:44Z",
      "uri": "http://web.archive.org/web/20180202050344/http://fortune.com/2017/09/05/daca-donald-trump-economic-impact/"
    }
  },
  "timemap_uri": {
    "link_format": "https://memgator.cs.odu.edu/timemap/link/http://fortune.com/2017/09/05/daca-donald-trump-economic-impact/",
    "json_format": "https://memgator.cs.odu.edu/timemap/json/http://fortune.com/2017/09/05/daca-donald-trump-economic-impact/",
    "cdxj_format": "https://memgator.cs.odu.edu/timemap/cdxj/http://fortune.com/2017/09/05/daca-donald-trump-economic-impact/"
  },
  "timegate_uri": "https://memgator.cs.odu.edu/timegate/http://fortune.com/2017/09/05/daca-donald-trump-economic-impact/"
}