{
  "original_uri": "http://https://pokegoscout.com",
  "self": "https://memgator.cs.odu.edu/timemap/json/http://https://pokegoscout.com",
  "mementos": {
    "list": [
      {
        "datetime": "2017-05-12T01:08:25Z",
        "uri": "http://web.archive.org/web/20170512010825/http://pokegoscout.com:80/"
      },
      {
        "datetime": "2017-05-13T06:13:04Z",
        "uri": "http://web.archive.org/web/20170513061304/http://pokegoscout.com:80/"
      },
      {
        "datetime": "2017-06-14T20:05:51Z",
        "uri": "http://web.archive.org/web/20170614200551/http://pokegoscout.com:80/"
      },
      {
        "datetime": "2017-11-17T00:22:10Z",
        "uri": "http://web.archive.org/web/20171117002210/http://www.pokegoscout.com/"
      },
      {
        "datetime": "2017-11-23T16:16:52Z",
        "uri": "http://web.archive.org/web/20171123161652/https://www.pokegoscout.com/"
      },
      {
        "datetime": "2018-02-03T08:40:16Z",
        "uri": "http://web.archive.org/web/20180203084016/http://pokegoscout.com/"
      },
      {
        "datetime": "2018-02-03T13:58:39Z",
        "uri": "http://web.archive.org/web/20180203135839/http://www.pokegoscout.com/"
      },
      {
        "datetime": "2018-02-04T04:15:36Z",
        "uri": "http://web.archive.org/web/20180204041536/https://www.pokegoscout.com/"
      }
    ],
    "first": {
      "datetime": "2017-05-12T01:08:25Z",
      "uri": "http://web.archive.org/web/20170512010825/http://pokegoscout.com:80/"
    },
    "last": {
      "datetime": "2018-02-04T04:15:36Z",
      "uri": "http://web.archive.org/web/20180204041536/https://www.pokegoscout.com/"
    }
  },
  "timemap_uri": {
    "link_format": "https://memgator.cs.odu.edu/timemap/link/http://https://pokegoscout.com",
    "json_format": "https://memgator.cs.odu.edu/timemap/json/http://https://pokegoscout.com",
    "cdxj_format": "https://memgator.cs.odu.edu/timemap/cdxj/http://https://pokegoscout.com"
  },
  "timegate_uri": "https://memgator.cs.odu.edu/timegate/http://https://pokegoscout.com"
}