{
  "original_uri": "http://www.pulse-radio.net",
  "self": "https://memgator.cs.odu.edu/timemap/json/http://www.pulse-radio.net",
  "mementos": {
    "list": [
      {
        "datetime": "2003-07-28T04:02:52Z",
        "uri": "http://web.archive.org/web/20030728040252/http://pulse-radio.net:80/"
      },
      {
        "datetime": "2003-09-22T13:05:03Z",
        "uri": "http://web.archive.org/web/20030922130503/http://pulse-radio.net:80/"
      },
      {
        "datetime": "2004-03-18T12:36:32Z",
        "uri": "http://web.archive.org/web/20040318123632/http://pulse-radio.net:80/"
      },
      {
        "datetime": "2004-06-14T14:09:24Z",
        "uri": "http://web.archive.org/web/20040614140924/http://pulse-radio.net:80/"
      },
      {
        "datetime": "2013-06-17T04:36:18Z",
        "uri": "http://web.archive.org/web/20130617043618/http://pulse-radio.net/"
      },
      {
        "datetime": "2014-01-04T11:49:26Z",
        "uri": "http://web.archive.org/web/20140104114926/http://pulse-radio.net/"
      },
      {
        "datetime": "2016-12-06T12:13:51Z",
        "uri": "http://web.archive.org/web/20161206121351/http://pulse-radio.net:80/"
      },
      {
        "datetime": "2017-05-31T02:20:55Z",
        "uri": "http://web.archive.org/web/20170531022055/http://pulse-radio.net/"
      },
      {
        "datetime": "2017-09-18T16:38:56Z",
        "uri": "http://web.archive.org/web/20170918163856/http://pulse-radio.net/"
      },
      {
        "datetime": "2018-01-21T09:33:16Z",
        "uri": "http://web.archive.org/web/20180121093316/http://www.pulse-radio.net/"
      }
    ],
    "first": {
      "datetime": "2003-07-28T04:02:52Z",
      "uri": "http://web.archive.org/web/20030728040252/http://pulse-radio.net:80/"
    },
    "last": {
      "datetime": "2018-01-21T09:33:16Z",
      "uri": "http://web.archive.org/web/20180121093316/http://www.pulse-radio.net/"
    }
  },
  "timemap_uri": {
    "link_format": "https://memgator.cs.odu.edu/timemap/link/http://www.pulse-radio.net",
    "json_format": "https://memgator.cs.odu.edu/timemap/json/http://www.pulse-radio.net",
    "cdxj_format": "https://memgator.cs.odu.edu/timemap/cdxj/http://www.pulse-radio.net"
  },
  "timegate_uri": "https://memgator.cs.odu.edu/timegate/http://www.pulse-radio.net"
}