{
  "original_uri": "http://www.breitbart.com/big-government/2018/02/01/donald-trump-to-republicans-we-fulfilled-far-more-promises-than-we-promised/",
  "self": "https://memgator.cs.odu.edu/timemap/json/http://www.breitbart.com/big-government/2018/02/01/donald-trump-to-republicans-we-fulfilled-far-more-promises-than-we-promised/",
  "mementos": {
    "list": [
      {
        "datetime": "2018-02-01T21:08:00Z",
        "uri": "http://web.archive.org/web/20180201210800/http://www.breitbart.com/big-government/2018/02/01/donald-trump-to-republicans-we-fulfilled-far-more-promises-than-we-promised/"
      },
      {
        "datetime": "2018-02-02T09:35:01Z",
        "uri": "http://web.archive.org/web/20180202093501/http://www.breitbart.com/big-government/2018/02/01/donald-trump-to-republicans-we-fulfilled-far-more-promises-than-we-promised/"
      },
      {
        "datetime": "2018-02-02T11:06:12Z",
        "uri": "http://web.archive.org/web/20180202110612/http://www.breitbart.com/big-government/2018/02/01/donald-trump-to-republicans-we-fulfilled-far-more-promises-than-we-promised/"
      },
      {
        "datetime": "2018-02-03T10:11:51Z",
        "uri": "http://web.archive.org/web/20180203101151/http://www.breitbart.com/big-government/2018/02/01/donald-trump-to-republicans-we-fulfilled-far-more-promises-than-we-promised/"
      },
      {
        "datetime": "2018-02-04T07:15:15Z",
        "uri": "http://web.archive.org/web/20180204071515/http://www.breitbart.com/big-government/2018/02/01/donald-trump-to-republicans-we-fulfilled-far-more-promises-than-we-promised/"
      },
      {
        "datetime": "2018-02-06T19:33:43Z",
        "uri": "http://web.archive.org/web/20180206193343/http://www.breitbart.com/big-government/2018/02/01/donald-trump-to-republicans-we-fulfilled-far-more-promises-than-we-promised/"
      }
    ],
    "first": {
      "datetime": "2018-02-01T21:08:00Z",
      "uri": "http://web.archive.org/web/20180201210800/http://www.breitbart.com/big-government/2018/02/01/donald-trump-to-republicans-we-fulfilled-far-more-promises-than-we-promised/"
    },
    "last": {
      "datetime": "2018-02-06T19:33:43Z",
      "uri": "http://web.archive.org/web/20180206193343/http://www.breitbart.com/big-government/2018/02/01/donald-trump-to-republicans-we-fulfilled-far-more-promises-than-we-promised/"
    }
  },
  "timemap_uri": {
    "link_format": "https://memgator.cs.odu.edu/timemap/link/http://www.breitbart.com/big-government/2018/02/01/donald-trump-to-republicans-we-fulfilled-far-more-promises-than-we-promised/",
    "json_format": "https://memgator.cs.odu.edu/timemap/json/http://www.breitbart.com/big-government/2018/02/01/donald-trump-to-republicans-we-fulfilled-far-more-promises-than-we-promised/",
    "cdxj_format": "https://memgator.cs.odu.edu/timemap/cdxj/http://www.breitbart.com/big-government/2018/02/01/donald-trump-to-republicans-we-fulfilled-far-more-promises-than-we-promised/"
  },
  "timegate_uri": "https://memgator.cs.odu.edu/timegate/http://www.breitbart.com/big-government/2018/02/01/donald-trump-to-republicans-we-fulfilled-far-more-promises-than-we-promised/"
}