{
  "original_uri": "http://www.goodnewsnetwork.org/grandson-worried-about-his-grandma-sends-pizza-boy-to-check-on-her/",
  "self": "https://memgator.cs.odu.edu/timemap/json/http://www.goodnewsnetwork.org/grandson-worried-about-his-grandma-sends-pizza-boy-to-check-on-her/",
  "mementos": {
    "list": [
      {
        "datetime": "2016-10-15T12:00:05Z",
        "uri": "http://web.archive.org/web/20161015120005/http://www.goodnewsnetwork.org:80/grandson-worried-about-his-grandma-sends-pizza-boy-to-check-on-her/"
      },
      {
        "datetime": "2016-10-16T03:45:40Z",
        "uri": "http://web.archive.org/web/20161016034540/http://www.goodnewsnetwork.org:80/grandson-worried-about-his-grandma-sends-pizza-boy-to-check-on-her/"
      },
      {
        "datetime": "2016-10-16T03:45:40Z",
        "uri": "http://web.archive.org/web/20161016034540/http://www.goodnewsnetwork.org:80/grandson-worried-about-his-grandma-sends-pizza-boy-to-check-on-her"
      },
      {
        "datetime": "2016-10-18T06:02:52Z",
        "uri": "http://web.archive.org/web/20161018060252/http://www.goodnewsnetwork.org/grandson-worried-about-his-grandma-sends-pizza-boy-to-check-on-her/"
      },
      {
        "datetime": "2016-11-16T23:51:39Z",
        "uri": "http://web.archive.org/web/20161116235139/http://www.goodnewsnetwork.org:80/grandson-worried-about-his-grandma-sends-pizza-boy-to-check-on-her/"
      },
      {
        "datetime": "2016-11-16T23:51:39Z",
        "uri": "http://web.archive.org/web/20161116235139/http://www.goodnewsnetwork.org:80/grandson-worried-about-his-grandma-sends-pizza-boy-to-check-on-her"
      },
      {
        "datetime": "2017-03-10T05:51:05Z",
        "uri": "http://web.archive.org/web/20170310055105/http://www.goodnewsnetwork.org:80/grandson-worried-about-his-grandma-sends-pizza-boy-to-check-on-her/"
      },
      {
        "datetime": "2017-03-10T05:51:05Z",
        "uri": "http://web.archive.org/web/20170310055105/http://www.goodnewsnetwork.org:80/grandson-worried-about-his-grandma-sends-pizza-boy-to-check-on-her"
      }
    ],
    "first": {
      "datetime": "2016-10-15T12:00:05Z",
      "uri": "http://web.archive.org/web/20161015120005/http://www.goodnewsnetwork.org:80/grandson-worried-about-his-grandma-sends-pizza-boy-to-check-on-her/"
    },
    "last": {
      "datetime": "2017-03-10T05:51:05Z",
      "uri": "http://web.archive.org/web/20170310055105/http://www.goodnewsnetwork.org:80/grandson-worried-about-his-grandma-sends-pizza-boy-to-check-on-her"
    }
  },
  "timemap_uri": {
    "link_format": "https://memgator.cs.odu.edu/timemap/link/http://www.goodnewsnetwork.org/grandson-worried-about-his-grandma-sends-pizza-boy-to-check-on-her/",
    "json_format": "https://memgator.cs.odu.edu/timemap/json/http://www.goodnewsnetwork.org/grandson-worried-about-his-grandma-sends-pizza-boy-to-check-on-her/",
    "cdxj_format": "https://memgator.cs.odu.edu/timemap/cdxj/http://www.goodnewsnetwork.org/grandson-worried-about-his-grandma-sends-pizza-boy-to-check-on-her/"
  },
  "timegate_uri": "https://memgator.cs.odu.edu/timegate/http://www.goodnewsnetwork.org/grandson-worried-about-his-grandma-sends-pizza-boy-to-check-on-her/"
}