{
  "original_uri": "https://www.reuters.com/article/us-nintendo-film-super-mario/nintendo-to-produce-super-mario-animation-film-with-illumination-idUSKBN1FL3OO",
  "self": "https://memgator.cs.odu.edu/timemap/json/https://www.reuters.com/article/us-nintendo-film-super-mario/nintendo-to-produce-super-mario-animation-film-with-illumination-idUSKBN1FL3OO",
  "mementos": {
    "list": [
      {
        "datetime": "2018-02-01T02:14:26Z",
        "uri": "http://web.archive.org/web/20180201021426/https://www.reuters.com/article/us-nintendo-film-super-mario/nintendo-to-produce-super-mario-animation-film-with-illumination-idUSKBN1FL3OO"
      },
      {
        "datetime": "2018-02-01T04:28:49Z",
        "uri": "http://web.archive.org/web/20180201042849/https://www.reuters.com/article/us-nintendo-film-super-mario/nintendo-to-produce-super-mario-animation-film-with-illumination-idUSKBN1FL3OO"
      },
      {
        "datetime": "2018-02-01T12:52:04Z",
        "uri": "http://web.archive.org/web/20180201125204/https://www.reuters.com/article/us-nintendo-film-super-mario/nintendo-to-produce-super-mario-animation-film-with-illumination-idUSKBN1FL3OO"
      },
      {
        "datetime": "2018-02-01T14:09:05Z",
        "uri": "http://web.archive.org/web/20180201140905/https://www.reuters.com/article/us-nintendo-film-super-mario/nintendo-to-produce-super-mario-animation-film-with-illumination-idUSKBN1FL3OO"
      },
      {
        "datetime": "2018-02-01T14:49:18Z",
        "uri": "http://web.archive.org/web/20180201144918/https://www.reuters.com/article/us-nintendo-film-super-mario/nintendo-to-produce-super-mario-animation-film-with-illumination-idUSKBN1FL3OO"
      },
      {
        "datetime": "2018-02-01T20:25:16Z",
        "uri": "http://web.archive.org/web/20180201202516/https://www.reuters.com/article/us-nintendo-film-super-mario/nintendo-to-produce-super-mario-animation-film-with-illumination-idUSKBN1FL3OO"
      },
      {
        "datetime": "2018-02-02T21:51:37Z",
        "uri": "http://web.archive.org/web/20180202215137/https://www.reuters.com/article/us-nintendo-film-super-mario/nintendo-to-produce-super-mario-animation-film-with-illumination-idUSKBN1FL3OO"
      },
      {
        "datetime": "2018-02-03T22:53:08Z",
        "uri": "http://web.archive.org/web/20180203225308/https://www.reuters.com/article/us-nintendo-film-super-mario/nintendo-to-produce-super-mario-animation-film-with-illumination-idUSKBN1FL3OO"
      },
      {
        "datetime": "2018-02-04T23:16:56Z",
        "uri": "http://web.archive.org/web/20180204231656/https://www.reuters.com/article/us-nintendo-film-super-mario/nintendo-to-produce-super-mario-animation-film-with-illumination-idUSKBN1FL3OO"
      }
    ],
    "first": {
      "datetime": "2018-02-01T02:14:26Z",
      "uri": "http://web.archive.org/web/20180201021426/https://www.reuters.com/article/us-nintendo-film-super-mario/nintendo-to-produce-super-mario-animation-film-with-illumination-idUSKBN1FL3OO"
    },
    "last": {
      "datetime": "2018-02-04T23:16:56Z",
      "uri": "http://web.archive.org/web/20180204231656/https://www.reuters.com/article/us-nintendo-film-super-mario/nintendo-to-produce-super-mario-animation-film-with-illumination-idUSKBN1FL3OO"
    }
  },
  "timemap_uri": {
    "link_format": "https://memgator.cs.odu.edu/timemap/link/https://www.reuters.com/article/us-nintendo-film-super-mario/nintendo-to-produce-super-mario-animation-film-with-illumination-idUSKBN1FL3OO",
    "json_format": "https://memgator.cs.odu.edu/timemap/json/https://www.reuters.com/article/us-nintendo-film-super-mario/nintendo-to-produce-super-mario-animation-film-with-illumination-idUSKBN1FL3OO",
    "cdxj_format": "https://memgator.cs.odu.edu/timemap/cdxj/https://www.reuters.com/article/us-nintendo-film-super-mario/nintendo-to-produce-super-mario-animation-film-with-illumination-idUSKBN1FL3OO"
  },
  "timegate_uri": "https://memgator.cs.odu.edu/timegate/https://www.reuters.com/article/us-nintendo-film-super-mario/nintendo-to-produce-super-mario-animation-film-with-illumination-idUSKBN1FL3OO"
}