{
  "original_uri": "https://www.countries-cities.com/kyrgyzstan-cities.php",
  "self": "https://memgator.cs.odu.edu/timemap/json/https://www.countries-cities.com/kyrgyzstan-cities.php",
  "mementos": {
    "list": [
      {
        "datetime": "2015-02-08T20:38:10Z",
        "uri": "http://web.archive.org/web/20150208203810/http://www.countries-cities.com/kyrgyzstan-cities.php"
      },
      {
        "datetime": "2015-08-14T17:06:47Z",
        "uri": "http://web.archive.org/web/20150814170647/http://www.countries-cities.com/kyrgyzstan-cities.php"
      },
      {
        "datetime": "2016-02-20T03:41:13Z",
        "uri": "http://web.archive.org/web/20160220034113/http://www.countries-cities.com/kyrgyzstan-cities.php"
      },
      {
        "datetime": "2016-03-20T06:22:47Z",
        "uri": "http://web.archive.org/web/20160320062247/http://www.countries-cities.com/kyrgyzstan-cities.php"
      },
      {
        "datetime": "2016-10-17T03:05:53Z",
        "uri": "http://web.archive.org/web/20161017030553/http://www.countries-cities.com/kyrgyzstan-cities.php"
      }
    ],
    "first": {
      "datetime": "2015-02-08T20:38:10Z",
      "uri": "http://web.archive.org/web/20150208203810/http://www.countries-cities.com/kyrgyzstan-cities.php"
    },
    "last": {
      "datetime": "2016-10-17T03:05:53Z",
      "uri": "http://web.archive.org/web/20161017030553/http://www.countries-cities.com/kyrgyzstan-cities.php"
    }
  },
  "timemap_uri": {
    "link_format": "https://memgator.cs.odu.edu/timemap/link/https://www.countries-cities.com/kyrgyzstan-cities.php",
    "json_format": "https://memgator.cs.odu.edu/timemap/json/https://www.countries-cities.com/kyrgyzstan-cities.php",
    "cdxj_format": "https://memgator.cs.odu.edu/timemap/cdxj/https://www.countries-cities.com/kyrgyzstan-cities.php"
  },
  "timegate_uri": "https://memgator.cs.odu.edu/timegate/https://www.countries-cities.com/kyrgyzstan-cities.php"
}