{
  "original_uri": "https://www.nbcnews.com/politics/donald-trump/trump-claims-his-state-union-had-largest-viewership-history-s-n843661",
  "self": "https://memgator.cs.odu.edu/timemap/json/https://www.nbcnews.com/politics/donald-trump/trump-claims-his-state-union-had-largest-viewership-history-s-n843661",
  "mementos": {
    "list": [
      {
        "datetime": "2018-02-01T19:10:59Z",
        "uri": "http://web.archive.org/web/20180201191059/https://www.nbcnews.com/politics/donald-trump/trump-claims-his-state-union-had-largest-viewership-history-s-n843661"
      },
      {
        "datetime": "2018-02-01T19:13:56Z",
        "uri": "http://archive.is/20180201191356/https://www.nbcnews.com/politics/donald-trump/trump-claims-his-state-union-had-largest-viewership-history-s-n843661"
      },
      {
        "datetime": "2018-02-01T19:57:19Z",
        "uri": "http://web.archive.org/web/20180201195719/https://www.nbcnews.com/politics/donald-trump/trump-claims-his-state-union-had-largest-viewership-history-s-n843661"
      },
      {
        "datetime": "2018-02-01T20:11:17Z",
        "uri": "http://web.archive.org/web/20180201201117/https://www.nbcnews.com/politics/donald-trump/trump-claims-his-state-union-had-largest-viewership-history-s-n843661"
      },
      {
        "datetime": "2018-02-01T21:25:25Z",
        "uri": "http://web.archive.org/web/20180201212525/https://www.nbcnews.com/politics/donald-trump/trump-claims-his-state-union-had-largest-viewership-history-s-n843661"
      },
      {
        "datetime": "2018-02-01T23:07:54Z",
        "uri": "http://wayback.archive-it.org/all/20180201230754/https://www.nbcnews.com/politics/donald-trump/trump-claims-his-state-union-had-largest-viewership-history-s-n843661"
      },
      {
        "datetime": "2018-02-01T23:07:54Z",
        "uri": "http://web.archive.org/web/20180201230754/https://www.nbcnews.com/politics/donald-trump/trump-claims-his-state-union-had-largest-viewership-history-s-n843661"
      },
      {
        "datetime": "2018-02-02T04:24:21Z",
        "uri": "http://web.archive.org/web/20180202042421/https://www.nbcnews.com/politics/donald-trump/trump-claims-his-state-union-had-largest-viewership-history-s-n843661"
      },
      {
        "datetime": "2018-02-02T05:40:16Z",
        "uri": "http://web.archive.org/web/20180202054016/https://www.nbcnews.com/politics/donald-trump/trump-claims-his-state-union-had-largest-viewership-history-s-n843661"
      },
      {
        "datetime": "2018-02-02T06:19:50Z",
        "uri": "http://web.archive.org/web/20180202061950/https://www.nbcnews.com/politics/donald-trump/trump-claims-his-state-union-had-largest-viewership-history-s-n843661"
      },
      {
        "datetime": "2018-02-02T17:01:25Z",
        "uri": "http://web.archive.org/web/20180202170125/https://www.nbcnews.com/politics/donald-trump/trump-claims-his-state-union-had-largest-viewership-history-s-n843661"
      },
      {
        "datetime": "2018-02-02T21:54:21Z",
        "uri": "http://web.archive.org/web/20180202215421/https://www.nbcnews.com/politics/donald-trump/trump-claims-his-state-union-had-largest-viewership-history-s-n843661"
      },
      {
        "datetime": "2018-02-03T17:27:16Z",
        "uri": "http://web.archive.org/web/20180203172716/https://www.nbcnews.com/politics/donald-trump/trump-claims-his-state-union-had-largest-viewership-history-s-n843661"
      },
      {
        "datetime": "2018-02-04T00:12:38Z",
        "uri": "http://web.archive.org/web/20180204001238/https://www.nbcnews.com/politics/donald-trump/trump-claims-his-state-union-had-largest-viewership-history-s-n843661"
      },
      {
        "datetime": "2018-02-04T06:53:56Z",
        "uri": "http://wayback.archive-it.org/all/20180204065356/https://www.nbcnews.com/politics/donald-trump/trump-claims-his-state-union-had-largest-viewership-history-s-n843661"
      },
      {
        "datetime": "2018-02-04T06:53:56Z",
        "uri": "http://web.archive.org/web/20180204065356/https://www.nbcnews.com/politics/donald-trump/trump-claims-his-state-union-had-largest-viewership-history-s-n843661"
      },
      {
        "datetime": "2018-02-04T18:25:51Z",
        "uri": "http://web.archive.org/web/20180204182551/https://www.nbcnews.com/politics/donald-trump/trump-claims-his-state-union-had-largest-viewership-history-s-n843661"
      },
      {
        "datetime": "2018-02-05T03:30:00Z",
        "uri": "http://web.archive.org/web/20180205033000/https://www.nbcnews.com/politics/donald-trump/trump-claims-his-state-union-had-largest-viewership-history-s-n843661"
      },
      {
        "datetime": "2018-02-05T18:40:42Z",
        "uri": "http://web.archive.org/web/20180205184042/https://www.nbcnews.com/politics/donald-trump/trump-claims-his-state-union-had-largest-viewership-history-s-n843661"
      },
      {
        "datetime": "2018-02-06T05:14:51Z",
        "uri": "http://web.archive.org/web/20180206051451/https://www.nbcnews.com/politics/donald-trump/trump-claims-his-state-union-had-largest-viewership-history-s-n843661"
      },
      {
        "datetime": "2018-02-06T20:04:01Z",
        "uri": "http://web.archive.org/web/20180206200401/https://www.nbcnews.com/politics/donald-trump/trump-claims-his-state-union-had-largest-viewership-history-s-n843661"
      }
    ],
    "first": {
      "datetime": "2018-02-01T19:10:59Z",
      "uri": "http://web.archive.org/web/20180201191059/https://www.nbcnews.com/politics/donald-trump/trump-claims-his-state-union-had-largest-viewership-history-s-n843661"
    },
    "last": {
      "datetime": "2018-02-06T20:04:01Z",
      "uri": "http://web.archive.org/web/20180206200401/https://www.nbcnews.com/politics/donald-trump/trump-claims-his-state-union-had-largest-viewership-history-s-n843661"
    }
  },
  "timemap_uri": {
    "link_format": "https://memgator.cs.odu.edu/timemap/link/https://www.nbcnews.com/politics/donald-trump/trump-claims-his-state-union-had-largest-viewership-history-s-n843661",
    "json_format": "https://memgator.cs.odu.edu/timemap/json/https://www.nbcnews.com/politics/donald-trump/trump-claims-his-state-union-had-largest-viewership-history-s-n843661",
    "cdxj_format": "https://memgator.cs.odu.edu/timemap/cdxj/https://www.nbcnews.com/politics/donald-trump/trump-claims-his-state-union-had-largest-viewership-history-s-n843661"
  },
  "timegate_uri": "https://memgator.cs.odu.edu/timegate/https://www.nbcnews.com/politics/donald-trump/trump-claims-his-state-union-had-largest-viewership-history-s-n843661"
}