{
  "original_uri": "http://reddirtroots.airtime.pro/",
  "self": "https://memgator.cs.odu.edu/timemap/json/http://reddirtroots.airtime.pro/",
  "mementos": {
    "list": [
      {
        "datetime": "2017-07-16T12:03:27Z",
        "uri": "http://web.archive.org/web/20170716120327/http://reddirtroots.airtime.pro:80/"
      },
      {
        "datetime": "2018-01-21T07:53:27Z",
        "uri": "http://web.archive.org/web/20180121075327/http://reddirtroots.airtime.pro/"
      }
    ],
    "first": {
      "datetime": "2017-07-16T12:03:27Z",
      "uri": "http://web.archive.org/web/20170716120327/http://reddirtroots.airtime.pro:80/"
    },
    "last": {
      "datetime": "2018-01-21T07:53:27Z",
      "uri": "http://web.archive.org/web/20180121075327/http://reddirtroots.airtime.pro/"
    }
  },
  "timemap_uri": {
    "link_format": "https://memgator.cs.odu.edu/timemap/link/http://reddirtroots.airtime.pro/",
    "json_format": "https://memgator.cs.odu.edu/timemap/json/http://reddirtroots.airtime.pro/",
    "cdxj_format": "https://memgator.cs.odu.edu/timemap/cdxj/http://reddirtroots.airtime.pro/"
  },
  "timegate_uri": "https://memgator.cs.odu.edu/timegate/http://reddirtroots.airtime.pro/"
}