{
  "original_uri": "https://www.sdpnoticias.com/nacional/2018/02/01/multan-a-nestor-moreno-con-31-mil-pesos-por-enriquecimiento-millonario-ilicito",
  "self": "https://memgator.cs.odu.edu/timemap/json/https://www.sdpnoticias.com/nacional/2018/02/01/multan-a-nestor-moreno-con-31-mil-pesos-por-enriquecimiento-millonario-ilicito",
  "mementos": {
    "list": [
      {
        "datetime": "2018-02-02T06:29:01Z",
        "uri": "http://web.archive.org/web/20180202062901/https://www.sdpnoticias.com/nacional/2018/02/01/multan-a-nestor-moreno-con-31-mil-pesos-por-enriquecimiento-millonario-ilicito"
      },
      {
        "datetime": "2018-02-02T07:43:43Z",
        "uri": "http://web.archive.org/web/20180202074343/http://www.sdpnoticias.com/nacional/2018/02/01/multan-a-nestor-moreno-con-31-mil-pesos-por-enriquecimiento-millonario-ilicito"
      }
    ],
    "first": {
      "datetime": "2018-02-02T06:29:01Z",
      "uri": "http://web.archive.org/web/20180202062901/https://www.sdpnoticias.com/nacional/2018/02/01/multan-a-nestor-moreno-con-31-mil-pesos-por-enriquecimiento-millonario-ilicito"
    },
    "last": {
      "datetime": "2018-02-02T07:43:43Z",
      "uri": "http://web.archive.org/web/20180202074343/http://www.sdpnoticias.com/nacional/2018/02/01/multan-a-nestor-moreno-con-31-mil-pesos-por-enriquecimiento-millonario-ilicito"
    }
  },
  "timemap_uri": {
    "link_format": "https://memgator.cs.odu.edu/timemap/link/https://www.sdpnoticias.com/nacional/2018/02/01/multan-a-nestor-moreno-con-31-mil-pesos-por-enriquecimiento-millonario-ilicito",
    "json_format": "https://memgator.cs.odu.edu/timemap/json/https://www.sdpnoticias.com/nacional/2018/02/01/multan-a-nestor-moreno-con-31-mil-pesos-por-enriquecimiento-millonario-ilicito",
    "cdxj_format": "https://memgator.cs.odu.edu/timemap/cdxj/https://www.sdpnoticias.com/nacional/2018/02/01/multan-a-nestor-moreno-con-31-mil-pesos-por-enriquecimiento-millonario-ilicito"
  },
  "timegate_uri": "https://memgator.cs.odu.edu/timegate/https://www.sdpnoticias.com/nacional/2018/02/01/multan-a-nestor-moreno-con-31-mil-pesos-por-enriquecimiento-millonario-ilicito"
}