{
  "original_uri": "http://www.ebay.com/itm/Hillary-Clinton-History-Made-Christmas-Tree-Ornament-/282268952168",
  "self": "https://memgator.cs.odu.edu/timemap/json/http://www.ebay.com/itm/Hillary-Clinton-History-Made-Christmas-Tree-Ornament-/282268952168",
  "mementos": {
    "list": [
      {
        "datetime": "2017-02-24T10:24:11Z",
        "uri": "http://web.archive.org/web/20170224102411/http://www.ebay.com/itm/Hillary-Clinton-History-Made-Christmas-Tree-Ornament-/282268952168"
      },
      {
        "datetime": "2018-01-25T05:42:39Z",
        "uri": "http://wayback.archive-it.org/all/20180125054239/http://www.ebay.com/itm/Hillary-Clinton-History-Made-Christmas-Tree-Ornament-/282268952168"
      },
      {
        "datetime": "2018-01-25T05:42:39Z",
        "uri": "http://web.archive.org/web/20180125054239/http://www.ebay.com/itm/Hillary-Clinton-History-Made-Christmas-Tree-Ornament-/282268952168"
      },
      {
        "datetime": "2018-01-25T09:27:54Z",
        "uri": "http://wayback.archive-it.org/all/20180125092754/http://www.ebay.com/itm/Hillary-Clinton-History-Made-Christmas-Tree-Ornament-/282268952168"
      },
      {
        "datetime": "2018-01-25T09:27:54Z",
        "uri": "http://web.archive.org/web/20180125092754/http://www.ebay.com/itm/Hillary-Clinton-History-Made-Christmas-Tree-Ornament-/282268952168"
      },
      {
        "datetime": "2018-01-25T09:46:30Z",
        "uri": "http://wayback.archive-it.org/all/20180125094630/http://www.ebay.com/itm/Hillary-Clinton-History-Made-Christmas-Tree-Ornament-/282268952168"
      },
      {
        "datetime": "2018-01-25T09:46:30Z",
        "uri": "http://web.archive.org/web/20180125094630/http://www.ebay.com/itm/Hillary-Clinton-History-Made-Christmas-Tree-Ornament-/282268952168"
      },
      {
        "datetime": "2018-01-25T15:11:33Z",
        "uri": "http://wayback.archive-it.org/all/20180125151133/https://www.ebay.com/itm/Hillary-Clinton-History-Made-Christmas-Tree-Ornament-/282268952168"
      },
      {
        "datetime": "2018-01-25T15:11:33Z",
        "uri": "http://web.archive.org/web/20180125151133/https://www.ebay.com/itm/Hillary-Clinton-History-Made-Christmas-Tree-Ornament-/282268952168"
      },
      {
        "datetime": "2018-01-25T16:03:59Z",
        "uri": "http://wayback.archive-it.org/all/20180125160359/https://www.ebay.com/itm/Hillary-Clinton-History-Made-Christmas-Tree-Ornament-/282268952168"
      },
      {
        "datetime": "2018-01-25T16:03:59Z",
        "uri": "http://web.archive.org/web/20180125160359/https://www.ebay.com/itm/Hillary-Clinton-History-Made-Christmas-Tree-Ornament-/282268952168"
      },
      {
        "datetime": "2018-01-25T21:55:19Z",
        "uri": "http://web.archive.org/web/20180125215519/http://www.ebay.com/itm/Hillary-Clinton-History-Made-Christmas-Tree-Ornament-/282268952168"
      }
    ],
    "first": {
      "datetime": "2017-02-24T10:24:11Z",
      "uri": "http://web.archive.org/web/20170224102411/http://www.ebay.com/itm/Hillary-Clinton-History-Made-Christmas-Tree-Ornament-/282268952168"
    },
    "last": {
      "datetime": "2018-01-25T21:55:19Z",
      "uri": "http://web.archive.org/web/20180125215519/http://www.ebay.com/itm/Hillary-Clinton-History-Made-Christmas-Tree-Ornament-/282268952168"
    }
  },
  "timemap_uri": {
    "link_format": "https://memgator.cs.odu.edu/timemap/link/http://www.ebay.com/itm/Hillary-Clinton-History-Made-Christmas-Tree-Ornament-/282268952168",
    "json_format": "https://memgator.cs.odu.edu/timemap/json/http://www.ebay.com/itm/Hillary-Clinton-History-Made-Christmas-Tree-Ornament-/282268952168",
    "cdxj_format": "https://memgator.cs.odu.edu/timemap/cdxj/http://www.ebay.com/itm/Hillary-Clinton-History-Made-Christmas-Tree-Ornament-/282268952168"
  },
  "timegate_uri": "https://memgator.cs.odu.edu/timegate/http://www.ebay.com/itm/Hillary-Clinton-History-Made-Christmas-Tree-Ornament-/282268952168"
}