{
  "original_uri": "http://www.shinkalion.com/news/367/",
  "self": "https://memgator.cs.odu.edu/timemap/json/http://www.shinkalion.com/news/367/",
  "mementos": {
    "list": [
      {
        "datetime": "2018-02-02T05:11:59Z",
        "uri": "http://web.archive.org/web/20180202051159/http://www.shinkalion.com/news/367/"
      },
      {
        "datetime": "2018-02-02T05:20:15Z",
        "uri": "http://web.archive.org/web/20180202052015/http://www.shinkalion.com/news/367/"
      },
      {
        "datetime": "2018-02-02T05:20:37Z",
        "uri": "http://archive.is/20180202052037/http://www.shinkalion.com/news/367/"
      },
      {
        "datetime": "2018-02-02T06:11:26Z",
        "uri": "http://web.archive.org/web/20180202061126/http://www.shinkalion.com/news/367/"
      },
      {
        "datetime": "2018-02-02T06:41:11Z",
        "uri": "http://web.archive.org/web/20180202064111/http://www.shinkalion.com/news/367/"
      },
      {
        "datetime": "2018-02-02T07:12:43Z",
        "uri": "http://web.archive.org/web/20180202071243/http://www.shinkalion.com/news/367/"
      },
      {
        "datetime": "2018-02-02T07:39:31Z",
        "uri": "http://web.archive.org/web/20180202073931/http://www.shinkalion.com/news/367/"
      },
      {
        "datetime": "2018-02-02T07:44:19Z",
        "uri": "http://web.archive.org/web/20180202074419/http://www.shinkalion.com/news/367/"
      },
      {
        "datetime": "2018-02-02T08:09:23Z",
        "uri": "http://web.archive.org/web/20180202080923/http://www.shinkalion.com/news/367/"
      },
      {
        "datetime": "2018-02-02T08:40:31Z",
        "uri": "http://web.archive.org/web/20180202084031/http://www.shinkalion.com/news/367/"
      },
      {
        "datetime": "2018-02-02T09:13:48Z",
        "uri": "http://web.archive.org/web/20180202091348/http://www.shinkalion.com/news/367/"
      },
      {
        "datetime": "2018-02-02T10:14:30Z",
        "uri": "http://web.archive.org/web/20180202101430/http://www.shinkalion.com/news/367/"
      },
      {
        "datetime": "2018-02-02T10:44:18Z",
        "uri": "http://web.archive.org/web/20180202104418/http://www.shinkalion.com/news/367/"
      },
      {
        "datetime": "2018-02-02T10:46:07Z",
        "uri": "http://web.archive.org/web/20180202104607/http://www.shinkalion.com/news/367/"
      },
      {
        "datetime": "2018-02-02T11:16:28Z",
        "uri": "http://web.archive.org/web/20180202111628/http://www.shinkalion.com/news/367/"
      },
      {
        "datetime": "2018-02-02T11:39:39Z",
        "uri": "http://web.archive.org/web/20180202113939/http://www.shinkalion.com/news/367/"
      },
      {
        "datetime": "2018-02-02T12:13:42Z",
        "uri": "http://web.archive.org/web/20180202121342/http://www.shinkalion.com/news/367/"
      },
      {
        "datetime": "2018-02-02T23:42:56Z",
        "uri": "http://web.archive.org/web/20180202234256/http://www.shinkalion.com/news/367/"
      },
      {
        "datetime": "2018-02-03T00:10:42Z",
        "uri": "http://web.archive.org/web/20180203001042/http://www.shinkalion.com/news/367/"
      },
      {
        "datetime": "2018-02-03T00:38:17Z",
        "uri": "http://web.archive.org/web/20180203003817/http://www.shinkalion.com/news/367/"
      },
      {
        "datetime": "2018-02-03T01:10:14Z",
        "uri": "http://web.archive.org/web/20180203011014/http://www.shinkalion.com/news/367/"
      },
      {
        "datetime": "2018-02-03T01:37:58Z",
        "uri": "http://web.archive.org/web/20180203013758/http://www.shinkalion.com/news/367/"
      },
      {
        "datetime": "2018-02-03T02:08:16Z",
        "uri": "http://web.archive.org/web/20180203020816/http://www.shinkalion.com/news/367/"
      }
    ],
    "first": {
      "datetime": "2018-02-02T05:11:59Z",
      "uri": "http://web.archive.org/web/20180202051159/http://www.shinkalion.com/news/367/"
    },
    "last": {
      "datetime": "2018-02-03T02:08:16Z",
      "uri": "http://web.archive.org/web/20180203020816/http://www.shinkalion.com/news/367/"
    }
  },
  "timemap_uri": {
    "link_format": "https://memgator.cs.odu.edu/timemap/link/http://www.shinkalion.com/news/367/",
    "json_format": "https://memgator.cs.odu.edu/timemap/json/http://www.shinkalion.com/news/367/",
    "cdxj_format": "https://memgator.cs.odu.edu/timemap/cdxj/http://www.shinkalion.com/news/367/"
  },
  "timegate_uri": "https://memgator.cs.odu.edu/timegate/http://www.shinkalion.com/news/367/"
}