{
  "original_uri": "https://www.alternet.org/news-amp-politics/congress-didnt-need-convincing-trump-mentally-unstable-yale-psychiatrist",
  "self": "https://memgator.cs.odu.edu/timemap/json/https://www.alternet.org/news-amp-politics/congress-didnt-need-convincing-trump-mentally-unstable-yale-psychiatrist",
  "mementos": {
    "list": [
      {
        "datetime": "2018-02-01T16:37:26Z",
        "uri": "http://web.archive.org/web/20180201163726/https://www.alternet.org/news-amp-politics/congress-didnt-need-convincing-trump-mentally-unstable-yale-psychiatrist"
      },
      {
        "datetime": "2018-02-01T17:58:16Z",
        "uri": "http://web.archive.org/web/20180201175816/http://www.alternet.org/news-amp-politics/congress-didnt-need-convincing-trump-mentally-unstable-yale-psychiatrist"
      },
      {
        "datetime": "2018-02-04T05:39:04Z",
        "uri": "http://web.archive.org/web/20180204053904/https://www.alternet.org/news-amp-politics/congress-didnt-need-convincing-trump-mentally-unstable-yale-psychiatrist"
      }
    ],
    "first": {
      "datetime": "2018-02-01T16:37:26Z",
      "uri": "http://web.archive.org/web/20180201163726/https://www.alternet.org/news-amp-politics/congress-didnt-need-convincing-trump-mentally-unstable-yale-psychiatrist"
    },
    "last": {
      "datetime": "2018-02-04T05:39:04Z",
      "uri": "http://web.archive.org/web/20180204053904/https://www.alternet.org/news-amp-politics/congress-didnt-need-convincing-trump-mentally-unstable-yale-psychiatrist"
    }
  },
  "timemap_uri": {
    "link_format": "https://memgator.cs.odu.edu/timemap/link/https://www.alternet.org/news-amp-politics/congress-didnt-need-convincing-trump-mentally-unstable-yale-psychiatrist",
    "json_format": "https://memgator.cs.odu.edu/timemap/json/https://www.alternet.org/news-amp-politics/congress-didnt-need-convincing-trump-mentally-unstable-yale-psychiatrist",
    "cdxj_format": "https://memgator.cs.odu.edu/timemap/cdxj/https://www.alternet.org/news-amp-politics/congress-didnt-need-convincing-trump-mentally-unstable-yale-psychiatrist"
  },
  "timegate_uri": "https://memgator.cs.odu.edu/timegate/https://www.alternet.org/news-amp-politics/congress-didnt-need-convincing-trump-mentally-unstable-yale-psychiatrist"
}