{
  "original_uri": "https://www.etsy.com/ca/listing/509540893/donald-trump-trump-donald-trump-mug",
  "self": "https://memgator.cs.odu.edu/timemap/json/https://www.etsy.com/ca/listing/509540893/donald-trump-trump-donald-trump-mug",
  "mementos": {
    "list": [
      {
        "datetime": "2018-01-24T22:12:26Z",
        "uri": "http://web.archive.org/web/20180124221226/https://www.etsy.com/ca/listing/509540893/donald-trump-trump-donald-trump-mug"
      },
      {
        "datetime": "2018-01-24T22:12:26Z",
        "uri": "http://wayback.archive-it.org/all/20180124221226/https://www.etsy.com/ca/listing/509540893/donald-trump-trump-donald-trump-mug"
      },
      {
        "datetime": "2018-01-25T00:36:33Z",
        "uri": "http://web.archive.org/web/20180125003633/https://www.etsy.com/ca/listing/509540893/donald-trump-trump-donald-trump-mug"
      },
      {
        "datetime": "2018-01-25T00:36:33Z",
        "uri": "http://wayback.archive-it.org/all/20180125003633/https://www.etsy.com/ca/listing/509540893/donald-trump-trump-donald-trump-mug"
      },
      {
        "datetime": "2018-01-25T02:28:44Z",
        "uri": "http://web.archive.org/web/20180125022844/https://www.etsy.com/ca/listing/509540893/donald-trump-trump-donald-trump-mug"
      },
      {
        "datetime": "2018-01-25T02:28:44Z",
        "uri": "http://wayback.archive-it.org/all/20180125022844/https://www.etsy.com/ca/listing/509540893/donald-trump-trump-donald-trump-mug"
      },
      {
        "datetime": "2018-01-25T02:50:19Z",
        "uri": "http://web.archive.org/web/20180125025019/https://www.etsy.com/ca/listing/509540893/donald-trump-trump-donald-trump-mug"
      },
      {
        "datetime": "2018-01-25T02:50:19Z",
        "uri": "http://wayback.archive-it.org/all/20180125025019/https://www.etsy.com/ca/listing/509540893/donald-trump-trump-donald-trump-mug"
      },
      {
        "datetime": "2018-01-25T13:16:49Z",
        "uri": "http://web.archive.org/web/20180125131649/http://www.etsy.com/ca/listing/509540893/donald-trump-trump-donald-trump-mug"
      },
      {
        "datetime": "2018-01-25T13:16:49Z",
        "uri": "http://wayback.archive-it.org/all/20180125131649/http://www.etsy.com/ca/listing/509540893/donald-trump-trump-donald-trump-mug"
      },
      {
        "datetime": "2018-01-25T14:02:51Z",
        "uri": "http://web.archive.org/web/20180125140251/http://www.etsy.com/ca/listing/509540893/donald-trump-trump-donald-trump-mug"
      },
      {
        "datetime": "2018-01-25T14:02:51Z",
        "uri": "http://wayback.archive-it.org/all/20180125140251/http://www.etsy.com/ca/listing/509540893/donald-trump-trump-donald-trump-mug"
      }
    ],
    "first": {
      "datetime": "2018-01-24T22:12:26Z",
      "uri": "http://web.archive.org/web/20180124221226/https://www.etsy.com/ca/listing/509540893/donald-trump-trump-donald-trump-mug"
    },
    "last": {
      "datetime": "2018-01-25T14:02:51Z",
      "uri": "http://wayback.archive-it.org/all/20180125140251/http://www.etsy.com/ca/listing/509540893/donald-trump-trump-donald-trump-mug"
    }
  },
  "timemap_uri": {
    "link_format": "https://memgator.cs.odu.edu/timemap/link/https://www.etsy.com/ca/listing/509540893/donald-trump-trump-donald-trump-mug",
    "json_format": "https://memgator.cs.odu.edu/timemap/json/https://www.etsy.com/ca/listing/509540893/donald-trump-trump-donald-trump-mug",
    "cdxj_format": "https://memgator.cs.odu.edu/timemap/cdxj/https://www.etsy.com/ca/listing/509540893/donald-trump-trump-donald-trump-mug"
  },
  "timegate_uri": "https://memgator.cs.odu.edu/timegate/https://www.etsy.com/ca/listing/509540893/donald-trump-trump-donald-trump-mug"
}