{
  "original_uri": "http://www.fox2detroit.com/news/local-news/man-slams-into-gas-pump-during-detroit-police-chase",
  "self": "https://memgator.cs.odu.edu/timemap/json/http://www.fox2detroit.com/news/local-news/man-slams-into-gas-pump-during-detroit-police-chase",
  "mementos": {
    "list": [
      {
        "datetime": "2018-02-02T03:30:57Z",
        "uri": "http://web.archive.org/web/20180202033057/http://www.fox2detroit.com/news/local-news/man-slams-into-gas-pump-during-detroit-police-chase"
      }
    ],
    "first": {
      "datetime": "2018-02-02T03:30:57Z",
      "uri": "http://web.archive.org/web/20180202033057/http://www.fox2detroit.com/news/local-news/man-slams-into-gas-pump-during-detroit-police-chase"
    },
    "last": {
      "datetime": "2018-02-02T03:30:57Z",
      "uri": "http://web.archive.org/web/20180202033057/http://www.fox2detroit.com/news/local-news/man-slams-into-gas-pump-during-detroit-police-chase"
    }
  },
  "timemap_uri": {
    "link_format": "https://memgator.cs.odu.edu/timemap/link/http://www.fox2detroit.com/news/local-news/man-slams-into-gas-pump-during-detroit-police-chase",
    "json_format": "https://memgator.cs.odu.edu/timemap/json/http://www.fox2detroit.com/news/local-news/man-slams-into-gas-pump-during-detroit-police-chase",
    "cdxj_format": "https://memgator.cs.odu.edu/timemap/cdxj/http://www.fox2detroit.com/news/local-news/man-slams-into-gas-pump-during-detroit-police-chase"
  },
  "timegate_uri": "https://memgator.cs.odu.edu/timegate/http://www.fox2detroit.com/news/local-news/man-slams-into-gas-pump-during-detroit-police-chase"
}