{
  "original_uri": "http://www.ebay.com/itm/StandwithPP-like-Hillary-Clinton-DECAL-UniteBlue-/281919534757?var=580891783264",
  "self": "https://memgator.cs.odu.edu/timemap/json/http://www.ebay.com/itm/StandwithPP-like-Hillary-Clinton-DECAL-UniteBlue-/281919534757?var=580891783264",
  "mementos": {
    "list": [
      {
        "datetime": "2017-02-24T10:26:06Z",
        "uri": "http://web.archive.org/web/20170224102606/http://www.ebay.com/itm/StandwithPP-like-Hillary-Clinton-DECAL-UniteBlue-/281919534757?var=580891783264"
      },
      {
        "datetime": "2018-01-25T03:33:46Z",
        "uri": "http://wayback.archive-it.org/all/20180125033346/http://www.ebay.com/itm/StandwithPP-like-Hillary-Clinton-DECAL-UniteBlue-/281919534757?var=580891783264"
      },
      {
        "datetime": "2018-01-25T03:33:46Z",
        "uri": "http://web.archive.org/web/20180125033346/http://www.ebay.com/itm/StandwithPP-like-Hillary-Clinton-DECAL-UniteBlue-/281919534757?var=580891783264"
      },
      {
        "datetime": "2018-01-25T04:39:38Z",
        "uri": "http://wayback.archive-it.org/all/20180125043938/http://www.ebay.com/itm/StandwithPP-like-Hillary-Clinton-DECAL-UniteBlue-/281919534757?var=580891783264"
      },
      {
        "datetime": "2018-01-25T04:39:38Z",
        "uri": "http://web.archive.org/web/20180125043938/http://www.ebay.com/itm/StandwithPP-like-Hillary-Clinton-DECAL-UniteBlue-/281919534757?var=580891783264"
      },
      {
        "datetime": "2018-01-25T10:57:43Z",
        "uri": "http://wayback.archive-it.org/all/20180125105743/http://www.ebay.com/itm/StandwithPP-like-Hillary-Clinton-DECAL-UniteBlue-/281919534757?var=580891783264"
      },
      {
        "datetime": "2018-01-25T10:57:43Z",
        "uri": "http://web.archive.org/web/20180125105743/http://www.ebay.com/itm/StandwithPP-like-Hillary-Clinton-DECAL-UniteBlue-/281919534757?var=580891783264"
      },
      {
        "datetime": "2018-01-25T13:34:14Z",
        "uri": "http://wayback.archive-it.org/all/20180125133414/https://www.ebay.com/itm/StandwithPP-like-Hillary-Clinton-DECAL-UniteBlue-/281919534757?var=580891783264"
      },
      {
        "datetime": "2018-01-25T13:34:14Z",
        "uri": "http://web.archive.org/web/20180125133414/https://www.ebay.com/itm/StandwithPP-like-Hillary-Clinton-DECAL-UniteBlue-/281919534757?var=580891783264"
      },
      {
        "datetime": "2018-01-25T16:27:48Z",
        "uri": "http://wayback.archive-it.org/all/20180125162748/https://www.ebay.com/itm/StandwithPP-like-Hillary-Clinton-DECAL-UniteBlue-/281919534757?var=580891783264"
      },
      {
        "datetime": "2018-01-25T16:27:48Z",
        "uri": "http://web.archive.org/web/20180125162748/https://www.ebay.com/itm/StandwithPP-like-Hillary-Clinton-DECAL-UniteBlue-/281919534757?var=580891783264"
      },
      {
        "datetime": "2018-01-29T10:04:35Z",
        "uri": "http://web.archive.org/web/20180129100435/http://www.ebay.com/itm/StandwithPP-like-Hillary-Clinton-DECAL-UniteBlue-/281919534757?var=580891783264"
      }
    ],
    "first": {
      "datetime": "2017-02-24T10:26:06Z",
      "uri": "http://web.archive.org/web/20170224102606/http://www.ebay.com/itm/StandwithPP-like-Hillary-Clinton-DECAL-UniteBlue-/281919534757?var=580891783264"
    },
    "last": {
      "datetime": "2018-01-29T10:04:35Z",
      "uri": "http://web.archive.org/web/20180129100435/http://www.ebay.com/itm/StandwithPP-like-Hillary-Clinton-DECAL-UniteBlue-/281919534757?var=580891783264"
    }
  },
  "timemap_uri": {
    "link_format": "https://memgator.cs.odu.edu/timemap/link/http://www.ebay.com/itm/StandwithPP-like-Hillary-Clinton-DECAL-UniteBlue-/281919534757?var=580891783264",
    "json_format": "https://memgator.cs.odu.edu/timemap/json/http://www.ebay.com/itm/StandwithPP-like-Hillary-Clinton-DECAL-UniteBlue-/281919534757?var=580891783264",
    "cdxj_format": "https://memgator.cs.odu.edu/timemap/cdxj/http://www.ebay.com/itm/StandwithPP-like-Hillary-Clinton-DECAL-UniteBlue-/281919534757?var=580891783264"
  },
  "timegate_uri": "https://memgator.cs.odu.edu/timegate/http://www.ebay.com/itm/StandwithPP-like-Hillary-Clinton-DECAL-UniteBlue-/281919534757?var=580891783264"
}