{
  "original_uri": "http://www.washingtonexaminer.com/this-tweet-says-much-more-about-msnbcs-joy-reid-than-it-does-donald-trump/article/2647647",
  "self": "https://memgator.cs.odu.edu/timemap/json/http://www.washingtonexaminer.com/this-tweet-says-much-more-about-msnbcs-joy-reid-than-it-does-donald-trump/article/2647647",
  "mementos": {
    "list": [
      {
        "datetime": "2018-01-31T08:39:06Z",
        "uri": "http://web.archive.org/web/20180131083906/http://www.washingtonexaminer.com/this-tweet-says-much-more-about-msnbcs-joy-reid-than-it-does-donald-trump/article/2647647"
      },
      {
        "datetime": "2018-01-31T16:55:34Z",
        "uri": "http://web.archive.org/web/20180131165534/http://www.washingtonexaminer.com/this-tweet-says-much-more-about-msnbcs-joy-reid-than-it-does-donald-trump/article/2647647"
      },
      {
        "datetime": "2018-01-31T21:23:40Z",
        "uri": "http://web.archive.org/web/20180131212340/http://www.washingtonexaminer.com/this-tweet-says-much-more-about-msnbcs-joy-reid-than-it-does-donald-trump/article/2647647"
      },
      {
        "datetime": "2018-02-02T21:05:32Z",
        "uri": "http://web.archive.org/web/20180202210532/http://www.washingtonexaminer.com/this-tweet-says-much-more-about-msnbcs-joy-reid-than-it-does-donald-trump/article/2647647"
      },
      {
        "datetime": "2018-02-04T22:05:11Z",
        "uri": "http://web.archive.org/web/20180204220511/http://www.washingtonexaminer.com/this-tweet-says-much-more-about-msnbcs-joy-reid-than-it-does-donald-trump/article/2647647"
      },
      {
        "datetime": "2018-02-05T03:03:41Z",
        "uri": "http://wayback.archive-it.org/all/20180205030341/http://www.washingtonexaminer.com/this-tweet-says-much-more-about-msnbcs-joy-reid-than-it-does-donald-trump/article/2647647"
      },
      {
        "datetime": "2018-02-05T03:03:41Z",
        "uri": "http://web.archive.org/web/20180205030341/http://www.washingtonexaminer.com/this-tweet-says-much-more-about-msnbcs-joy-reid-than-it-does-donald-trump/article/2647647"
      },
      {
        "datetime": "2018-02-05T21:29:26Z",
        "uri": "http://web.archive.org/web/20180205212926/http://www.washingtonexaminer.com/this-tweet-says-much-more-about-msnbcs-joy-reid-than-it-does-donald-trump/article/2647647"
      }
    ],
    "first": {
      "datetime": "2018-01-31T08:39:06Z",
      "uri": "http://web.archive.org/web/20180131083906/http://www.washingtonexaminer.com/this-tweet-says-much-more-about-msnbcs-joy-reid-than-it-does-donald-trump/article/2647647"
    },
    "last": {
      "datetime": "2018-02-05T21:29:26Z",
      "uri": "http://web.archive.org/web/20180205212926/http://www.washingtonexaminer.com/this-tweet-says-much-more-about-msnbcs-joy-reid-than-it-does-donald-trump/article/2647647"
    }
  },
  "timemap_uri": {
    "link_format": "https://memgator.cs.odu.edu/timemap/link/http://www.washingtonexaminer.com/this-tweet-says-much-more-about-msnbcs-joy-reid-than-it-does-donald-trump/article/2647647",
    "json_format": "https://memgator.cs.odu.edu/timemap/json/http://www.washingtonexaminer.com/this-tweet-says-much-more-about-msnbcs-joy-reid-than-it-does-donald-trump/article/2647647",
    "cdxj_format": "https://memgator.cs.odu.edu/timemap/cdxj/http://www.washingtonexaminer.com/this-tweet-says-much-more-about-msnbcs-joy-reid-than-it-does-donald-trump/article/2647647"
  },
  "timegate_uri": "https://memgator.cs.odu.edu/timegate/http://www.washingtonexaminer.com/this-tweet-says-much-more-about-msnbcs-joy-reid-than-it-does-donald-trump/article/2647647"
}