{
  "original_uri": "https://itunes.apple.com/jp/app/strobe-video-rt/id1223792821",
  "self": "https://memgator.cs.odu.edu/timemap/json/https://itunes.apple.com/jp/app/strobe-video-rt/id1223792821",
  "mementos": {
    "list": [
      {
        "datetime": "2017-09-06T05:08:04Z",
        "uri": "http://web.archive.org/web/20170906050804/https://itunes.apple.com/jp/app/strobe-video-rt/id1223792821"
      }
    ],
    "first": {
      "datetime": "2017-09-06T05:08:04Z",
      "uri": "http://web.archive.org/web/20170906050804/https://itunes.apple.com/jp/app/strobe-video-rt/id1223792821"
    },
    "last": {
      "datetime": "2017-09-06T05:08:04Z",
      "uri": "http://web.archive.org/web/20170906050804/https://itunes.apple.com/jp/app/strobe-video-rt/id1223792821"
    }
  },
  "timemap_uri": {
    "link_format": "https://memgator.cs.odu.edu/timemap/link/https://itunes.apple.com/jp/app/strobe-video-rt/id1223792821",
    "json_format": "https://memgator.cs.odu.edu/timemap/json/https://itunes.apple.com/jp/app/strobe-video-rt/id1223792821",
    "cdxj_format": "https://memgator.cs.odu.edu/timemap/cdxj/https://itunes.apple.com/jp/app/strobe-video-rt/id1223792821"
  },
  "timegate_uri": "https://memgator.cs.odu.edu/timegate/https://itunes.apple.com/jp/app/strobe-video-rt/id1223792821"
}