{
  "original_uri": "https://www.investors.com/news/technology/microsoft-quarterly-results-impress-analysts-but-not-investors/",
  "self": "https://memgator.cs.odu.edu/timemap/json/https://www.investors.com/news/technology/microsoft-quarterly-results-impress-analysts-but-not-investors/",
  "mementos": {
    "list": [
      {
        "datetime": "2018-02-01T17:57:55Z",
        "uri": "http://web.archive.org/web/20180201175755/https://www.investors.com/news/technology/microsoft-quarterly-results-impress-analysts-but-not-investors/"
      },
      {
        "datetime": "2018-02-01T19:20:17Z",
        "uri": "http://web.archive.org/web/20180201192017/https://www.investors.com/news/technology/microsoft-quarterly-results-impress-analysts-but-not-investors/"
      }
    ],
    "first": {
      "datetime": "2018-02-01T17:57:55Z",
      "uri": "http://web.archive.org/web/20180201175755/https://www.investors.com/news/technology/microsoft-quarterly-results-impress-analysts-but-not-investors/"
    },
    "last": {
      "datetime": "2018-02-01T19:20:17Z",
      "uri": "http://web.archive.org/web/20180201192017/https://www.investors.com/news/technology/microsoft-quarterly-results-impress-analysts-but-not-investors/"
    }
  },
  "timemap_uri": {
    "link_format": "https://memgator.cs.odu.edu/timemap/link/https://www.investors.com/news/technology/microsoft-quarterly-results-impress-analysts-but-not-investors/",
    "json_format": "https://memgator.cs.odu.edu/timemap/json/https://www.investors.com/news/technology/microsoft-quarterly-results-impress-analysts-but-not-investors/",
    "cdxj_format": "https://memgator.cs.odu.edu/timemap/cdxj/https://www.investors.com/news/technology/microsoft-quarterly-results-impress-analysts-but-not-investors/"
  },
  "timegate_uri": "https://memgator.cs.odu.edu/timegate/https://www.investors.com/news/technology/microsoft-quarterly-results-impress-analysts-but-not-investors/"
}