{
  "original_uri": "http://www.lifenews.com/2016/10/27/hillary-clinton-protected-foreign-criminals-who-own-company-buying-baby-parts-from-planned-parenthood/",
  "self": "https://memgator.cs.odu.edu/timemap/json/http://www.lifenews.com/2016/10/27/hillary-clinton-protected-foreign-criminals-who-own-company-buying-baby-parts-from-planned-parenthood/",
  "mementos": {
    "list": [
      {
        "datetime": "2016-10-28T13:10:08Z",
        "uri": "http://web.archive.org/web/20161028131008/http://www.lifenews.com/2016/10/27/hillary-clinton-protected-foreign-criminals-who-own-company-buying-baby-parts-from-planned-parenthood/"
      },
      {
        "datetime": "2017-01-07T10:03:39Z",
        "uri": "http://web.archive.org/web/20170107100339/http://www.lifenews.com/2016/10/27/hillary-clinton-protected-foreign-criminals-who-own-company-buying-baby-parts-from-planned-parenthood/"
      },
      {
        "datetime": "2017-06-27T17:25:39Z",
        "uri": "http://archive.is/20170627172539/http://www.lifenews.com/2016/10/27/hillary-clinton-protected-foreign-criminals-who-own-company-buying-baby-parts-from-planned-parenthood/"
      },
      {
        "datetime": "2017-12-12T21:08:56Z",
        "uri": "http://archive.is/20171212210856/http://www.lifenews.com/2016/10/27/hillary-clinton-protected-foreign-criminals-who-own-company-buying-baby-parts-from-planned-parenthood/"
      },
      {
        "datetime": "2018-01-10T21:19:53Z",
        "uri": "http://web.archive.org/web/20180110211953/http://www.lifenews.com/2016/10/27/hillary-clinton-protected-foreign-criminals-who-own-company-buying-baby-parts-from-planned-parenthood/"
      }
    ],
    "first": {
      "datetime": "2016-10-28T13:10:08Z",
      "uri": "http://web.archive.org/web/20161028131008/http://www.lifenews.com/2016/10/27/hillary-clinton-protected-foreign-criminals-who-own-company-buying-baby-parts-from-planned-parenthood/"
    },
    "last": {
      "datetime": "2018-01-10T21:19:53Z",
      "uri": "http://web.archive.org/web/20180110211953/http://www.lifenews.com/2016/10/27/hillary-clinton-protected-foreign-criminals-who-own-company-buying-baby-parts-from-planned-parenthood/"
    }
  },
  "timemap_uri": {
    "link_format": "https://memgator.cs.odu.edu/timemap/link/http://www.lifenews.com/2016/10/27/hillary-clinton-protected-foreign-criminals-who-own-company-buying-baby-parts-from-planned-parenthood/",
    "json_format": "https://memgator.cs.odu.edu/timemap/json/http://www.lifenews.com/2016/10/27/hillary-clinton-protected-foreign-criminals-who-own-company-buying-baby-parts-from-planned-parenthood/",
    "cdxj_format": "https://memgator.cs.odu.edu/timemap/cdxj/http://www.lifenews.com/2016/10/27/hillary-clinton-protected-foreign-criminals-who-own-company-buying-baby-parts-from-planned-parenthood/"
  },
  "timegate_uri": "https://memgator.cs.odu.edu/timegate/http://www.lifenews.com/2016/10/27/hillary-clinton-protected-foreign-criminals-who-own-company-buying-baby-parts-from-planned-parenthood/"
}