{
  "original_uri": "http://www.lameta809.com/",
  "self": "https://memgator.cs.odu.edu/timemap/json/http://www.lameta809.com/",
  "mementos": {
    "list": [
      {
        "datetime": "2015-12-27T01:29:39Z",
        "uri": "http://web.archive.org/web/20151227012939/http://www.lameta809.com:80/"
      },
      {
        "datetime": "2016-01-26T14:25:38Z",
        "uri": "http://web.archive.org/web/20160126142538/http://www.lameta809.com:80/"
      },
      {
        "datetime": "2016-02-26T14:17:37Z",
        "uri": "http://web.archive.org/web/20160226141737/http://www.lameta809.com:80/"
      },
      {
        "datetime": "2016-03-29T17:10:20Z",
        "uri": "http://web.archive.org/web/20160329171020/http://www.lameta809.com:80/"
      },
      {
        "datetime": "2016-08-28T11:28:29Z",
        "uri": "http://web.archive.org/web/20160828112829/http://www.lameta809.com/"
      },
      {
        "datetime": "2016-10-12T17:11:15Z",
        "uri": "http://web.archive.org/web/20161012171115/http://www.lameta809.com:80/"
      },
      {
        "datetime": "2016-10-14T00:04:57Z",
        "uri": "http://web.archive.org/web/20161014000457/http://www.lameta809.com:80/"
      },
      {
        "datetime": "2016-11-14T22:07:51Z",
        "uri": "http://web.archive.org/web/20161114220751/http://www.lameta809.com:80/"
      },
      {
        "datetime": "2017-01-24T21:12:42Z",
        "uri": "http://web.archive.org/web/20170124211242/http://www.lameta809.com:80/"
      },
      {
        "datetime": "2017-05-13T19:27:24Z",
        "uri": "http://web.archive.org/web/20170513192724/http://www.lameta809.com:80/"
      },
      {
        "datetime": "2017-06-13T15:56:05Z",
        "uri": "http://web.archive.org/web/20170613155605/http://www.lameta809.com:80/"
      },
      {
        "datetime": "2017-06-26T10:27:25Z",
        "uri": "http://web.archive.org/web/20170626102725/http://lameta809.com/"
      },
      {
        "datetime": "2017-07-15T21:37:35Z",
        "uri": "http://web.archive.org/web/20170715213735/http://www.lameta809.com:80/"
      },
      {
        "datetime": "2017-09-03T18:58:24Z",
        "uri": "http://web.archive.org/web/20170903185824/http://lameta809.com/"
      },
      {
        "datetime": "2017-09-03T21:58:44Z",
        "uri": "http://web.archive.org/web/20170903215844/http://www.lameta809.com/"
      },
      {
        "datetime": "2017-10-17T03:07:11Z",
        "uri": "http://web.archive.org/web/20171017030711/http://www.lameta809.com/"
      },
      {
        "datetime": "2017-11-15T16:52:55Z",
        "uri": "http://web.archive.org/web/20171115165255/http://www.lameta809.com/"
      },
      {
        "datetime": "2018-01-21T06:08:26Z",
        "uri": "http://web.archive.org/web/20180121060826/http://lameta809.com/"
      }
    ],
    "first": {
      "datetime": "2015-12-27T01:29:39Z",
      "uri": "http://web.archive.org/web/20151227012939/http://www.lameta809.com:80/"
    },
    "last": {
      "datetime": "2018-01-21T06:08:26Z",
      "uri": "http://web.archive.org/web/20180121060826/http://lameta809.com/"
    }
  },
  "timemap_uri": {
    "link_format": "https://memgator.cs.odu.edu/timemap/link/http://www.lameta809.com/",
    "json_format": "https://memgator.cs.odu.edu/timemap/json/http://www.lameta809.com/",
    "cdxj_format": "https://memgator.cs.odu.edu/timemap/cdxj/http://www.lameta809.com/"
  },
  "timegate_uri": "https://memgator.cs.odu.edu/timegate/http://www.lameta809.com/"
}