{
  "original_uri": "https://listen.radioking.com/radio/128677/stream/168499",
  "self": "https://memgator.cs.odu.edu/timemap/json/https://listen.radioking.com/radio/128677/stream/168499",
  "mementos": {
    "list": [
      {
        "datetime": "2018-02-02T11:55:34Z",
        "uri": "http://web.archive.org/web/20180202115534/https://listen.radioking.com/radio/128677/stream/168499"
      },
      {
        "datetime": "2018-02-02T21:08:48Z",
        "uri": "http://web.archive.org/web/20180202210848/https://listen.radioking.com/radio/128677/stream/168499"
      }
    ],
    "first": {
      "datetime": "2018-02-02T11:55:34Z",
      "uri": "http://web.archive.org/web/20180202115534/https://listen.radioking.com/radio/128677/stream/168499"
    },
    "last": {
      "datetime": "2018-02-02T21:08:48Z",
      "uri": "http://web.archive.org/web/20180202210848/https://listen.radioking.com/radio/128677/stream/168499"
    }
  },
  "timemap_uri": {
    "link_format": "https://memgator.cs.odu.edu/timemap/link/https://listen.radioking.com/radio/128677/stream/168499",
    "json_format": "https://memgator.cs.odu.edu/timemap/json/https://listen.radioking.com/radio/128677/stream/168499",
    "cdxj_format": "https://memgator.cs.odu.edu/timemap/cdxj/https://listen.radioking.com/radio/128677/stream/168499"
  },
  "timegate_uri": "https://memgator.cs.odu.edu/timegate/https://listen.radioking.com/radio/128677/stream/168499"
}