{
  "original_uri": "https://www.soompi.com/2018/01/31/bts-wanna-ones-kang-daniel-kim-tae-ri-top-forbes-koreas-2030-power-leaders-list/",
  "self": "https://memgator.cs.odu.edu/timemap/json/https://www.soompi.com/2018/01/31/bts-wanna-ones-kang-daniel-kim-tae-ri-top-forbes-koreas-2030-power-leaders-list/",
  "mementos": {
    "list": [
      {
        "datetime": "2018-02-01T10:39:53Z",
        "uri": "http://web.archive.org/web/20180201103953/https://www.soompi.com/2018/01/31/bts-wanna-ones-kang-daniel-kim-tae-ri-top-forbes-koreas-2030-power-leaders-list/"
      }
    ],
    "first": {
      "datetime": "2018-02-01T10:39:53Z",
      "uri": "http://web.archive.org/web/20180201103953/https://www.soompi.com/2018/01/31/bts-wanna-ones-kang-daniel-kim-tae-ri-top-forbes-koreas-2030-power-leaders-list/"
    },
    "last": {
      "datetime": "2018-02-01T10:39:53Z",
      "uri": "http://web.archive.org/web/20180201103953/https://www.soompi.com/2018/01/31/bts-wanna-ones-kang-daniel-kim-tae-ri-top-forbes-koreas-2030-power-leaders-list/"
    }
  },
  "timemap_uri": {
    "link_format": "https://memgator.cs.odu.edu/timemap/link/https://www.soompi.com/2018/01/31/bts-wanna-ones-kang-daniel-kim-tae-ri-top-forbes-koreas-2030-power-leaders-list/",
    "json_format": "https://memgator.cs.odu.edu/timemap/json/https://www.soompi.com/2018/01/31/bts-wanna-ones-kang-daniel-kim-tae-ri-top-forbes-koreas-2030-power-leaders-list/",
    "cdxj_format": "https://memgator.cs.odu.edu/timemap/cdxj/https://www.soompi.com/2018/01/31/bts-wanna-ones-kang-daniel-kim-tae-ri-top-forbes-koreas-2030-power-leaders-list/"
  },
  "timegate_uri": "https://memgator.cs.odu.edu/timegate/https://www.soompi.com/2018/01/31/bts-wanna-ones-kang-daniel-kim-tae-ri-top-forbes-koreas-2030-power-leaders-list/"
}