{
  "original_uri": "http://v.media.daum.net/v/20180202044648584",
  "self": "https://memgator.cs.odu.edu/timemap/json/http://v.media.daum.net/v/20180202044648584",
  "mementos": {
    "list": [
      {
        "datetime": "2018-02-02T01:12:33Z",
        "uri": "http://archive.is/20180202011233/http://v.media.daum.net/v/20180202044648584"
      }
    ],
    "first": {
      "datetime": "2018-02-02T01:12:33Z",
      "uri": "http://archive.is/20180202011233/http://v.media.daum.net/v/20180202044648584"
    },
    "last": {
      "datetime": "2018-02-02T01:12:33Z",
      "uri": "http://archive.is/20180202011233/http://v.media.daum.net/v/20180202044648584"
    }
  },
  "timemap_uri": {
    "link_format": "https://memgator.cs.odu.edu/timemap/link/http://v.media.daum.net/v/20180202044648584",
    "json_format": "https://memgator.cs.odu.edu/timemap/json/http://v.media.daum.net/v/20180202044648584",
    "cdxj_format": "https://memgator.cs.odu.edu/timemap/cdxj/http://v.media.daum.net/v/20180202044648584"
  },
  "timegate_uri": "https://memgator.cs.odu.edu/timegate/http://v.media.daum.net/v/20180202044648584"
}