{
  "original_uri": "https://tacticalinvestor.com/trump-hillary-worst-biggest-loser-time/",
  "self": "https://memgator.cs.odu.edu/timemap/json/https://tacticalinvestor.com/trump-hillary-worst-biggest-loser-time/",
  "mementos": {
    "list": [
      {
        "datetime": "2018-02-02T22:02:21Z",
        "uri": "http://web.archive.org/web/20180202220221/https://tacticalinvestor.com/trump-hillary-worst-biggest-loser-time"
      },
      {
        "datetime": "2018-02-02T22:13:58Z",
        "uri": "http://web.archive.org/web/20180202221358/https://tacticalinvestor.com/trump-hillary-worst-biggest-loser-time/"
      }
    ],
    "first": {
      "datetime": "2018-02-02T22:02:21Z",
      "uri": "http://web.archive.org/web/20180202220221/https://tacticalinvestor.com/trump-hillary-worst-biggest-loser-time"
    },
    "last": {
      "datetime": "2018-02-02T22:13:58Z",
      "uri": "http://web.archive.org/web/20180202221358/https://tacticalinvestor.com/trump-hillary-worst-biggest-loser-time/"
    }
  },
  "timemap_uri": {
    "link_format": "https://memgator.cs.odu.edu/timemap/link/https://tacticalinvestor.com/trump-hillary-worst-biggest-loser-time/",
    "json_format": "https://memgator.cs.odu.edu/timemap/json/https://tacticalinvestor.com/trump-hillary-worst-biggest-loser-time/",
    "cdxj_format": "https://memgator.cs.odu.edu/timemap/cdxj/https://tacticalinvestor.com/trump-hillary-worst-biggest-loser-time/"
  },
  "timegate_uri": "https://memgator.cs.odu.edu/timegate/https://tacticalinvestor.com/trump-hillary-worst-biggest-loser-time/"
}