{
  "original_uri": "http://time.com/money/4554617/hillary-clinton-wall-street-backers-election/",
  "self": "https://memgator.cs.odu.edu/timemap/json/http://time.com/money/4554617/hillary-clinton-wall-street-backers-election/",
  "mementos": {
    "list": [
      {
        "datetime": "2016-11-11T15:03:53Z",
        "uri": "http://web.archive.org/web/20161111150353/http://time.com/money/4554617/hillary-clinton-wall-street-backers-election/"
      },
      {
        "datetime": "2016-11-14T06:32:57Z",
        "uri": "http://web.archive.org/web/20161114063257/http://time.com/money/4554617/hillary-clinton-wall-street-backers-election/"
      },
      {
        "datetime": "2016-11-15T16:05:16Z",
        "uri": "http://web.archive.org/web/20161115160516/http://time.com/money/4554617/hillary-clinton-wall-street-backers-election/"
      },
      {
        "datetime": "2016-11-19T15:11:19Z",
        "uri": "http://web.archive.org/web/20161119151119/http://time.com/money/4554617/hillary-clinton-wall-street-backers-election/"
      },
      {
        "datetime": "2016-11-21T18:07:45Z",
        "uri": "http://web.archive.org/web/20161121180745/http://time.com/money/4554617/hillary-clinton-wall-street-backers-election/"
      },
      {
        "datetime": "2016-12-01T08:30:09Z",
        "uri": "http://web.archive.org/web/20161201083009/http://time.com/money/4554617/hillary-clinton-wall-street-backers-election/"
      },
      {
        "datetime": "2016-12-01T17:49:56Z",
        "uri": "http://web.archive.org/web/20161201174956/http://time.com/money/4554617/hillary-clinton-wall-street-backers-election/"
      },
      {
        "datetime": "2016-12-02T18:02:13Z",
        "uri": "http://web.archive.org/web/20161202180213/http://time.com/money/4554617/hillary-clinton-wall-street-backers-election/"
      },
      {
        "datetime": "2016-12-03T19:35:31Z",
        "uri": "http://web.archive.org/web/20161203193531/http://time.com/money/4554617/hillary-clinton-wall-street-backers-election/"
      },
      {
        "datetime": "2016-12-04T17:42:16Z",
        "uri": "http://web.archive.org/web/20161204174216/http://time.com/money/4554617/hillary-clinton-wall-street-backers-election/"
      },
      {
        "datetime": "2016-12-05T18:54:22Z",
        "uri": "http://web.archive.org/web/20161205185422/http://time.com/money/4554617/hillary-clinton-wall-street-backers-election/"
      },
      {
        "datetime": "2016-12-06T19:42:10Z",
        "uri": "http://web.archive.org/web/20161206194210/http://time.com/money/4554617/hillary-clinton-wall-street-backers-election/"
      },
      {
        "datetime": "2016-12-07T21:01:14Z",
        "uri": "http://web.archive.org/web/20161207210114/http://time.com/money/4554617/hillary-clinton-wall-street-backers-election/"
      },
      {
        "datetime": "2016-12-08T21:06:56Z",
        "uri": "http://web.archive.org/web/20161208210656/http://time.com/money/4554617/hillary-clinton-wall-street-backers-election/"
      },
      {
        "datetime": "2016-12-09T21:03:46Z",
        "uri": "http://web.archive.org/web/20161209210346/http://time.com/money/4554617/hillary-clinton-wall-street-backers-election/"
      },
      {
        "datetime": "2016-12-10T22:29:16Z",
        "uri": "http://web.archive.org/web/20161210222916/http://time.com/money/4554617/hillary-clinton-wall-street-backers-election/"
      },
      {
        "datetime": "2016-12-11T21:42:03Z",
        "uri": "http://web.archive.org/web/20161211214203/http://time.com/money/4554617/hillary-clinton-wall-street-backers-election/"
      },
      {
        "datetime": "2016-12-12T22:54:44Z",
        "uri": "http://web.archive.org/web/20161212225444/http://time.com/money/4554617/hillary-clinton-wall-street-backers-election/"
      },
      {
        "datetime": "2016-12-14T02:44:13Z",
        "uri": "http://web.archive.org/web/20161214024413/http://time.com/money/4554617/hillary-clinton-wall-street-backers-election/"
      },
      {
        "datetime": "2016-12-14T22:08:56Z",
        "uri": "http://web.archive.org/web/20161214220856/http://time.com/money/4554617/hillary-clinton-wall-street-backers-election/"
      },
      {
        "datetime": "2016-12-16T00:45:05Z",
        "uri": "http://web.archive.org/web/20161216004505/http://time.com/money/4554617/hillary-clinton-wall-street-backers-election/"
      },
      {
        "datetime": "2016-12-17T06:00:08Z",
        "uri": "http://web.archive.org/web/20161217060008/http://time.com/money/4554617/hillary-clinton-wall-street-backers-election/"
      },
      {
        "datetime": "2016-12-18T04:57:38Z",
        "uri": "http://web.archive.org/web/20161218045738/http://time.com/money/4554617/hillary-clinton-wall-street-backers-election/"
      },
      {
        "datetime": "2016-12-19T03:38:15Z",
        "uri": "http://web.archive.org/web/20161219033815/http://time.com/money/4554617/hillary-clinton-wall-street-backers-election/"
      },
      {
        "datetime": "2016-12-20T03:44:18Z",
        "uri": "http://web.archive.org/web/20161220034418/http://time.com/money/4554617/hillary-clinton-wall-street-backers-election/"
      },
      {
        "datetime": "2016-12-24T18:21:15Z",
        "uri": "http://web.archive.org/web/20161224182115/http://time.com/money/4554617/hillary-clinton-wall-street-backers-election/"
      },
      {
        "datetime": "2016-12-25T18:02:09Z",
        "uri": "http://web.archive.org/web/20161225180209/http://time.com/money/4554617/hillary-clinton-wall-street-backers-election/"
      },
      {
        "datetime": "2016-12-26T19:49:30Z",
        "uri": "http://web.archive.org/web/20161226194930/http://time.com/money/4554617/hillary-clinton-wall-street-backers-election/"
      },
      {
        "datetime": "2016-12-27T19:20:52Z",
        "uri": "http://web.archive.org/web/20161227192052/http://time.com/money/4554617/hillary-clinton-wall-street-backers-election/"
      },
      {
        "datetime": "2016-12-28T19:49:50Z",
        "uri": "http://web.archive.org/web/20161228194950/http://time.com/money/4554617/hillary-clinton-wall-street-backers-election/"
      },
      {
        "datetime": "2016-12-28T19:49:53Z",
        "uri": "http://web.archive.org/web/20161228194953/http://time.com//money/4554617/hillary-clinton-wall-street-backers-election/"
      },
      {
        "datetime": "2016-12-29T21:07:15Z",
        "uri": "http://web.archive.org/web/20161229210715/http://time.com/money/4554617/hillary-clinton-wall-street-backers-election/"
      },
      {
        "datetime": "2016-12-30T22:07:53Z",
        "uri": "http://web.archive.org/web/20161230220753/http://time.com/money/4554617/hillary-clinton-wall-street-backers-election/"
      },
      {
        "datetime": "2016-12-31T22:57:32Z",
        "uri": "http://web.archive.org/web/20161231225732/http://time.com/money/4554617/hillary-clinton-wall-street-backers-election/"
      },
      {
        "datetime": "2017-01-02T01:54:05Z",
        "uri": "http://web.archive.org/web/20170102015405/http://time.com/money/4554617/hillary-clinton-wall-street-backers-election/"
      },
      {
        "datetime": "2017-01-03T03:45:42Z",
        "uri": "http://web.archive.org/web/20170103034542/http://time.com/money/4554617/hillary-clinton-wall-street-backers-election/"
      },
      {
        "datetime": "2017-01-04T04:50:33Z",
        "uri": "http://web.archive.org/web/20170104045033/http://time.com/money/4554617/hillary-clinton-wall-street-backers-election/"
      },
      {
        "datetime": "2017-01-05T01:48:14Z",
        "uri": "http://web.archive.org/web/20170105014814/http://time.com/money/4554617/hillary-clinton-wall-street-backers-election/"
      },
      {
        "datetime": "2017-01-06T02:26:17Z",
        "uri": "http://web.archive.org/web/20170106022617/http://time.com/money/4554617/hillary-clinton-wall-street-backers-election/"
      },
      {
        "datetime": "2017-01-06T02:26:20Z",
        "uri": "http://web.archive.org/web/20170106022620/http://time.com//money/4554617/hillary-clinton-wall-street-backers-election/"
      },
      {
        "datetime": "2017-01-09T21:20:39Z",
        "uri": "http://web.archive.org/web/20170109212039/http://time.com/money/4554617/hillary-clinton-wall-street-backers-election/"
      },
      {
        "datetime": "2017-01-12T05:10:44Z",
        "uri": "http://web.archive.org/web/20170112051044/http://time.com/money/4554617/hillary-clinton-wall-street-backers-election/"
      },
      {
        "datetime": "2017-08-05T13:49:31Z",
        "uri": "http://web.archive.org/web/20170805134931/http://time.com:80/money/4554617/hillary-clinton-wall-street-backers-election/"
      },
      {
        "datetime": "2017-08-05T13:49:31Z",
        "uri": "http://web.archive.org/web/20170805134931/http://time.com:80/money/4554617/hillary-clinton-wall-street-backers-election"
      },
      {
        "datetime": "2017-09-05T00:33:28Z",
        "uri": "http://wayback.archive-it.org/all/20170905003328/http://time.com/money/4554617/hillary-clinton-wall-street-backers-election/"
      },
      {
        "datetime": "2017-09-05T00:33:28Z",
        "uri": "http://web.archive.org/web/20170905003328/http://time.com/money/4554617/hillary-clinton-wall-street-backers-election/"
      },
      {
        "datetime": "2017-12-25T06:38:16Z",
        "uri": "http://wayback.archive-it.org/all/20171225063816/http://time.com/money/4554617/hillary-clinton-wall-street-backers-election/"
      },
      {
        "datetime": "2017-12-25T06:38:16Z",
        "uri": "http://web.archive.org/web/20171225063816/http://time.com/money/4554617/hillary-clinton-wall-street-backers-election/"
      }
    ],
    "first": {
      "datetime": "2016-11-11T15:03:53Z",
      "uri": "http://web.archive.org/web/20161111150353/http://time.com/money/4554617/hillary-clinton-wall-street-backers-election/"
    },
    "last": {
      "datetime": "2017-12-25T06:38:16Z",
      "uri": "http://web.archive.org/web/20171225063816/http://time.com/money/4554617/hillary-clinton-wall-street-backers-election/"
    }
  },
  "timemap_uri": {
    "link_format": "https://memgator.cs.odu.edu/timemap/link/http://time.com/money/4554617/hillary-clinton-wall-street-backers-election/",
    "json_format": "https://memgator.cs.odu.edu/timemap/json/http://time.com/money/4554617/hillary-clinton-wall-street-backers-election/",
    "cdxj_format": "https://memgator.cs.odu.edu/timemap/cdxj/http://time.com/money/4554617/hillary-clinton-wall-street-backers-election/"
  },
  "timegate_uri": "https://memgator.cs.odu.edu/timegate/http://time.com/money/4554617/hillary-clinton-wall-street-backers-election/"
}