{
  "original_uri": "http://www3.nhk.or.jp/tohoku-news/20180201/4923381.html",
  "self": "https://memgator.cs.odu.edu/timemap/json/http://www3.nhk.or.jp/tohoku-news/20180201/4923381.html",
  "mementos": {
    "list": [
      {
        "datetime": "2018-02-01T18:48:57Z",
        "uri": "http://web.archive.org/web/20180201184857/http://www3.nhk.or.jp/tohoku-news/20180201/4923381.html"
      },
      {
        "datetime": "2018-02-01T18:49:24Z",
        "uri": "http://archive.is/20180201184924/http://www3.nhk.or.jp/tohoku-news/20180201/4923381.html"
      }
    ],
    "first": {
      "datetime": "2018-02-01T18:48:57Z",
      "uri": "http://web.archive.org/web/20180201184857/http://www3.nhk.or.jp/tohoku-news/20180201/4923381.html"
    },
    "last": {
      "datetime": "2018-02-01T18:49:24Z",
      "uri": "http://archive.is/20180201184924/http://www3.nhk.or.jp/tohoku-news/20180201/4923381.html"
    }
  },
  "timemap_uri": {
    "link_format": "https://memgator.cs.odu.edu/timemap/link/http://www3.nhk.or.jp/tohoku-news/20180201/4923381.html",
    "json_format": "https://memgator.cs.odu.edu/timemap/json/http://www3.nhk.or.jp/tohoku-news/20180201/4923381.html",
    "cdxj_format": "https://memgator.cs.odu.edu/timemap/cdxj/http://www3.nhk.or.jp/tohoku-news/20180201/4923381.html"
  },
  "timegate_uri": "https://memgator.cs.odu.edu/timegate/http://www3.nhk.or.jp/tohoku-news/20180201/4923381.html"
}