{
  "original_uri": "http://www.globalmixxradio.com/radio/",
  "self": "https://memgator.cs.odu.edu/timemap/json/http://www.globalmixxradio.com/radio/",
  "mementos": {
    "list": [
      {
        "datetime": "2013-07-22T14:47:44Z",
        "uri": "http://web.archive.org/web/20130722144744/http://www.globalmixxradio.com:80/radio/"
      },
      {
        "datetime": "2013-07-22T14:47:44Z",
        "uri": "http://web.archive.org/web/20130722144744/http://www.globalmixxradio.com:80/radio"
      },
      {
        "datetime": "2013-07-25T12:24:04Z",
        "uri": "http://web.archive.org/web/20130725122404/http://www.globalmixxradio.com:80/radio/"
      },
      {
        "datetime": "2014-09-11T17:28:50Z",
        "uri": "http://web.archive.org/web/20140911172850/http://www.globalmixxradio.com/radio"
      },
      {
        "datetime": "2014-12-29T03:14:25Z",
        "uri": "http://web.archive.org/web/20141229031425/http://www.globalmixxradio.com/radio/"
      },
      {
        "datetime": "2015-02-05T06:16:45Z",
        "uri": "http://web.archive.org/web/20150205061645/http://www.globalmixxradio.com/radio"
      },
      {
        "datetime": "2015-03-07T07:49:49Z",
        "uri": "http://web.archive.org/web/20150307074949/http://www.globalmixxradio.com:80/radio/"
      },
      {
        "datetime": "2015-04-02T01:38:06Z",
        "uri": "http://web.archive.org/web/20150402013806/http://www.globalmixxradio.com:80/radio/"
      },
      {
        "datetime": "2015-04-02T01:38:06Z",
        "uri": "http://web.archive.org/web/20150402013806/http://www.globalmixxradio.com:80/radio"
      },
      {
        "datetime": "2015-04-03T08:00:08Z",
        "uri": "http://web.archive.org/web/20150403080008/http://www.globalmixxradio.com:80/radio/"
      },
      {
        "datetime": "2015-05-08T01:46:52Z",
        "uri": "http://web.archive.org/web/20150508014652/http://www.globalmixxradio.com:80/radio/"
      },
      {
        "datetime": "2015-05-11T09:49:50Z",
        "uri": "http://web.archive.org/web/20150511094950/http://www.globalmixxradio.com:80/radio/"
      },
      {
        "datetime": "2015-05-11T09:49:50Z",
        "uri": "http://web.archive.org/web/20150511094950/http://www.globalmixxradio.com:80/radio"
      },
      {
        "datetime": "2015-06-06T03:41:20Z",
        "uri": "http://web.archive.org/web/20150606034120/http://www.globalmixxradio.com/radio/"
      },
      {
        "datetime": "2015-08-13T05:35:00Z",
        "uri": "http://web.archive.org/web/20150813053500/http://www.globalmixxradio.com/radio"
      },
      {
        "datetime": "2015-08-31T07:57:56Z",
        "uri": "http://web.archive.org/web/20150831075756/http://www.globalmixxradio.com:80/radio"
      },
      {
        "datetime": "2016-02-20T09:05:58Z",
        "uri": "http://web.archive.org/web/20160220090558/http://www.globalmixxradio.com/radio"
      },
      {
        "datetime": "2017-01-09T05:45:40Z",
        "uri": "http://web.archive.org/web/20170109054540/http://www.globalmixxradio.com:80/radio"
      }
    ],
    "first": {
      "datetime": "2013-07-22T14:47:44Z",
      "uri": "http://web.archive.org/web/20130722144744/http://www.globalmixxradio.com:80/radio/"
    },
    "last": {
      "datetime": "2017-01-09T05:45:40Z",
      "uri": "http://web.archive.org/web/20170109054540/http://www.globalmixxradio.com:80/radio"
    }
  },
  "timemap_uri": {
    "link_format": "https://memgator.cs.odu.edu/timemap/link/http://www.globalmixxradio.com/radio/",
    "json_format": "https://memgator.cs.odu.edu/timemap/json/http://www.globalmixxradio.com/radio/",
    "cdxj_format": "https://memgator.cs.odu.edu/timemap/cdxj/http://www.globalmixxradio.com/radio/"
  },
  "timegate_uri": "https://memgator.cs.odu.edu/timegate/http://www.globalmixxradio.com/radio/"
}