{
  "original_uri": "http://tunein.com/radio/Radio-Hoy-s281079/",
  "self": "https://memgator.cs.odu.edu/timemap/json/http://tunein.com/radio/Radio-Hoy-s281079/",
  "mementos": {
    "list": [
      {
        "datetime": "2017-09-04T14:03:05Z",
        "uri": "http://web.archive.org/web/20170904140305/http://tunein.com/radio/Radio-Hoy-s281079/"
      },
      {
        "datetime": "2017-09-13T01:00:20Z",
        "uri": "http://web.archive.org/web/20170913010020/https://tunein.com/radio/Radio-Hoy-s281079/"
      },
      {
        "datetime": "2018-01-30T20:41:02Z",
        "uri": "http://web.archive.org/web/20180130204102/http://tunein.com/radio/Radio-Hoy-s281079/"
      }
    ],
    "first": {
      "datetime": "2017-09-04T14:03:05Z",
      "uri": "http://web.archive.org/web/20170904140305/http://tunein.com/radio/Radio-Hoy-s281079/"
    },
    "last": {
      "datetime": "2018-01-30T20:41:02Z",
      "uri": "http://web.archive.org/web/20180130204102/http://tunein.com/radio/Radio-Hoy-s281079/"
    }
  },
  "timemap_uri": {
    "link_format": "https://memgator.cs.odu.edu/timemap/link/http://tunein.com/radio/Radio-Hoy-s281079/",
    "json_format": "https://memgator.cs.odu.edu/timemap/json/http://tunein.com/radio/Radio-Hoy-s281079/",
    "cdxj_format": "https://memgator.cs.odu.edu/timemap/cdxj/http://tunein.com/radio/Radio-Hoy-s281079/"
  },
  "timegate_uri": "https://memgator.cs.odu.edu/timegate/http://tunein.com/radio/Radio-Hoy-s281079/"
}