{
  "original_uri": "https://tacticalinvestor.com/hillarys-two-official-favors-morocco-resulted-28-million-clinton-foundation/",
  "self": "https://memgator.cs.odu.edu/timemap/json/https://tacticalinvestor.com/hillarys-two-official-favors-morocco-resulted-28-million-clinton-foundation/",
  "mementos": {
    "list": [
      {
        "datetime": "2017-03-22T03:14:22Z",
        "uri": "http://web.archive.org/web/20170322031422/http://tacticalinvestor.com:80/hillarys-two-official-favors-morocco-resulted-28-million-clinton-foundation"
      },
      {
        "datetime": "2017-05-09T22:23:13Z",
        "uri": "http://web.archive.org/web/20170509222313/http://tacticalinvestor.com:80/hillarys-two-official-favors-morocco-resulted-28-million-clinton-foundation"
      },
      {
        "datetime": "2017-06-12T03:54:07Z",
        "uri": "http://web.archive.org/web/20170612035407/http://tacticalinvestor.com:80/hillarys-two-official-favors-morocco-resulted-28-million-clinton-foundation"
      },
      {
        "datetime": "2017-06-15T10:22:12Z",
        "uri": "http://web.archive.org/web/20170615102212/http://tacticalinvestor.com/hillarys-two-official-favors-morocco-resulted-28-million-clinton-foundation/"
      },
      {
        "datetime": "2017-07-13T08:27:17Z",
        "uri": "http://web.archive.org/web/20170713082717/http://tacticalinvestor.com:80/hillarys-two-official-favors-morocco-resulted-28-million-clinton-foundation"
      },
      {
        "datetime": "2017-09-10T22:13:04Z",
        "uri": "http://web.archive.org/web/20170910221304/https://tacticalinvestor.com/hillarys-two-official-favors-morocco-resulted-28-million-clinton-foundation/"
      },
      {
        "datetime": "2018-01-21T03:31:01Z",
        "uri": "http://web.archive.org/web/20180121033101/https://tacticalinvestor.com/hillarys-two-official-favors-morocco-resulted-28-million-clinton-foundation/"
      }
    ],
    "first": {
      "datetime": "2017-03-22T03:14:22Z",
      "uri": "http://web.archive.org/web/20170322031422/http://tacticalinvestor.com:80/hillarys-two-official-favors-morocco-resulted-28-million-clinton-foundation"
    },
    "last": {
      "datetime": "2018-01-21T03:31:01Z",
      "uri": "http://web.archive.org/web/20180121033101/https://tacticalinvestor.com/hillarys-two-official-favors-morocco-resulted-28-million-clinton-foundation/"
    }
  },
  "timemap_uri": {
    "link_format": "https://memgator.cs.odu.edu/timemap/link/https://tacticalinvestor.com/hillarys-two-official-favors-morocco-resulted-28-million-clinton-foundation/",
    "json_format": "https://memgator.cs.odu.edu/timemap/json/https://tacticalinvestor.com/hillarys-two-official-favors-morocco-resulted-28-million-clinton-foundation/",
    "cdxj_format": "https://memgator.cs.odu.edu/timemap/cdxj/https://tacticalinvestor.com/hillarys-two-official-favors-morocco-resulted-28-million-clinton-foundation/"
  },
  "timegate_uri": "https://memgator.cs.odu.edu/timegate/https://tacticalinvestor.com/hillarys-two-official-favors-morocco-resulted-28-million-clinton-foundation/"
}