{
  "original_uri": "http://www.stgeorgeutah.com/news/archive/2018/02/01/spo-jmr-hurricane-lady-tigers-hold-off-pine-view-for-fifth-straight-win/",
  "self": "https://memgator.cs.odu.edu/timemap/json/http://www.stgeorgeutah.com/news/archive/2018/02/01/spo-jmr-hurricane-lady-tigers-hold-off-pine-view-for-fifth-straight-win/",
  "mementos": {
    "list": [
      {
        "datetime": "2018-02-02T09:30:54Z",
        "uri": "http://web.archive.org/web/20180202093054/https://www.stgeorgeutah.com/news/archive/2018/02/01/spo-jmr-hurricane-lady-tigers-hold-off-pine-view-for-fifth-straight-win/"
      },
      {
        "datetime": "2018-02-02T09:31:32Z",
        "uri": "http://web.archive.org/web/20180202093132/http://www.stgeorgeutah.com/news/archive/2018/02/01/spo-jmr-hurricane-lady-tigers-hold-off-pine-view-for-fifth-straight-win/"
      }
    ],
    "first": {
      "datetime": "2018-02-02T09:30:54Z",
      "uri": "http://web.archive.org/web/20180202093054/https://www.stgeorgeutah.com/news/archive/2018/02/01/spo-jmr-hurricane-lady-tigers-hold-off-pine-view-for-fifth-straight-win/"
    },
    "last": {
      "datetime": "2018-02-02T09:31:32Z",
      "uri": "http://web.archive.org/web/20180202093132/http://www.stgeorgeutah.com/news/archive/2018/02/01/spo-jmr-hurricane-lady-tigers-hold-off-pine-view-for-fifth-straight-win/"
    }
  },
  "timemap_uri": {
    "link_format": "https://memgator.cs.odu.edu/timemap/link/http://www.stgeorgeutah.com/news/archive/2018/02/01/spo-jmr-hurricane-lady-tigers-hold-off-pine-view-for-fifth-straight-win/",
    "json_format": "https://memgator.cs.odu.edu/timemap/json/http://www.stgeorgeutah.com/news/archive/2018/02/01/spo-jmr-hurricane-lady-tigers-hold-off-pine-view-for-fifth-straight-win/",
    "cdxj_format": "https://memgator.cs.odu.edu/timemap/cdxj/http://www.stgeorgeutah.com/news/archive/2018/02/01/spo-jmr-hurricane-lady-tigers-hold-off-pine-view-for-fifth-straight-win/"
  },
  "timegate_uri": "https://memgator.cs.odu.edu/timegate/http://www.stgeorgeutah.com/news/archive/2018/02/01/spo-jmr-hurricane-lady-tigers-hold-off-pine-view-for-fifth-straight-win/"
}