{
  "original_uri": "http://itunes.apple.com/app/id860822992",
  "self": "https://memgator.cs.odu.edu/timemap/json/http://itunes.apple.com/app/id860822992",
  "mementos": {
    "list": [
      {
        "datetime": "2014-07-23T08:02:59Z",
        "uri": "http://webarchive.loc.gov/all/20140723080259/http://itunes.apple.com/app/id860822992"
      },
      {
        "datetime": "2014-07-23T08:11:22Z",
        "uri": "http://webarchive.loc.gov/all/20140723081122/https://itunes.apple.com/app/id860822992"
      },
      {
        "datetime": "2014-07-24T02:33:12Z",
        "uri": "http://webarchive.loc.gov/all/20140724023312/http://itunes.apple.com/app/id860822992"
      },
      {
        "datetime": "2014-07-24T02:41:47Z",
        "uri": "http://webarchive.loc.gov/all/20140724024147/https://itunes.apple.com/app/id860822992"
      },
      {
        "datetime": "2014-07-24T14:11:39Z",
        "uri": "http://web.archive.org/web/20140724141139/http://itunes.apple.com/app/id860822992"
      },
      {
        "datetime": "2014-07-24T14:11:42Z",
        "uri": "http://web.archive.org/web/20140724141142/https://itunes.apple.com/app/id860822992"
      },
      {
        "datetime": "2014-07-24T21:58:42Z",
        "uri": "http://web.archive.org/web/20140724215842/http://itunes.apple.com/app/id860822992"
      },
      {
        "datetime": "2014-07-24T21:58:43Z",
        "uri": "http://web.archive.org/web/20140724215843/https://itunes.apple.com/app/id860822992"
      },
      {
        "datetime": "2014-07-26T06:51:03Z",
        "uri": "http://web.archive.org/web/20140726065103/http://itunes.apple.com/app/id860822992"
      },
      {
        "datetime": "2014-07-26T06:51:05Z",
        "uri": "http://web.archive.org/web/20140726065105/https://itunes.apple.com/app/id860822992"
      },
      {
        "datetime": "2014-07-26T20:55:25Z",
        "uri": "http://web.archive.org/web/20140726205525/http://itunes.apple.com:80/app/id860822992"
      },
      {
        "datetime": "2014-07-27T18:17:13Z",
        "uri": "http://web.archive.org/web/20140727181713/http://itunes.apple.com/app/id860822992"
      },
      {
        "datetime": "2014-07-27T18:17:14Z",
        "uri": "http://web.archive.org/web/20140727181714/https://itunes.apple.com/app/id860822992"
      },
      {
        "datetime": "2014-07-29T03:29:28Z",
        "uri": "http://web.archive.org/web/20140729032928/http://itunes.apple.com/app/id860822992"
      },
      {
        "datetime": "2014-07-29T03:29:30Z",
        "uri": "http://web.archive.org/web/20140729032930/https://itunes.apple.com/app/id860822992"
      },
      {
        "datetime": "2014-07-30T11:52:24Z",
        "uri": "http://web.archive.org/web/20140730115224/http://itunes.apple.com/app/id860822992"
      },
      {
        "datetime": "2014-07-30T11:52:25Z",
        "uri": "http://web.archive.org/web/20140730115225/https://itunes.apple.com/app/id860822992"
      },
      {
        "datetime": "2014-07-31T04:10:34Z",
        "uri": "http://webarchive.loc.gov/all/20140731041034/http://itunes.apple.com/app/id860822992"
      },
      {
        "datetime": "2014-07-31T04:35:52Z",
        "uri": "http://webarchive.loc.gov/all/20140731043552/https://itunes.apple.com/app/id860822992"
      },
      {
        "datetime": "2014-07-31T21:42:54Z",
        "uri": "http://web.archive.org/web/20140731214254/http://itunes.apple.com/app/id860822992"
      },
      {
        "datetime": "2014-07-31T21:42:55Z",
        "uri": "http://web.archive.org/web/20140731214255/https://itunes.apple.com/app/id860822992"
      },
      {
        "datetime": "2014-08-02T09:12:23Z",
        "uri": "http://web.archive.org/web/20140802091223/http://itunes.apple.com/app/id860822992"
      },
      {
        "datetime": "2014-08-02T09:12:24Z",
        "uri": "http://web.archive.org/web/20140802091224/https://itunes.apple.com/app/id860822992"
      },
      {
        "datetime": "2014-08-03T20:07:52Z",
        "uri": "http://web.archive.org/web/20140803200752/https://itunes.apple.com/app/id860822992"
      },
      {
        "datetime": "2014-08-03T20:07:52Z",
        "uri": "http://web.archive.org/web/20140803200752/http://itunes.apple.com/app/id860822992"
      },
      {
        "datetime": "2014-08-05T04:10:32Z",
        "uri": "http://web.archive.org/web/20140805041032/http://itunes.apple.com/app/id860822992"
      },
      {
        "datetime": "2014-08-05T04:10:33Z",
        "uri": "http://web.archive.org/web/20140805041033/https://itunes.apple.com/app/id860822992"
      },
      {
        "datetime": "2014-08-06T12:21:09Z",
        "uri": "http://web.archive.org/web/20140806122109/http://itunes.apple.com/app/id860822992"
      },
      {
        "datetime": "2014-08-06T12:21:10Z",
        "uri": "http://web.archive.org/web/20140806122110/https://itunes.apple.com/app/id860822992"
      },
      {
        "datetime": "2014-08-07T05:33:33Z",
        "uri": "http://webarchive.loc.gov/all/20140807053333/http://itunes.apple.com/app/id860822992"
      },
      {
        "datetime": "2014-08-07T05:58:51Z",
        "uri": "http://webarchive.loc.gov/all/20140807055851/https://itunes.apple.com/app/id860822992"
      },
      {
        "datetime": "2014-08-07T20:13:51Z",
        "uri": "http://web.archive.org/web/20140807201351/http://itunes.apple.com/app/id860822992"
      },
      {
        "datetime": "2014-08-07T20:13:52Z",
        "uri": "http://web.archive.org/web/20140807201352/https://itunes.apple.com/app/id860822992"
      },
      {
        "datetime": "2014-08-11T19:17:33Z",
        "uri": "http://web.archive.org/web/20140811191733/http://itunes.apple.com/app/id860822992"
      },
      {
        "datetime": "2014-08-11T19:20:54Z",
        "uri": "http://web.archive.org/web/20140811192054/https://itunes.apple.com/app/id860822992"
      },
      {
        "datetime": "2014-08-13T04:42:41Z",
        "uri": "http://web.archive.org/web/20140813044241/http://itunes.apple.com/app/id860822992"
      },
      {
        "datetime": "2014-08-13T04:42:42Z",
        "uri": "http://web.archive.org/web/20140813044242/https://itunes.apple.com/app/id860822992"
      },
      {
        "datetime": "2014-08-14T07:00:23Z",
        "uri": "http://webarchive.loc.gov/all/20140814070023/http://itunes.apple.com/app/id860822992"
      },
      {
        "datetime": "2014-08-14T07:08:47Z",
        "uri": "http://webarchive.loc.gov/all/20140814070847/https://itunes.apple.com/app/id860822992"
      },
      {
        "datetime": "2014-08-14T12:52:39Z",
        "uri": "http://web.archive.org/web/20140814125239/http://itunes.apple.com/app/id860822992"
      },
      {
        "datetime": "2014-08-14T12:52:40Z",
        "uri": "http://web.archive.org/web/20140814125240/https://itunes.apple.com/app/id860822992"
      },
      {
        "datetime": "2014-08-17T06:26:04Z",
        "uri": "http://web.archive.org/web/20140817062604/http://itunes.apple.com/app/id860822992"
      },
      {
        "datetime": "2014-08-17T06:26:05Z",
        "uri": "http://web.archive.org/web/20140817062605/https://itunes.apple.com/app/id860822992"
      },
      {
        "datetime": "2014-08-20T00:12:20Z",
        "uri": "http://web.archive.org/web/20140820001220/http://itunes.apple.com/app/id860822992"
      },
      {
        "datetime": "2014-08-20T00:12:21Z",
        "uri": "http://web.archive.org/web/20140820001221/https://itunes.apple.com/app/id860822992"
      },
      {
        "datetime": "2014-08-21T10:34:44Z",
        "uri": "http://web.archive.org/web/20140821103444/http://itunes.apple.com/app/id860822992"
      },
      {
        "datetime": "2014-08-21T10:34:46Z",
        "uri": "http://web.archive.org/web/20140821103446/https://itunes.apple.com/app/id860822992"
      },
      {
        "datetime": "2014-08-22T14:49:53Z",
        "uri": "http://webarchive.loc.gov/all/20140822144953/http://itunes.apple.com/app/id860822992"
      },
      {
        "datetime": "2014-08-22T14:58:27Z",
        "uri": "http://webarchive.loc.gov/all/20140822145827/https://itunes.apple.com/app/id860822992"
      },
      {
        "datetime": "2014-08-24T06:48:32Z",
        "uri": "http://web.archive.org/web/20140824064832/http://itunes.apple.com/app/id860822992"
      },
      {
        "datetime": "2014-08-24T06:48:33Z",
        "uri": "http://web.archive.org/web/20140824064833/https://itunes.apple.com/app/id860822992"
      },
      {
        "datetime": "2014-09-04T23:07:42Z",
        "uri": "http://web.archive.org/web/20140904230742/http://itunes.apple.com/app/id860822992"
      },
      {
        "datetime": "2014-09-04T23:07:45Z",
        "uri": "http://web.archive.org/web/20140904230745/https://itunes.apple.com/app/id860822992"
      },
      {
        "datetime": "2014-09-05T02:00:13Z",
        "uri": "http://webarchive.loc.gov/all/20140905020013/http://itunes.apple.com/app/id860822992"
      },
      {
        "datetime": "2014-09-05T02:08:38Z",
        "uri": "http://webarchive.loc.gov/all/20140905020838/https://itunes.apple.com/app/id860822992"
      },
      {
        "datetime": "2014-09-06T07:55:31Z",
        "uri": "http://web.archive.org/web/20140906075531/http://itunes.apple.com/app/id860822992"
      },
      {
        "datetime": "2014-09-06T07:55:32Z",
        "uri": "http://web.archive.org/web/20140906075532/https://itunes.apple.com/app/id860822992"
      },
      {
        "datetime": "2014-09-06T12:02:44Z",
        "uri": "http://webarchive.loc.gov/all/20140906120244/http://itunes.apple.com/app/id860822992"
      },
      {
        "datetime": "2014-09-06T12:11:13Z",
        "uri": "http://webarchive.loc.gov/all/20140906121113/https://itunes.apple.com/app/id860822992"
      },
      {
        "datetime": "2014-09-09T03:30:46Z",
        "uri": "http://web.archive.org/web/20140909033046/http://itunes.apple.com/app/id860822992"
      },
      {
        "datetime": "2014-09-09T03:30:47Z",
        "uri": "http://web.archive.org/web/20140909033047/https://itunes.apple.com/app/id860822992"
      },
      {
        "datetime": "2014-09-25T19:54:09Z",
        "uri": "http://web.archive.org/web/20140925195409/http://itunes.apple.com:80/app/id860822992"
      },
      {
        "datetime": "2015-01-11T14:14:28Z",
        "uri": "http://wayback.archive-it.org/all/20150111141428/http://itunes.apple.com/app/id860822992"
      },
      {
        "datetime": "2015-01-11T14:14:28Z",
        "uri": "http://wayback.archive-it.org/all/20150111141428/http://itunes.apple.com/app/id860822992"
      },
      {
        "datetime": "2015-01-11T14:14:28Z",
        "uri": "http://web.archive.org/web/20150111141428/http://itunes.apple.com/app/id860822992"
      },
      {
        "datetime": "2015-01-11T14:14:29Z",
        "uri": "http://wayback.archive-it.org/all/20150111141429/https://itunes.apple.com/app/id860822992"
      },
      {
        "datetime": "2015-01-11T14:14:29Z",
        "uri": "http://wayback.archive-it.org/all/20150111141429/https://itunes.apple.com/app/id860822992"
      },
      {
        "datetime": "2015-01-11T14:14:29Z",
        "uri": "http://web.archive.org/web/20150111141429/https://itunes.apple.com/app/id860822992"
      },
      {
        "datetime": "2015-02-06T18:06:43Z",
        "uri": "http://web.archive.org/web/20150206180643/https://itunes.apple.com/app/id860822992"
      },
      {
        "datetime": "2015-02-27T20:55:52Z",
        "uri": "http://web.archive.org/web/20150227205552/http://itunes.apple.com/app/id860822992"
      },
      {
        "datetime": "2015-02-27T20:55:53Z",
        "uri": "http://web.archive.org/web/20150227205553/https://itunes.apple.com/app/id860822992"
      },
      {
        "datetime": "2015-03-30T08:32:12Z",
        "uri": "http://webarchive.loc.gov/all/20150330083212/http://itunes.apple.com/app/id860822992"
      },
      {
        "datetime": "2015-03-30T08:32:14Z",
        "uri": "http://webarchive.loc.gov/all/20150330083214/https://itunes.apple.com/app/id860822992"
      },
      {
        "datetime": "2015-04-27T15:04:49Z",
        "uri": "http://webarchive.loc.gov/all/20150427150449/http://itunes.apple.com/app/id860822992"
      },
      {
        "datetime": "2015-04-27T15:04:51Z",
        "uri": "http://webarchive.loc.gov/all/20150427150451/https://itunes.apple.com/app/id860822992"
      },
      {
        "datetime": "2015-07-15T14:47:17Z",
        "uri": "http://webarchive.loc.gov/all/20150715144717/http://itunes.apple.com/app/id860822992"
      },
      {
        "datetime": "2015-07-15T14:47:18Z",
        "uri": "http://webarchive.loc.gov/all/20150715144718/https://itunes.apple.com/app/id860822992"
      },
      {
        "datetime": "2015-08-08T00:19:58Z",
        "uri": "http://webarchive.loc.gov/all/20150808001958/http://itunes.apple.com/app/id860822992"
      },
      {
        "datetime": "2015-08-08T00:20:01Z",
        "uri": "http://webarchive.loc.gov/all/20150808002001/https://itunes.apple.com/app/id860822992"
      },
      {
        "datetime": "2015-08-10T22:36:04Z",
        "uri": "http://web.archive.org/web/20150810223604/https://itunes.apple.com/app/id860822992"
      },
      {
        "datetime": "2015-08-25T20:48:49Z",
        "uri": "http://web.archive.org/web/20150825204849/http://itunes.apple.com/app/id860822992"
      },
      {
        "datetime": "2015-08-25T20:48:50Z",
        "uri": "http://web.archive.org/web/20150825204850/https://itunes.apple.com/app/id860822992"
      },
      {
        "datetime": "2015-08-30T06:31:10Z",
        "uri": "http://web.archive.org/web/20150830063110/http://itunes.apple.com/app/id860822992"
      },
      {
        "datetime": "2015-08-30T06:31:17Z",
        "uri": "http://web.archive.org/web/20150830063117/https://itunes.apple.com/app/id860822992"
      },
      {
        "datetime": "2015-09-13T04:04:42Z",
        "uri": "http://webarchive.loc.gov/all/20150913040442/http://itunes.apple.com/app/id860822992"
      },
      {
        "datetime": "2015-09-13T04:04:43Z",
        "uri": "http://webarchive.loc.gov/all/20150913040443/https://itunes.apple.com/app/id860822992"
      },
      {
        "datetime": "2016-01-28T03:04:05Z",
        "uri": "http://web.archive.org/web/20160128030405/https://itunes.apple.com/app/id860822992"
      },
      {
        "datetime": "2016-04-16T16:05:21Z",
        "uri": "http://web.archive.org/web/20160416160521/https://itunes.apple.com/app/id860822992"
      },
      {
        "datetime": "2016-07-30T17:59:47Z",
        "uri": "http://web.archive.org/web/20160730175947/https://itunes.apple.com/app/id860822992"
      },
      {
        "datetime": "2016-12-29T22:27:03Z",
        "uri": "http://web.archive.org/web/20161229222703/http://itunes.apple.com/app/id860822992/"
      },
      {
        "datetime": "2017-05-11T16:14:06Z",
        "uri": "http://web.archive.org/web/20170511161406/http://itunes.apple.com/app/id860822992"
      },
      {
        "datetime": "2017-05-12T02:40:35Z",
        "uri": "http://web.archive.org/web/20170512024035/https://itunes.apple.com/app/id860822992"
      },
      {
        "datetime": "2017-09-02T08:01:18Z",
        "uri": "http://web.archive.org/web/20170902080118/http://itunes.apple.com/app/id860822992"
      },
      {
        "datetime": "2017-09-05T16:25:22Z",
        "uri": "http://web.archive.org/web/20170905162522/https://itunes.apple.com/app/id860822992"
      }
    ],
    "first": {
      "datetime": "2014-07-23T08:02:59Z",
      "uri": "http://webarchive.loc.gov/all/20140723080259/http://itunes.apple.com/app/id860822992"
    },
    "last": {
      "datetime": "2017-09-05T16:25:22Z",
      "uri": "http://web.archive.org/web/20170905162522/https://itunes.apple.com/app/id860822992"
    }
  },
  "timemap_uri": {
    "link_format": "https://memgator.cs.odu.edu/timemap/link/http://itunes.apple.com/app/id860822992",
    "json_format": "https://memgator.cs.odu.edu/timemap/json/http://itunes.apple.com/app/id860822992",
    "cdxj_format": "https://memgator.cs.odu.edu/timemap/cdxj/http://itunes.apple.com/app/id860822992"
  },
  "timegate_uri": "https://memgator.cs.odu.edu/timegate/http://itunes.apple.com/app/id860822992"
}