{
  "original_uri": "http://www.trendinalia.com/twitter-trending-topics/colombia/colombia-today.html",
  "self": "https://memgator.cs.odu.edu/timemap/json/http://www.trendinalia.com/twitter-trending-topics/colombia/colombia-today.html",
  "mementos": {
    "list": [
      {
        "datetime": "2013-10-12T22:10:12Z",
        "uri": "http://web.archive.org/web/20131012221012/http://www.trendinalia.com:80/twitter-trending-topics/colombia/colombia-today.html"
      },
      {
        "datetime": "2013-10-20T07:42:47Z",
        "uri": "http://wayback.archive-it.org/all/20131020074247/http://www.trendinalia.com/twitter-trending-topics/colombia/colombia-today.html"
      },
      {
        "datetime": "2013-10-20T07:42:47Z",
        "uri": "http://web.archive.org/web/20131020074247/http://www.trendinalia.com/twitter-trending-topics/colombia/colombia-today.html"
      },
      {
        "datetime": "2013-11-27T02:39:29Z",
        "uri": "http://web.archive.org/web/20131127023929/http://www.trendinalia.com:80/twitter-trending-topics/colombia/colombia-today.html"
      },
      {
        "datetime": "2014-02-17T22:03:07Z",
        "uri": "http://web.archive.org/web/20140217220307/http://www.trendinalia.com:80/twitter-trending-topics/colombia/colombia-today.html"
      },
      {
        "datetime": "2015-01-08T07:56:30Z",
        "uri": "http://wayback.archive-it.org/all/20150108075630/http://www.trendinalia.com/twitter-trending-topics/colombia/colombia-today.html"
      },
      {
        "datetime": "2015-01-08T07:56:30Z",
        "uri": "http://wayback.archive-it.org/all/20150108075630/http://www.trendinalia.com/twitter-trending-topics/colombia/colombia-today.html"
      },
      {
        "datetime": "2015-01-08T07:56:30Z",
        "uri": "http://web.archive.org/web/20150108075630/http://www.trendinalia.com/twitter-trending-topics/colombia/colombia-today.html"
      },
      {
        "datetime": "2015-01-08T22:05:08Z",
        "uri": "http://wayback.archive-it.org/all/20150108220508/http://www.trendinalia.com/twitter-trending-topics/colombia/colombia-today.html"
      },
      {
        "datetime": "2015-01-08T22:05:08Z",
        "uri": "http://wayback.archive-it.org/all/20150108220508/http://www.trendinalia.com/twitter-trending-topics/colombia/colombia-today.html"
      },
      {
        "datetime": "2015-01-08T22:05:08Z",
        "uri": "http://web.archive.org/web/20150108220508/http://www.trendinalia.com/twitter-trending-topics/colombia/colombia-today.html"
      },
      {
        "datetime": "2015-01-09T14:04:31Z",
        "uri": "http://wayback.archive-it.org/all/20150109140431/http://www.trendinalia.com/twitter-trending-topics/colombia/colombia-today.html"
      },
      {
        "datetime": "2015-01-09T14:04:31Z",
        "uri": "http://wayback.archive-it.org/all/20150109140431/http://www.trendinalia.com/twitter-trending-topics/colombia/colombia-today.html"
      },
      {
        "datetime": "2015-01-09T14:04:31Z",
        "uri": "http://web.archive.org/web/20150109140431/http://www.trendinalia.com/twitter-trending-topics/colombia/colombia-today.html"
      },
      {
        "datetime": "2015-02-03T01:29:35Z",
        "uri": "http://wayback.archive-it.org/all/20150203012935/http://www.trendinalia.com/twitter-trending-topics/colombia/colombia-today.html"
      },
      {
        "datetime": "2015-02-03T01:29:35Z",
        "uri": "http://wayback.archive-it.org/all/20150203012935/http://www.trendinalia.com/twitter-trending-topics/colombia/colombia-today.html"
      },
      {
        "datetime": "2015-02-03T01:29:35Z",
        "uri": "http://web.archive.org/web/20150203012935/http://www.trendinalia.com/twitter-trending-topics/colombia/colombia-today.html"
      },
      {
        "datetime": "2015-02-12T02:40:24Z",
        "uri": "http://wayback.archive-it.org/all/20150212024024/http://www.trendinalia.com/twitter-trending-topics/colombia/colombia-today.html"
      },
      {
        "datetime": "2015-02-12T02:40:24Z",
        "uri": "http://wayback.archive-it.org/all/20150212024024/http://www.trendinalia.com/twitter-trending-topics/colombia/colombia-today.html"
      },
      {
        "datetime": "2015-02-12T02:40:24Z",
        "uri": "http://web.archive.org/web/20150212024024/http://www.trendinalia.com/twitter-trending-topics/colombia/colombia-today.html"
      },
      {
        "datetime": "2015-02-14T05:08:57Z",
        "uri": "http://web.archive.org/web/20150214050857/http://www.trendinalia.com:80/twitter-trending-topics/colombia/colombia-today.html"
      },
      {
        "datetime": "2015-03-27T06:56:22Z",
        "uri": "http://web.archive.org/web/20150327065622/http://www.trendinalia.com:80/twitter-trending-topics/colombia/colombia-today.html"
      },
      {
        "datetime": "2015-05-11T22:02:11Z",
        "uri": "http://web.archive.org/web/20150511220211/http://www.trendinalia.com:80/twitter-trending-topics/colombia/colombia-today.html"
      },
      {
        "datetime": "2015-06-23T19:10:55Z",
        "uri": "http://web.archive.org/web/20150623191055/http://www.trendinalia.com:80/twitter-trending-topics/colombia/colombia-today.html"
      },
      {
        "datetime": "2015-07-08T07:46:41Z",
        "uri": "http://web.archive.org/web/20150708074641/http://www.trendinalia.com:80/twitter-trending-topics/colombia/colombia-today.html"
      },
      {
        "datetime": "2015-07-29T06:26:05Z",
        "uri": "http://web.archive.org/web/20150729062605/http://www.trendinalia.com:80/twitter-trending-topics/colombia/colombia-today.html"
      },
      {
        "datetime": "2015-08-22T20:15:49Z",
        "uri": "http://web.archive.org/web/20150822201549/http://www.trendinalia.com:80/twitter-trending-topics/colombia/colombia-today.html"
      },
      {
        "datetime": "2015-09-14T05:39:21Z",
        "uri": "http://web.archive.org/web/20150914053921/http://www.trendinalia.com:80/twitter-trending-topics/colombia/colombia-today.html"
      },
      {
        "datetime": "2015-11-14T12:00:10Z",
        "uri": "http://web.archive.org/web/20151114120010/http://www.trendinalia.com:80/twitter-trending-topics/colombia/colombia-today.html"
      },
      {
        "datetime": "2016-03-08T02:24:05Z",
        "uri": "http://web.archive.org/web/20160308022405/http://trendinalia.com/twitter-trending-topics/colombia/colombia-today.html"
      },
      {
        "datetime": "2016-03-10T06:43:49Z",
        "uri": "http://web.archive.org/web/20160310064349/http://www.trendinalia.com:80/twitter-trending-topics/colombia/colombia-today.html"
      },
      {
        "datetime": "2016-04-10T08:29:36Z",
        "uri": "http://web.archive.org/web/20160410082936/http://www.trendinalia.com:80/twitter-trending-topics/colombia/colombia-today.html"
      },
      {
        "datetime": "2016-05-05T05:47:58Z",
        "uri": "http://web.archive.org/web/20160505054758/http://www.trendinalia.com:80/twitter-trending-topics/colombia/colombia-today.html"
      },
      {
        "datetime": "2016-06-01T16:13:54Z",
        "uri": "http://web.archive.org/web/20160601161354/http://www.trendinalia.com:80/twitter-trending-topics/colombia/colombia-today.html"
      },
      {
        "datetime": "2016-06-20T09:04:57Z",
        "uri": "http://web.archive.org/web/20160620090457/http://www.trendinalia.com:80/twitter-trending-topics/colombia/colombia-today.html"
      },
      {
        "datetime": "2016-07-14T11:23:36Z",
        "uri": "http://web.archive.org/web/20160714112336/http://www.trendinalia.com:80/twitter-trending-topics/colombia/colombia-today.html"
      },
      {
        "datetime": "2016-08-16T05:20:07Z",
        "uri": "http://web.archive.org/web/20160816052007/http://www.trendinalia.com/twitter-trending-topics/colombia/colombia-today.html"
      },
      {
        "datetime": "2016-08-17T00:01:29Z",
        "uri": "http://web.archive.org/web/20160817000129/http://www.trendinalia.com:80/twitter-trending-topics/colombia/colombia-today.html"
      },
      {
        "datetime": "2016-08-18T12:03:48Z",
        "uri": "http://web.archive.org/web/20160818120348/http://www.trendinalia.com:80/twitter-trending-topics/colombia/colombia-today.html"
      },
      {
        "datetime": "2016-11-20T01:29:01Z",
        "uri": "http://web.archive.org/web/20161120012901/http://www.trendinalia.com:80/twitter-trending-topics/colombia/colombia-today.html"
      },
      {
        "datetime": "2017-02-25T00:45:59Z",
        "uri": "http://web.archive.org/web/20170225004559/http://www.trendinalia.com/twitter-trending-topics/colombia/colombia-today.html"
      },
      {
        "datetime": "2017-03-11T21:05:48Z",
        "uri": "http://web.archive.org/web/20170311210548/http://trendinalia.com:80/twitter-trending-topics/colombia/colombia-today.html"
      },
      {
        "datetime": "2017-05-09T08:47:10Z",
        "uri": "http://web.archive.org/web/20170509084710/http://www.trendinalia.com:80/twitter-trending-topics/colombia/colombia-today.html"
      },
      {
        "datetime": "2017-05-28T03:21:12Z",
        "uri": "http://web.archive.org/web/20170528032112/http://www.trendinalia.com:80/twitter-trending-topics/colombia/colombia-today.html"
      },
      {
        "datetime": "2017-06-14T10:38:19Z",
        "uri": "http://web.archive.org/web/20170614103819/http://www.trendinalia.com:80/twitter-trending-topics/colombia/colombia-today.html"
      },
      {
        "datetime": "2017-07-02T04:18:00Z",
        "uri": "http://web.archive.org/web/20170702041800/http://www.trendinalia.com:80/twitter-trending-topics/colombia/colombia-today.html"
      },
      {
        "datetime": "2017-07-20T16:55:30Z",
        "uri": "http://web.archive.org/web/20170720165530/http://www.trendinalia.com:80/twitter-trending-topics/colombia/colombia-today.html"
      },
      {
        "datetime": "2017-08-04T22:58:09Z",
        "uri": "http://web.archive.org/web/20170804225809/http://www.trendinalia.com:80/twitter-trending-topics/colombia/colombia-today.html"
      },
      {
        "datetime": "2017-08-29T19:08:10Z",
        "uri": "http://web.archive.org/web/20170829190810/http://www.trendinalia.com/twitter-trending-topics/colombia/colombia-today.html"
      },
      {
        "datetime": "2017-11-11T17:02:55Z",
        "uri": "http://web.archive.org/web/20171111170255/http://www.trendinalia.com/twitter-trending-topics/colombia/colombia-today.html"
      },
      {
        "datetime": "2017-12-24T05:32:40Z",
        "uri": "http://web.archive.org/web/20171224053240/http://www.trendinalia.com/twitter-trending-topics/colombia/colombia-today.html"
      },
      {
        "datetime": "2018-01-22T01:44:16Z",
        "uri": "http://web.archive.org/web/20180122014416/http://www.trendinalia.com/twitter-trending-topics/colombia/colombia-today.html"
      }
    ],
    "first": {
      "datetime": "2013-10-12T22:10:12Z",
      "uri": "http://web.archive.org/web/20131012221012/http://www.trendinalia.com:80/twitter-trending-topics/colombia/colombia-today.html"
    },
    "last": {
      "datetime": "2018-01-22T01:44:16Z",
      "uri": "http://web.archive.org/web/20180122014416/http://www.trendinalia.com/twitter-trending-topics/colombia/colombia-today.html"
    }
  },
  "timemap_uri": {
    "link_format": "https://memgator.cs.odu.edu/timemap/link/http://www.trendinalia.com/twitter-trending-topics/colombia/colombia-today.html",
    "json_format": "https://memgator.cs.odu.edu/timemap/json/http://www.trendinalia.com/twitter-trending-topics/colombia/colombia-today.html",
    "cdxj_format": "https://memgator.cs.odu.edu/timemap/cdxj/http://www.trendinalia.com/twitter-trending-topics/colombia/colombia-today.html"
  },
  "timegate_uri": "https://memgator.cs.odu.edu/timegate/http://www.trendinalia.com/twitter-trending-topics/colombia/colombia-today.html"
}