{
  "original_uri": "https://www.npr.org/2016/02/02/465268206/coin-toss-fact-check-no-coin-flips-did-not-win-iowa-for-hillary-clinton",
  "self": "https://memgator.cs.odu.edu/timemap/json/https://www.npr.org/2016/02/02/465268206/coin-toss-fact-check-no-coin-flips-did-not-win-iowa-for-hillary-clinton",
  "mementos": {
    "list": [
      {
        "datetime": "2016-02-03T00:44:54Z",
        "uri": "http://web.archive.org/web/20160203004454/http://www.npr.org/2016/02/02/465268206/coin-toss-fact-check-no-coin-flips-did-not-win-iowa-for-hillary-clinton"
      },
      {
        "datetime": "2016-02-03T02:12:35Z",
        "uri": "http://web.archive.org/web/20160203021235/http://www.npr.org/2016/02/02/465268206/coin-toss-fact-check-no-coin-flips-did-not-win-iowa-for-hillary-clinton"
      },
      {
        "datetime": "2016-02-03T02:32:10Z",
        "uri": "http://web.archive.org/web/20160203023210/http://www.npr.org/2016/02/02/465268206/coin-toss-fact-check-no-coin-flips-did-not-win-iowa-for-hillary-clinton"
      },
      {
        "datetime": "2016-02-03T02:32:17Z",
        "uri": "http://web.archive.org/web/20160203023217/http://www.npr.org/2016/02/02/465268206/coin-toss-fact-check-no-coin-flips-did-not-win-iowa-for-hillary-clinton"
      },
      {
        "datetime": "2016-02-03T02:49:12Z",
        "uri": "http://web.archive.org/web/20160203024912/http://www.npr.org/2016/02/02/465268206/coin-toss-fact-check-no-coin-flips-did-not-win-iowa-for-hillary-clinton"
      },
      {
        "datetime": "2016-02-03T04:14:10Z",
        "uri": "http://web.archive.org/web/20160203041410/http://www.npr.org/2016/02/02/465268206/coin-toss-fact-check-no-coin-flips-did-not-win-iowa-for-hillary-clinton"
      },
      {
        "datetime": "2016-02-03T06:11:33Z",
        "uri": "http://web.archive.org/web/20160203061133/http://www.npr.org/2016/02/02/465268206/coin-toss-fact-check-no-coin-flips-did-not-win-iowa-for-hillary-clinton"
      },
      {
        "datetime": "2016-02-03T07:32:55Z",
        "uri": "http://web.archive.org/web/20160203073255/http://www.npr.org/2016/02/02/465268206/coin-toss-fact-check-no-coin-flips-did-not-win-iowa-for-hillary-clinton"
      },
      {
        "datetime": "2016-02-03T07:34:39Z",
        "uri": "http://web.archive.org/web/20160203073439/http://www.npr.org/2016/02/02/465268206/coin-toss-fact-check-no-coin-flips-did-not-win-iowa-for-hillary-clinton"
      },
      {
        "datetime": "2016-02-03T08:56:31Z",
        "uri": "http://web.archive.org/web/20160203085631/http://www.npr.org/2016/02/02/465268206/coin-toss-fact-check-no-coin-flips-did-not-win-iowa-for-hillary-clinton"
      },
      {
        "datetime": "2016-02-04T07:16:52Z",
        "uri": "http://web.archive.org/web/20160204071652/http://www.npr.org/2016/02/02/465268206/coin-toss-fact-check-no-coin-flips-did-not-win-iowa-for-hillary-clinton"
      },
      {
        "datetime": "2016-02-04T09:10:29Z",
        "uri": "http://web.archive.org/web/20160204091029/http://www.npr.org/2016/02/02/465268206/coin-toss-fact-check-no-coin-flips-did-not-win-iowa-for-hillary-clinton"
      },
      {
        "datetime": "2016-02-04T11:47:55Z",
        "uri": "http://archive.is/20160204114755/http://www.npr.org/2016/02/02/465268206/coin-toss-fact-check-no-coin-flips-did-not-win-iowa-for-hillary-clinton"
      },
      {
        "datetime": "2016-02-04T11:51:28Z",
        "uri": "http://web.archive.org/web/20160204115128/http://www.npr.org:80/2016/02/02/465268206/coin-toss-fact-check-no-coin-flips-did-not-win-iowa-for-hillary-clinton"
      },
      {
        "datetime": "2016-02-04T15:30:54Z",
        "uri": "http://web.archive.org/web/20160204153054/http://www.npr.org/2016/02/02/465268206/coin-toss-fact-check-no-coin-flips-did-not-win-iowa-for-hillary-clinton"
      },
      {
        "datetime": "2016-02-04T22:58:21Z",
        "uri": "http://web.archive.org/web/20160204225821/http://www.npr.org/2016/02/02/465268206/coin-toss-fact-check-no-coin-flips-did-not-win-iowa-for-hillary-clinton"
      },
      {
        "datetime": "2016-02-05T05:10:07Z",
        "uri": "http://arquivo.pt/wayback/20160205051007/http://www.npr.org/2016/02/02/465268206/coin-toss-fact-check-no-coin-flips-did-not-win-iowa-for-hillary-clinton"
      },
      {
        "datetime": "2016-02-05T05:10:07Z",
        "uri": "http://web.archive.org/web/20160205051007/http://www.npr.org/2016/02/02/465268206/coin-toss-fact-check-no-coin-flips-did-not-win-iowa-for-hillary-clinton"
      },
      {
        "datetime": "2016-02-06T00:54:45Z",
        "uri": "http://web.archive.org/web/20160206005445/http://www.npr.org/2016/02/02/465268206/coin-toss-fact-check-no-coin-flips-did-not-win-iowa-for-hillary-clinton"
      },
      {
        "datetime": "2016-02-06T03:51:24Z",
        "uri": "http://web.archive.org/web/20160206035124/http://www.npr.org:80/2016/02/02/465268206/coin-toss-fact-check-no-coin-flips-did-not-win-iowa-for-hillary-clinton"
      },
      {
        "datetime": "2016-02-06T03:51:29Z",
        "uri": "http://web.archive.org/web/20160206035129/http://www.npr.org:80/2016/02/02/465268206/coin-toss-fact-check-no-coin-flips-did-not-win-iowa-for-hillary-clinton?"
      },
      {
        "datetime": "2016-02-07T13:10:09Z",
        "uri": "http://web.archive.org/web/20160207131009/http://www.npr.org/2016/02/02/465268206/coin-toss-fact-check-no-coin-flips-did-not-win-iowa-for-hillary-clinton"
      },
      {
        "datetime": "2016-02-08T22:19:54Z",
        "uri": "http://web.archive.org/web/20160208221954/http://www.npr.org/2016/02/02/465268206/coin-toss-fact-check-no-coin-flips-did-not-win-iowa-for-hillary-clinton"
      },
      {
        "datetime": "2016-02-10T08:53:39Z",
        "uri": "http://web.archive.org/web/20160210085339/http://www.npr.org/2016/02/02/465268206/coin-toss-fact-check-no-coin-flips-did-not-win-iowa-for-hillary-clinton"
      },
      {
        "datetime": "2016-02-10T09:02:27Z",
        "uri": "http://web.archive.org/web/20160210090227/http://www.npr.org/2016/02/02/465268206/coin-toss-fact-check-no-coin-flips-did-not-win-iowa-for-hillary-clinton"
      },
      {
        "datetime": "2016-02-11T19:33:26Z",
        "uri": "http://web.archive.org/web/20160211193326/http://www.npr.org/2016/02/02/465268206/coin-toss-fact-check-no-coin-flips-did-not-win-iowa-for-hillary-clinton"
      },
      {
        "datetime": "2016-02-13T06:59:02Z",
        "uri": "http://web.archive.org/web/20160213065902/http://www.npr.org/2016/02/02/465268206/coin-toss-fact-check-no-coin-flips-did-not-win-iowa-for-hillary-clinton"
      },
      {
        "datetime": "2016-02-14T22:35:35Z",
        "uri": "http://web.archive.org/web/20160214223535/http://www.npr.org/2016/02/02/465268206/coin-toss-fact-check-no-coin-flips-did-not-win-iowa-for-hillary-clinton"
      },
      {
        "datetime": "2016-02-16T06:40:29Z",
        "uri": "http://web.archive.org/web/20160216064029/http://www.npr.org/2016/02/02/465268206/coin-toss-fact-check-no-coin-flips-did-not-win-iowa-for-hillary-clinton"
      },
      {
        "datetime": "2016-02-17T14:51:00Z",
        "uri": "http://web.archive.org/web/20160217145100/http://www.npr.org/2016/02/02/465268206/coin-toss-fact-check-no-coin-flips-did-not-win-iowa-for-hillary-clinton"
      },
      {
        "datetime": "2016-02-17T17:16:12Z",
        "uri": "http://web.archive.org/web/20160217171612/http://www.npr.org/2016/02/02/465268206/coin-toss-fact-check-no-coin-flips-did-not-win-iowa-for-hillary-clinton"
      },
      {
        "datetime": "2016-02-17T17:57:35Z",
        "uri": "http://web.archive.org/web/20160217175735/http://www.npr.org:80/2016/02/02/465268206/coin-toss-fact-check-no-coin-flips-did-not-win-iowa-for-hillary-clinton"
      },
      {
        "datetime": "2016-02-18T04:49:29Z",
        "uri": "http://web.archive.org/web/20160218044929/http://www.npr.org:80/2016/02/02/465268206/coin-toss-fact-check-no-coin-flips-did-not-win-iowa-for-hillary-clinton"
      },
      {
        "datetime": "2016-02-19T03:20:42Z",
        "uri": "http://web.archive.org/web/20160219032042/http://www.npr.org/2016/02/02/465268206/coin-toss-fact-check-no-coin-flips-did-not-win-iowa-for-hillary-clinton"
      },
      {
        "datetime": "2016-02-20T09:53:47Z",
        "uri": "http://webarchive.loc.gov/all/20160220095347/http://www.npr.org/2016/02/02/465268206/coin-toss-fact-check-no-coin-flips-did-not-win-iowa-for-hillary-clinton"
      },
      {
        "datetime": "2016-02-20T11:59:35Z",
        "uri": "http://web.archive.org/web/20160220115935/http://www.npr.org/2016/02/02/465268206/coin-toss-fact-check-no-coin-flips-did-not-win-iowa-for-hillary-clinton"
      },
      {
        "datetime": "2016-02-22T01:32:19Z",
        "uri": "http://web.archive.org/web/20160222013219/http://www.npr.org/2016/02/02/465268206/coin-toss-fact-check-no-coin-flips-did-not-win-iowa-for-hillary-clinton"
      },
      {
        "datetime": "2016-02-23T09:14:58Z",
        "uri": "http://web.archive.org/web/20160223091458/http://www.npr.org/2016/02/02/465268206/coin-toss-fact-check-no-coin-flips-did-not-win-iowa-for-hillary-clinton"
      },
      {
        "datetime": "2016-02-24T01:13:11Z",
        "uri": "http://web.archive.org/web/20160224011311/http://www.npr.org:80/2016/02/02/465268206/coin-toss-fact-check-no-coin-flips-did-not-win-iowa-for-hillary-clinton"
      },
      {
        "datetime": "2016-02-24T19:33:59Z",
        "uri": "http://web.archive.org/web/20160224193359/http://www.npr.org/2016/02/02/465268206/coin-toss-fact-check-no-coin-flips-did-not-win-iowa-for-hillary-clinton"
      },
      {
        "datetime": "2016-02-25T01:34:50Z",
        "uri": "http://webarchive.loc.gov/all/20160225013450/http://www.npr.org/2016/02/02/465268206/coin-toss-fact-check-no-coin-flips-did-not-win-iowa-for-hillary-clinton"
      },
      {
        "datetime": "2016-02-26T05:47:50Z",
        "uri": "http://web.archive.org/web/20160226054750/http://www.npr.org/2016/02/02/465268206/coin-toss-fact-check-no-coin-flips-did-not-win-iowa-for-hillary-clinton"
      },
      {
        "datetime": "2016-02-26T11:34:31Z",
        "uri": "http://webarchive.loc.gov/all/20160226113431/http://www.npr.org/2016/02/02/465268206/coin-toss-fact-check-no-coin-flips-did-not-win-iowa-for-hillary-clinton"
      },
      {
        "datetime": "2016-02-27T15:18:47Z",
        "uri": "http://web.archive.org/web/20160227151847/http://www.npr.org/2016/02/02/465268206/coin-toss-fact-check-no-coin-flips-did-not-win-iowa-for-hillary-clinton"
      },
      {
        "datetime": "2016-02-29T01:31:01Z",
        "uri": "http://web.archive.org/web/20160229013101/http://www.npr.org/2016/02/02/465268206/coin-toss-fact-check-no-coin-flips-did-not-win-iowa-for-hillary-clinton"
      },
      {
        "datetime": "2016-02-29T17:44:21Z",
        "uri": "http://web.archive.org/web/20160229174421/http://www.npr.org:80/2016/02/02/465268206/coin-toss-fact-check-no-coin-flips-did-not-win-iowa-for-hillary-clinton"
      },
      {
        "datetime": "2016-03-01T11:48:27Z",
        "uri": "http://web.archive.org/web/20160301114827/http://www.npr.org/2016/02/02/465268206/coin-toss-fact-check-no-coin-flips-did-not-win-iowa-for-hillary-clinton"
      },
      {
        "datetime": "2016-03-02T19:46:03Z",
        "uri": "http://web.archive.org/web/20160302194603/http://www.npr.org/2016/02/02/465268206/coin-toss-fact-check-no-coin-flips-did-not-win-iowa-for-hillary-clinton"
      },
      {
        "datetime": "2016-03-04T05:42:56Z",
        "uri": "http://web.archive.org/web/20160304054256/http://www.npr.org/2016/02/02/465268206/coin-toss-fact-check-no-coin-flips-did-not-win-iowa-for-hillary-clinton"
      },
      {
        "datetime": "2016-03-04T21:31:43Z",
        "uri": "http://webarchive.loc.gov/all/20160304213143/http://www.npr.org/2016/02/02/465268206/coin-toss-fact-check-no-coin-flips-did-not-win-iowa-for-hillary-clinton"
      },
      {
        "datetime": "2016-03-05T00:22:03Z",
        "uri": "http://web.archive.org/web/20160305002203/http://www.npr.org/2016/02/02/465268206/coin-toss-fact-check-no-coin-flips-did-not-win-iowa-for-hillary-clinton"
      },
      {
        "datetime": "2016-03-05T06:14:58Z",
        "uri": "http://web.archive.org/web/20160305061458/http://www.npr.org:80/2016/02/02/465268206/coin-toss-fact-check-no-coin-flips-did-not-win-iowa-for-hillary-clinton"
      },
      {
        "datetime": "2016-03-07T20:58:52Z",
        "uri": "http://web.archive.org/web/20160307205852/http://www.npr.org:80/2016/02/02/465268206/coin-toss-fact-check-no-coin-flips-did-not-win-iowa-for-hillary-clinton?"
      },
      {
        "datetime": "2016-03-08T13:16:52Z",
        "uri": "http://web.archive.org/web/20160308131652/http://www.npr.org/2016/02/02/465268206/coin-toss-fact-check-no-coin-flips-did-not-win-iowa-for-hillary-clinton"
      },
      {
        "datetime": "2016-03-10T19:22:44Z",
        "uri": "http://web.archive.org/web/20160310192244/http://www.npr.org/2016/02/02/465268206/coin-toss-fact-check-no-coin-flips-did-not-win-iowa-for-hillary-clinton"
      },
      {
        "datetime": "2016-03-12T01:35:23Z",
        "uri": "http://webarchive.loc.gov/all/20160312013523/http://www.npr.org/2016/02/02/465268206/coin-toss-fact-check-no-coin-flips-did-not-win-iowa-for-hillary-clinton"
      },
      {
        "datetime": "2016-03-12T06:16:44Z",
        "uri": "http://web.archive.org/web/20160312061644/http://www.npr.org/2016/02/02/465268206/coin-toss-fact-check-no-coin-flips-did-not-win-iowa-for-hillary-clinton"
      },
      {
        "datetime": "2016-03-12T06:25:18Z",
        "uri": "http://web.archive.org/web/20160312062518/http://www.npr.org/2016/02/02/465268206/coin-toss-fact-check-no-coin-flips-did-not-win-iowa-for-hillary-clinton"
      },
      {
        "datetime": "2016-03-12T10:20:03Z",
        "uri": "http://web.archive.org/web/20160312102003/http://www.npr.org/2016/02/02/465268206/coin-toss-fact-check-no-coin-flips-did-not-win-iowa-for-hillary-clinton"
      },
      {
        "datetime": "2016-03-13T18:34:57Z",
        "uri": "http://web.archive.org/web/20160313183457/http://www.npr.org/2016/02/02/465268206/coin-toss-fact-check-no-coin-flips-did-not-win-iowa-for-hillary-clinton"
      },
      {
        "datetime": "2016-03-13T18:53:45Z",
        "uri": "http://web.archive.org/web/20160313185345/http://www.npr.org/2016/02/02/465268206/coin-toss-fact-check-no-coin-flips-did-not-win-iowa-for-hillary-clinton"
      },
      {
        "datetime": "2016-03-15T05:09:22Z",
        "uri": "http://web.archive.org/web/20160315050922/http://www.npr.org/2016/02/02/465268206/coin-toss-fact-check-no-coin-flips-did-not-win-iowa-for-hillary-clinton"
      },
      {
        "datetime": "2016-03-15T08:49:03Z",
        "uri": "http://web.archive.org/web/20160315084903/http://www.npr.org/2016/02/02/465268206/coin-toss-fact-check-no-coin-flips-did-not-win-iowa-for-hillary-clinton"
      },
      {
        "datetime": "2016-03-15T09:41:42Z",
        "uri": "http://web.archive.org/web/20160315094142/http://www.npr.org:80/2016/02/02/465268206/coin-toss-fact-check-no-coin-flips-did-not-win-iowa-for-hillary-clinton"
      },
      {
        "datetime": "2016-03-16T14:38:32Z",
        "uri": "http://web.archive.org/web/20160316143832/http://www.npr.org/2016/02/02/465268206/coin-toss-fact-check-no-coin-flips-did-not-win-iowa-for-hillary-clinton"
      },
      {
        "datetime": "2016-03-18T03:15:46Z",
        "uri": "http://web.archive.org/web/20160318031546/http://www.npr.org/2016/02/02/465268206/coin-toss-fact-check-no-coin-flips-did-not-win-iowa-for-hillary-clinton"
      },
      {
        "datetime": "2016-03-19T07:20:52Z",
        "uri": "http://web.archive.org/web/20160319072052/http://www.npr.org/2016/02/02/465268206/coin-toss-fact-check-no-coin-flips-did-not-win-iowa-for-hillary-clinton"
      },
      {
        "datetime": "2016-03-20T08:30:03Z",
        "uri": "http://web.archive.org/web/20160320083003/http://www.npr.org/2016/02/02/465268206/coin-toss-fact-check-no-coin-flips-did-not-win-iowa-for-hillary-clinton"
      },
      {
        "datetime": "2016-03-20T15:44:32Z",
        "uri": "http://web.archive.org/web/20160320154432/http://www.npr.org/2016/02/02/465268206/coin-toss-fact-check-no-coin-flips-did-not-win-iowa-for-hillary-clinton"
      },
      {
        "datetime": "2016-03-21T21:01:01Z",
        "uri": "http://web.archive.org/web/20160321210101/http://www.npr.org:80/2016/02/02/465268206/coin-toss-fact-check-no-coin-flips-did-not-win-iowa-for-hillary-clinton"
      },
      {
        "datetime": "2016-03-21T23:29:53Z",
        "uri": "http://web.archive.org/web/20160321232953/http://www.npr.org/2016/02/02/465268206/coin-toss-fact-check-no-coin-flips-did-not-win-iowa-for-hillary-clinton"
      },
      {
        "datetime": "2016-03-21T23:55:09Z",
        "uri": "http://web.archive.org/web/20160321235509/http://www.npr.org/2016/02/02/465268206/coin-toss-fact-check-no-coin-flips-did-not-win-iowa-for-hillary-clinton"
      },
      {
        "datetime": "2016-03-23T07:22:06Z",
        "uri": "http://web.archive.org/web/20160323072206/http://www.npr.org/2016/02/02/465268206/coin-toss-fact-check-no-coin-flips-did-not-win-iowa-for-hillary-clinton"
      },
      {
        "datetime": "2016-03-23T14:16:08Z",
        "uri": "http://web.archive.org/web/20160323141608/http://www.npr.org/2016/02/02/465268206/coin-toss-fact-check-no-coin-flips-did-not-win-iowa-for-hillary-clinton"
      },
      {
        "datetime": "2016-03-24T16:53:37Z",
        "uri": "http://web.archive.org/web/20160324165337/http://www.npr.org/2016/02/02/465268206/coin-toss-fact-check-no-coin-flips-did-not-win-iowa-for-hillary-clinton"
      },
      {
        "datetime": "2016-03-25T06:18:18Z",
        "uri": "http://web.archive.org/web/20160325061818/http://www.npr.org/2016/02/02/465268206/coin-toss-fact-check-no-coin-flips-did-not-win-iowa-for-hillary-clinton"
      },
      {
        "datetime": "2016-03-26T01:05:28Z",
        "uri": "http://web.archive.org/web/20160326010528/http://www.npr.org/2016/02/02/465268206/coin-toss-fact-check-no-coin-flips-did-not-win-iowa-for-hillary-clinton"
      },
      {
        "datetime": "2016-03-27T08:32:07Z",
        "uri": "http://web.archive.org/web/20160327083207/http://www.npr.org/2016/02/02/465268206/coin-toss-fact-check-no-coin-flips-did-not-win-iowa-for-hillary-clinton"
      },
      {
        "datetime": "2016-03-28T18:54:43Z",
        "uri": "http://web.archive.org/web/20160328185443/http://www.npr.org/2016/02/02/465268206/coin-toss-fact-check-no-coin-flips-did-not-win-iowa-for-hillary-clinton"
      },
      {
        "datetime": "2016-03-30T05:37:06Z",
        "uri": "http://web.archive.org/web/20160330053706/http://www.npr.org/2016/02/02/465268206/coin-toss-fact-check-no-coin-flips-did-not-win-iowa-for-hillary-clinton"
      },
      {
        "datetime": "2016-03-30T07:19:40Z",
        "uri": "http://web.archive.org/web/20160330071940/http://www.npr.org:80/2016/02/02/465268206/coin-toss-fact-check-no-coin-flips-did-not-win-iowa-for-hillary-clinton"
      },
      {
        "datetime": "2016-03-31T12:48:21Z",
        "uri": "http://web.archive.org/web/20160331124821/http://www.npr.org/2016/02/02/465268206/coin-toss-fact-check-no-coin-flips-did-not-win-iowa-for-hillary-clinton"
      },
      {
        "datetime": "2016-04-01T19:13:31Z",
        "uri": "http://web.archive.org/web/20160401191331/http://www.npr.org/2016/02/02/465268206/coin-toss-fact-check-no-coin-flips-did-not-win-iowa-for-hillary-clinton"
      },
      {
        "datetime": "2016-04-03T01:09:39Z",
        "uri": "http://web.archive.org/web/20160403010939/http://www.npr.org/2016/02/02/465268206/coin-toss-fact-check-no-coin-flips-did-not-win-iowa-for-hillary-clinton"
      },
      {
        "datetime": "2016-04-03T04:08:25Z",
        "uri": "http://web.archive.org/web/20160403040825/http://www.npr.org/2016/02/02/465268206/coin-toss-fact-check-no-coin-flips-did-not-win-iowa-for-hillary-clinton"
      },
      {
        "datetime": "2016-04-04T10:55:50Z",
        "uri": "http://web.archive.org/web/20160404105550/http://www.npr.org/2016/02/02/465268206/coin-toss-fact-check-no-coin-flips-did-not-win-iowa-for-hillary-clinton"
      },
      {
        "datetime": "2016-04-05T22:59:44Z",
        "uri": "http://web.archive.org/web/20160405225944/http://www.npr.org/2016/02/02/465268206/coin-toss-fact-check-no-coin-flips-did-not-win-iowa-for-hillary-clinton"
      },
      {
        "datetime": "2016-04-06T07:56:01Z",
        "uri": "http://web.archive.org/web/20160406075601/http://www.npr.org/2016/02/02/465268206/coin-toss-fact-check-no-coin-flips-did-not-win-iowa-for-hillary-clinton"
      },
      {
        "datetime": "2016-04-07T07:52:02Z",
        "uri": "http://web.archive.org/web/20160407075202/http://www.npr.org/2016/02/02/465268206/coin-toss-fact-check-no-coin-flips-did-not-win-iowa-for-hillary-clinton"
      },
      {
        "datetime": "2016-04-08T01:37:23Z",
        "uri": "http://web.archive.org/web/20160408013723/http://www.npr.org:80/2016/02/02/465268206/coin-toss-fact-check-no-coin-flips-did-not-win-iowa-for-hillary-clinton"
      },
      {
        "datetime": "2016-04-08T03:07:03Z",
        "uri": "http://web.archive.org/web/20160408030703/http://www.npr.org:80/2016/02/02/465268206/coin-toss-fact-check-no-coin-flips-did-not-win-iowa-for-hillary-clinton?"
      },
      {
        "datetime": "2016-04-08T17:43:56Z",
        "uri": "http://web.archive.org/web/20160408174356/http://www.npr.org/2016/02/02/465268206/coin-toss-fact-check-no-coin-flips-did-not-win-iowa-for-hillary-clinton"
      },
      {
        "datetime": "2016-04-10T02:15:32Z",
        "uri": "http://web.archive.org/web/20160410021532/http://www.npr.org/2016/02/02/465268206/coin-toss-fact-check-no-coin-flips-did-not-win-iowa-for-hillary-clinton"
      },
      {
        "datetime": "2016-04-11T12:26:42Z",
        "uri": "http://web.archive.org/web/20160411122642/http://www.npr.org/2016/02/02/465268206/coin-toss-fact-check-no-coin-flips-did-not-win-iowa-for-hillary-clinton"
      },
      {
        "datetime": "2016-04-12T05:12:38Z",
        "uri": "http://web.archive.org/web/20160412051238/http://www.npr.org/2016/02/02/465268206/coin-toss-fact-check-no-coin-flips-did-not-win-iowa-for-hillary-clinton"
      },
      {
        "datetime": "2016-04-12T20:48:26Z",
        "uri": "http://web.archive.org/web/20160412204826/http://www.npr.org/2016/02/02/465268206/coin-toss-fact-check-no-coin-flips-did-not-win-iowa-for-hillary-clinton"
      },
      {
        "datetime": "2016-04-14T21:29:32Z",
        "uri": "http://web.archive.org/web/20160414212932/http://www.npr.org/2016/02/02/465268206/coin-toss-fact-check-no-coin-flips-did-not-win-iowa-for-hillary-clinton"
      },
      {
        "datetime": "2016-04-16T06:41:49Z",
        "uri": "http://web.archive.org/web/20160416064149/http://www.npr.org/2016/02/02/465268206/coin-toss-fact-check-no-coin-flips-did-not-win-iowa-for-hillary-clinton"
      },
      {
        "datetime": "2016-04-17T11:57:03Z",
        "uri": "http://web.archive.org/web/20160417115703/http://www.npr.org/2016/02/02/465268206/coin-toss-fact-check-no-coin-flips-did-not-win-iowa-for-hillary-clinton"
      },
      {
        "datetime": "2016-04-17T16:27:01Z",
        "uri": "http://web.archive.org/web/20160417162701/http://www.npr.org/2016/02/02/465268206/coin-toss-fact-check-no-coin-flips-did-not-win-iowa-for-hillary-clinton"
      },
      {
        "datetime": "2016-04-19T02:10:37Z",
        "uri": "http://web.archive.org/web/20160419021037/http://www.npr.org/2016/02/02/465268206/coin-toss-fact-check-no-coin-flips-did-not-win-iowa-for-hillary-clinton"
      },
      {
        "datetime": "2016-04-19T17:55:20Z",
        "uri": "http://webarchive.loc.gov/all/20160419175520/http://www.npr.org/2016/02/02/465268206/coin-toss-fact-check-no-coin-flips-did-not-win-iowa-for-hillary-clinton"
      },
      {
        "datetime": "2016-04-20T20:32:13Z",
        "uri": "http://web.archive.org/web/20160420203213/http://www.npr.org:80/2016/02/02/465268206/coin-toss-fact-check-no-coin-flips-did-not-win-iowa-for-hillary-clinton"
      },
      {
        "datetime": "2016-05-05T10:53:29Z",
        "uri": "http://web.archive.org/web/20160505105329/http://www.npr.org/2016/02/02/465268206/coin-toss-fact-check-no-coin-flips-did-not-win-iowa-for-hillary-clinton"
      },
      {
        "datetime": "2016-05-05T17:44:03Z",
        "uri": "http://web.archive.org/web/20160505174403/http://www.npr.org:80/2016/02/02/465268206/coin-toss-fact-check-no-coin-flips-did-not-win-iowa-for-hillary-clinton"
      },
      {
        "datetime": "2016-05-09T04:34:04Z",
        "uri": "http://web.archive.org/web/20160509043404/http://www.npr.org/2016/02/02/465268206/coin-toss-fact-check-no-coin-flips-did-not-win-iowa-for-hillary-clinton"
      },
      {
        "datetime": "2016-05-09T11:21:43Z",
        "uri": "http://webarchive.loc.gov/all/20160509112143/http://www.npr.org/2016/02/02/465268206/coin-toss-fact-check-no-coin-flips-did-not-win-iowa-for-hillary-clinton"
      },
      {
        "datetime": "2016-05-10T11:22:29Z",
        "uri": "http://web.archive.org/web/20160510112229/http://www.npr.org:80/2016/02/02/465268206/coin-toss-fact-check-no-coin-flips-did-not-win-iowa-for-hillary-clinton?"
      },
      {
        "datetime": "2016-05-10T16:55:28Z",
        "uri": "http://web.archive.org/web/20160510165528/http://www.npr.org/2016/02/02/465268206/coin-toss-fact-check-no-coin-flips-did-not-win-iowa-for-hillary-clinton"
      },
      {
        "datetime": "2016-05-23T22:00:59Z",
        "uri": "http://webarchive.loc.gov/all/20160523220059/http://www.npr.org/2016/02/02/465268206/coin-toss-fact-check-no-coin-flips-did-not-win-iowa-for-hillary-clinton"
      },
      {
        "datetime": "2016-05-26T18:49:12Z",
        "uri": "http://web.archive.org/web/20160526184912/http://www.npr.org:80/2016/02/02/465268206/coin-toss-fact-check-no-coin-flips-did-not-win-iowa-for-hillary-clinton"
      },
      {
        "datetime": "2016-06-02T10:17:08Z",
        "uri": "http://web.archive.org/web/20160602101708/http://www.npr.org/2016/02/02/465268206/coin-toss-fact-check-no-coin-flips-did-not-win-iowa-for-hillary-clinton"
      },
      {
        "datetime": "2016-06-03T19:56:48Z",
        "uri": "http://web.archive.org/web/20160603195648/http://www.npr.org/2016/02/02/465268206/coin-toss-fact-check-no-coin-flips-did-not-win-iowa-for-hillary-clinton"
      },
      {
        "datetime": "2016-06-05T05:01:11Z",
        "uri": "http://web.archive.org/web/20160605050111/http://www.npr.org/2016/02/02/465268206/coin-toss-fact-check-no-coin-flips-did-not-win-iowa-for-hillary-clinton"
      },
      {
        "datetime": "2016-06-06T13:23:47Z",
        "uri": "http://web.archive.org/web/20160606132347/http://www.npr.org/2016/02/02/465268206/coin-toss-fact-check-no-coin-flips-did-not-win-iowa-for-hillary-clinton"
      },
      {
        "datetime": "2016-06-06T21:53:27Z",
        "uri": "http://web.archive.org/web/20160606215327/http://www.npr.org/2016/02/02/465268206/coin-toss-fact-check-no-coin-flips-did-not-win-iowa-for-hillary-clinton"
      },
      {
        "datetime": "2016-06-07T22:31:11Z",
        "uri": "http://web.archive.org/web/20160607223111/http://www.npr.org/2016/02/02/465268206/coin-toss-fact-check-no-coin-flips-did-not-win-iowa-for-hillary-clinton"
      },
      {
        "datetime": "2016-06-10T10:58:06Z",
        "uri": "http://web.archive.org/web/20160610105806/http://www.npr.org/2016/02/02/465268206/coin-toss-fact-check-no-coin-flips-did-not-win-iowa-for-hillary-clinton"
      },
      {
        "datetime": "2016-06-11T21:10:52Z",
        "uri": "http://web.archive.org/web/20160611211052/http://www.npr.org/2016/02/02/465268206/coin-toss-fact-check-no-coin-flips-did-not-win-iowa-for-hillary-clinton"
      },
      {
        "datetime": "2016-06-13T06:04:50Z",
        "uri": "http://web.archive.org/web/20160613060450/http://www.npr.org/2016/02/02/465268206/coin-toss-fact-check-no-coin-flips-did-not-win-iowa-for-hillary-clinton"
      },
      {
        "datetime": "2016-06-14T15:17:22Z",
        "uri": "http://web.archive.org/web/20160614151722/http://www.npr.org/2016/02/02/465268206/coin-toss-fact-check-no-coin-flips-did-not-win-iowa-for-hillary-clinton"
      },
      {
        "datetime": "2016-06-16T04:08:52Z",
        "uri": "http://web.archive.org/web/20160616040852/http://www.npr.org/2016/02/02/465268206/coin-toss-fact-check-no-coin-flips-did-not-win-iowa-for-hillary-clinton"
      },
      {
        "datetime": "2016-06-16T21:13:24Z",
        "uri": "http://web.archive.org/web/20160616211324/http://www.npr.org/2016/02/02/465268206/coin-toss-fact-check-no-coin-flips-did-not-win-iowa-for-hillary-clinton"
      },
      {
        "datetime": "2016-06-17T09:22:57Z",
        "uri": "http://web.archive.org/web/20160617092257/http://www.npr.org/2016/02/02/465268206/coin-toss-fact-check-no-coin-flips-did-not-win-iowa-for-hillary-clinton"
      },
      {
        "datetime": "2016-06-18T19:07:41Z",
        "uri": "http://web.archive.org/web/20160618190741/http://www.npr.org/2016/02/02/465268206/coin-toss-fact-check-no-coin-flips-did-not-win-iowa-for-hillary-clinton"
      },
      {
        "datetime": "2016-06-22T05:12:12Z",
        "uri": "http://web.archive.org/web/20160622051212/http://www.npr.org:80/2016/02/02/465268206/coin-toss-fact-check-no-coin-flips-did-not-win-iowa-for-hillary-clinton"
      },
      {
        "datetime": "2016-06-24T14:41:23Z",
        "uri": "http://web.archive.org/web/20160624144123/http://www.npr.org/2016/02/02/465268206/coin-toss-fact-check-no-coin-flips-did-not-win-iowa-for-hillary-clinton"
      },
      {
        "datetime": "2016-06-25T20:10:48Z",
        "uri": "http://web.archive.org/web/20160625201048/http://www.npr.org/2016/02/02/465268206/coin-toss-fact-check-no-coin-flips-did-not-win-iowa-for-hillary-clinton"
      },
      {
        "datetime": "2016-06-28T05:06:06Z",
        "uri": "http://webarchive.loc.gov/all/20160628050606/http://www.npr.org/2016/02/02/465268206/coin-toss-fact-check-no-coin-flips-did-not-win-iowa-for-hillary-clinton"
      },
      {
        "datetime": "2016-07-19T08:22:23Z",
        "uri": "http://webarchive.loc.gov/all/20160719082223/http://www.npr.org/2016/02/02/465268206/coin-toss-fact-check-no-coin-flips-did-not-win-iowa-for-hillary-clinton"
      },
      {
        "datetime": "2016-07-26T16:34:54Z",
        "uri": "http://web.archive.org/web/20160726163454/http://www.npr.org:80/2016/02/02/465268206/coin-toss-fact-check-no-coin-flips-did-not-win-iowa-for-hillary-clinton"
      },
      {
        "datetime": "2016-08-01T19:33:26Z",
        "uri": "http://webarchive.loc.gov/all/20160801193326/http://www.npr.org/2016/02/02/465268206/coin-toss-fact-check-no-coin-flips-did-not-win-iowa-for-hillary-clinton"
      },
      {
        "datetime": "2016-08-04T02:50:31Z",
        "uri": "http://web.archive.org/web/20160804025031/http://www.npr.org/2016/02/02/465268206/coin-toss-fact-check-no-coin-flips-did-not-win-iowa-for-hillary-clinton"
      },
      {
        "datetime": "2016-08-06T11:48:13Z",
        "uri": "http://web.archive.org/web/20160806114813/http://www.npr.org/2016/02/02/465268206/coin-toss-fact-check-no-coin-flips-did-not-win-iowa-for-hillary-clinton"
      },
      {
        "datetime": "2016-08-10T07:34:32Z",
        "uri": "http://web.archive.org/web/20160810073432/http://www.npr.org/2016/02/02/465268206/coin-toss-fact-check-no-coin-flips-did-not-win-iowa-for-hillary-clinton"
      },
      {
        "datetime": "2016-08-11T18:08:54Z",
        "uri": "http://web.archive.org/web/20160811180854/http://www.npr.org/2016/02/02/465268206/coin-toss-fact-check-no-coin-flips-did-not-win-iowa-for-hillary-clinton"
      },
      {
        "datetime": "2016-08-18T16:09:43Z",
        "uri": "http://web.archive.org/web/20160818160943/http://www.npr.org/2016/02/02/465268206/coin-toss-fact-check-no-coin-flips-did-not-win-iowa-for-hillary-clinton"
      },
      {
        "datetime": "2016-08-30T14:03:27Z",
        "uri": "http://web.archive.org/web/20160830140327/http://www.npr.org:80/2016/02/02/465268206/coin-toss-fact-check-no-coin-flips-did-not-win-iowa-for-hillary-clinton"
      },
      {
        "datetime": "2016-10-06T15:58:35Z",
        "uri": "http://web.archive.org/web/20161006155835/http://www.npr.org:80/2016/02/02/465268206/coin-toss-fact-check-no-coin-flips-did-not-win-iowa-for-hillary-clinton"
      },
      {
        "datetime": "2016-10-23T16:49:03Z",
        "uri": "http://web.archive.org/web/20161023164903/http://www.npr.org/2016/02/02/465268206/coin-toss-fact-check-no-coin-flips-did-not-win-iowa-for-hillary-clinton"
      },
      {
        "datetime": "2016-11-01T15:18:50Z",
        "uri": "http://perma-archives.org/warc/20161101151850/http://www.npr.org/2016/02/02/465268206/coin-toss-fact-check-no-coin-flips-did-not-win-iowa-for-hillary-clinton"
      },
      {
        "datetime": "2016-11-01T15:18:50Z",
        "uri": "http://web.archive.org/web/20161101151850/http://www.npr.org/2016/02/02/465268206/coin-toss-fact-check-no-coin-flips-did-not-win-iowa-for-hillary-clinton"
      },
      {
        "datetime": "2016-11-07T03:17:17Z",
        "uri": "http://web.archive.org/web/20161107031717/http://www.npr.org:80/2016/02/02/465268206/coin-toss-fact-check-no-coin-flips-did-not-win-iowa-for-hillary-clinton"
      },
      {
        "datetime": "2016-12-20T12:17:25Z",
        "uri": "http://web.archive.org/web/20161220121725/http://www.npr.org/2016/02/02/465268206/coin-toss-fact-check-no-coin-flips-did-not-win-iowa-for-hillary-clinton"
      },
      {
        "datetime": "2016-12-23T14:30:03Z",
        "uri": "http://web.archive.org/web/20161223143003/http://www.npr.org/2016/02/02/465268206/coin-toss-fact-check-no-coin-flips-did-not-win-iowa-for-hillary-clinton"
      },
      {
        "datetime": "2017-02-28T02:46:49Z",
        "uri": "http://web.archive.org/web/20170228024649/http://www.npr.org/2016/02/02/465268206/coin-toss-fact-check-no-coin-flips-did-not-win-iowa-for-hillary-clinton"
      },
      {
        "datetime": "2017-03-01T01:14:04Z",
        "uri": "http://web.archive.org/web/20170301011404/http://www.npr.org/2016/02/02/465268206/coin-toss-fact-check-no-coin-flips-did-not-win-iowa-for-hillary-clinton"
      },
      {
        "datetime": "2017-04-25T02:18:17Z",
        "uri": "http://web.archive.org/web/20170425021817/http://www.npr.org:80/2016/02/02/465268206/coin-toss-fact-check-no-coin-flips-did-not-win-iowa-for-hillary-clinton"
      },
      {
        "datetime": "2017-04-25T20:20:52Z",
        "uri": "http://web.archive.org/web/20170425202052/http://www.npr.org:80/2016/02/02/465268206/coin-toss-fact-check-no-coin-flips-did-not-win-iowa-for-hillary-clinton"
      },
      {
        "datetime": "2017-05-07T03:22:40Z",
        "uri": "http://web.archive.org/web/20170507032240/http://www.npr.org/2016/02/02/465268206/coin-toss-fact-check-no-coin-flips-did-not-win-iowa-for-hillary-clinton"
      },
      {
        "datetime": "2017-05-20T22:26:22Z",
        "uri": "http://web.archive.org/web/20170520222622/http://www.npr.org/2016/02/02/465268206/coin-toss-fact-check-no-coin-flips-did-not-win-iowa-for-hillary-clinton"
      },
      {
        "datetime": "2017-05-25T15:59:15Z",
        "uri": "http://web.archive.org/web/20170525155915/http://www.npr.org/2016/02/02/465268206/coin-toss-fact-check-no-coin-flips-did-not-win-iowa-for-hillary-clinton"
      },
      {
        "datetime": "2017-05-27T02:29:02Z",
        "uri": "http://web.archive.org/web/20170527022902/http://www.npr.org:80/2016/02/02/465268206/coin-toss-fact-check-no-coin-flips-did-not-win-iowa-for-hillary-clinton"
      },
      {
        "datetime": "2017-06-13T21:01:19Z",
        "uri": "http://web.archive.org/web/20170613210119/http://www.npr.org/2016/02/02/465268206/coin-toss-fact-check-no-coin-flips-did-not-win-iowa-for-hillary-clinton"
      },
      {
        "datetime": "2017-06-27T02:24:05Z",
        "uri": "http://web.archive.org/web/20170627022405/http://www.npr.org:80/2016/02/02/465268206/coin-toss-fact-check-no-coin-flips-did-not-win-iowa-for-hillary-clinton"
      },
      {
        "datetime": "2017-07-05T18:16:25Z",
        "uri": "http://web.archive.org/web/20170705181625/http://www.npr.org/2016/02/02/465268206/coin-toss-fact-check-no-coin-flips-did-not-win-iowa-for-hillary-clinton"
      },
      {
        "datetime": "2017-07-21T20:46:24Z",
        "uri": "http://web.archive.org/web/20170721204624/http://www.npr.org/2016/02/02/465268206/coin-toss-fact-check-no-coin-flips-did-not-win-iowa-for-hillary-clinton"
      },
      {
        "datetime": "2017-07-28T03:21:10Z",
        "uri": "http://web.archive.org/web/20170728032110/http://www.npr.org:80/2016/02/02/465268206/coin-toss-fact-check-no-coin-flips-did-not-win-iowa-for-hillary-clinton"
      },
      {
        "datetime": "2017-09-30T05:26:59Z",
        "uri": "http://web.archive.org/web/20170930052659/http://www.npr.org/2016/02/02/465268206/coin-toss-fact-check-no-coin-flips-did-not-win-iowa-for-hillary-clinton"
      },
      {
        "datetime": "2017-11-15T06:06:22Z",
        "uri": "http://web.archive.org/web/20171115060622/http://www.npr.org/2016/02/02/465268206/coin-toss-fact-check-no-coin-flips-did-not-win-iowa-for-hillary-clinton"
      },
      {
        "datetime": "2017-11-15T06:06:23Z",
        "uri": "http://web.archive.org/web/20171115060623/https://www.npr.org/2016/02/02/465268206/coin-toss-fact-check-no-coin-flips-did-not-win-iowa-for-hillary-clinton"
      },
      {
        "datetime": "2017-12-23T04:05:52Z",
        "uri": "http://web.archive.org/web/20171223040552/https://www.npr.org/2016/02/02/465268206/coin-toss-fact-check-no-coin-flips-did-not-win-iowa-for-hillary-clinton"
      },
      {
        "datetime": "2017-12-29T03:46:17Z",
        "uri": "http://web.archive.org/web/20171229034617/https://www.npr.org/2016/02/02/465268206/coin-toss-fact-check-no-coin-flips-did-not-win-iowa-for-hillary-clinton"
      },
      {
        "datetime": "2017-12-30T09:07:37Z",
        "uri": "http://web.archive.org/web/20171230090737/https://www.npr.org/2016/02/02/465268206/coin-toss-fact-check-no-coin-flips-did-not-win-iowa-for-hillary-clinton"
      },
      {
        "datetime": "2017-12-31T09:44:42Z",
        "uri": "http://web.archive.org/web/20171231094442/https://www.npr.org/2016/02/02/465268206/coin-toss-fact-check-no-coin-flips-did-not-win-iowa-for-hillary-clinton"
      },
      {
        "datetime": "2018-01-01T10:34:43Z",
        "uri": "http://web.archive.org/web/20180101103443/https://www.npr.org/2016/02/02/465268206/coin-toss-fact-check-no-coin-flips-did-not-win-iowa-for-hillary-clinton"
      },
      {
        "datetime": "2018-01-02T10:24:35Z",
        "uri": "http://web.archive.org/web/20180102102435/https://www.npr.org/2016/02/02/465268206/coin-toss-fact-check-no-coin-flips-did-not-win-iowa-for-hillary-clinton"
      },
      {
        "datetime": "2018-01-03T10:45:37Z",
        "uri": "http://web.archive.org/web/20180103104537/https://www.npr.org/2016/02/02/465268206/coin-toss-fact-check-no-coin-flips-did-not-win-iowa-for-hillary-clinton"
      },
      {
        "datetime": "2018-01-04T13:38:49Z",
        "uri": "http://web.archive.org/web/20180104133849/https://www.npr.org/2016/02/02/465268206/coin-toss-fact-check-no-coin-flips-did-not-win-iowa-for-hillary-clinton"
      },
      {
        "datetime": "2018-01-05T07:13:09Z",
        "uri": "http://web.archive.org/web/20180105071309/https://www.npr.org/2016/02/02/465268206/coin-toss-fact-check-no-coin-flips-did-not-win-iowa-for-hillary-clinton"
      }
    ],
    "first": {
      "datetime": "2016-02-03T00:44:54Z",
      "uri": "http://web.archive.org/web/20160203004454/http://www.npr.org/2016/02/02/465268206/coin-toss-fact-check-no-coin-flips-did-not-win-iowa-for-hillary-clinton"
    },
    "last": {
      "datetime": "2018-01-05T07:13:09Z",
      "uri": "http://web.archive.org/web/20180105071309/https://www.npr.org/2016/02/02/465268206/coin-toss-fact-check-no-coin-flips-did-not-win-iowa-for-hillary-clinton"
    }
  },
  "timemap_uri": {
    "link_format": "https://memgator.cs.odu.edu/timemap/link/https://www.npr.org/2016/02/02/465268206/coin-toss-fact-check-no-coin-flips-did-not-win-iowa-for-hillary-clinton",
    "json_format": "https://memgator.cs.odu.edu/timemap/json/https://www.npr.org/2016/02/02/465268206/coin-toss-fact-check-no-coin-flips-did-not-win-iowa-for-hillary-clinton",
    "cdxj_format": "https://memgator.cs.odu.edu/timemap/cdxj/https://www.npr.org/2016/02/02/465268206/coin-toss-fact-check-no-coin-flips-did-not-win-iowa-for-hillary-clinton"
  },
  "timegate_uri": "https://memgator.cs.odu.edu/timegate/https://www.npr.org/2016/02/02/465268206/coin-toss-fact-check-no-coin-flips-did-not-win-iowa-for-hillary-clinton"
}