{
  "original_uri": "http://henriettaallsports.com",
  "self": "https://memgator.cs.odu.edu/timemap/json/http://henriettaallsports.com",
  "mementos": {
    "list": [
      {
        "datetime": "2016-06-28T11:23:15Z",
        "uri": "http://web.archive.org/web/20160628112315/http://henriettaallsports.com/"
      },
      {
        "datetime": "2016-07-10T04:04:17Z",
        "uri": "http://web.archive.org/web/20160710040417/http://www.henriettaallsports.com:80/"
      },
      {
        "datetime": "2016-08-20T00:43:05Z",
        "uri": "http://web.archive.org/web/20160820004305/http://www.henriettaallsports.com/"
      },
      {
        "datetime": "2016-08-23T11:21:11Z",
        "uri": "http://web.archive.org/web/20160823112111/http://www.henriettaallsports.com:80/"
      },
      {
        "datetime": "2017-05-31T02:52:45Z",
        "uri": "http://web.archive.org/web/20170531025245/http://henriettaallsports.com/"
      },
      {
        "datetime": "2017-07-09T04:29:37Z",
        "uri": "http://web.archive.org/web/20170709042937/http://www.henriettaallsports.com/"
      },
      {
        "datetime": "2017-09-18T17:02:43Z",
        "uri": "http://web.archive.org/web/20170918170243/http://henriettaallsports.com/"
      }
    ],
    "first": {
      "datetime": "2016-06-28T11:23:15Z",
      "uri": "http://web.archive.org/web/20160628112315/http://henriettaallsports.com/"
    },
    "last": {
      "datetime": "2017-09-18T17:02:43Z",
      "uri": "http://web.archive.org/web/20170918170243/http://henriettaallsports.com/"
    }
  },
  "timemap_uri": {
    "link_format": "https://memgator.cs.odu.edu/timemap/link/http://henriettaallsports.com",
    "json_format": "https://memgator.cs.odu.edu/timemap/json/http://henriettaallsports.com",
    "cdxj_format": "https://memgator.cs.odu.edu/timemap/cdxj/http://henriettaallsports.com"
  },
  "timegate_uri": "https://memgator.cs.odu.edu/timegate/http://henriettaallsports.com"
}