{
  "original_uri": "https://www.yahoo.com/news/donald-trump-loses-barack-obama-113056318.html",
  "self": "https://memgator.cs.odu.edu/timemap/json/https://www.yahoo.com/news/donald-trump-loses-barack-obama-113056318.html",
  "mementos": {
    "list": [
      {
        "datetime": "2018-02-01T18:01:29Z",
        "uri": "http://web.archive.org/web/20180201180129/https://www.yahoo.com/news/donald-trump-loses-barack-obama-113056318.html"
      },
      {
        "datetime": "2018-02-02T00:20:54Z",
        "uri": "http://web.archive.org/web/20180202002054/https://www.yahoo.com/news/donald-trump-loses-barack-obama-113056318.html"
      },
      {
        "datetime": "2018-02-02T02:23:48Z",
        "uri": "http://web.archive.org/web/20180202022348/https://www.yahoo.com/news/donald-trump-loses-barack-obama-113056318.html"
      },
      {
        "datetime": "2018-02-02T02:24:02Z",
        "uri": "http://archive.is/20180202022402/https://www.yahoo.com/news/donald-trump-loses-barack-obama-113056318.html"
      },
      {
        "datetime": "2018-02-03T02:32:58Z",
        "uri": "http://web.archive.org/web/20180203023258/https://www.yahoo.com/news/donald-trump-loses-barack-obama-113056318.html"
      }
    ],
    "first": {
      "datetime": "2018-02-01T18:01:29Z",
      "uri": "http://web.archive.org/web/20180201180129/https://www.yahoo.com/news/donald-trump-loses-barack-obama-113056318.html"
    },
    "last": {
      "datetime": "2018-02-03T02:32:58Z",
      "uri": "http://web.archive.org/web/20180203023258/https://www.yahoo.com/news/donald-trump-loses-barack-obama-113056318.html"
    }
  },
  "timemap_uri": {
    "link_format": "https://memgator.cs.odu.edu/timemap/link/https://www.yahoo.com/news/donald-trump-loses-barack-obama-113056318.html",
    "json_format": "https://memgator.cs.odu.edu/timemap/json/https://www.yahoo.com/news/donald-trump-loses-barack-obama-113056318.html",
    "cdxj_format": "https://memgator.cs.odu.edu/timemap/cdxj/https://www.yahoo.com/news/donald-trump-loses-barack-obama-113056318.html"
  },
  "timegate_uri": "https://memgator.cs.odu.edu/timegate/https://www.yahoo.com/news/donald-trump-loses-barack-obama-113056318.html"
}