{
  "original_uri": "http://beta.unlimapps.com/share/com.unlimapps.gramplus/",
  "self": "https://memgator.cs.odu.edu/timemap/json/http://beta.unlimapps.com/share/com.unlimapps.gramplus/",
  "mementos": {
    "list": [
      {
        "datetime": "2017-08-29T17:43:20Z",
        "uri": "http://web.archive.org/web/20170829174320/http://beta.unlimapps.com/share/com.unlimapps.gramplus/"
      },
      {
        "datetime": "2017-11-18T23:21:01Z",
        "uri": "http://web.archive.org/web/20171118232101/http://beta.unlimapps.com/share/com.unlimapps.gramplus/"
      }
    ],
    "first": {
      "datetime": "2017-08-29T17:43:20Z",
      "uri": "http://web.archive.org/web/20170829174320/http://beta.unlimapps.com/share/com.unlimapps.gramplus/"
    },
    "last": {
      "datetime": "2017-11-18T23:21:01Z",
      "uri": "http://web.archive.org/web/20171118232101/http://beta.unlimapps.com/share/com.unlimapps.gramplus/"
    }
  },
  "timemap_uri": {
    "link_format": "https://memgator.cs.odu.edu/timemap/link/http://beta.unlimapps.com/share/com.unlimapps.gramplus/",
    "json_format": "https://memgator.cs.odu.edu/timemap/json/http://beta.unlimapps.com/share/com.unlimapps.gramplus/",
    "cdxj_format": "https://memgator.cs.odu.edu/timemap/cdxj/http://beta.unlimapps.com/share/com.unlimapps.gramplus/"
  },
  "timegate_uri": "https://memgator.cs.odu.edu/timegate/http://beta.unlimapps.com/share/com.unlimapps.gramplus/"
}