{
  "original_uri": "http://www.breitbart.com/big-government/2018/02/01/donald-trump-read-controversial-fbi-intelligence-memo-plans-release-friday/",
  "self": "https://memgator.cs.odu.edu/timemap/json/http://www.breitbart.com/big-government/2018/02/01/donald-trump-read-controversial-fbi-intelligence-memo-plans-release-friday/",
  "mementos": {
    "list": [
      {
        "datetime": "2018-02-01T19:46:30Z",
        "uri": "http://archive.is/20180201194630/http://www.breitbart.com/big-government/2018/02/01/donald-trump-read-controversial-fbi-intelligence-memo-plans-release-friday/"
      },
      {
        "datetime": "2018-02-01T19:59:02Z",
        "uri": "http://web.archive.org/web/20180201195902/http://www.breitbart.com/big-government/2018/02/01/donald-trump-read-controversial-fbi-intelligence-memo-plans-release-friday/"
      },
      {
        "datetime": "2018-02-01T21:03:34Z",
        "uri": "http://web.archive.org/web/20180201210334/http://www.breitbart.com/big-government/2018/02/01/donald-trump-read-controversial-fbi-intelligence-memo-plans-release-friday/"
      },
      {
        "datetime": "2018-02-02T09:29:48Z",
        "uri": "http://web.archive.org/web/20180202092948/http://www.breitbart.com/big-government/2018/02/01/donald-trump-read-controversial-fbi-intelligence-memo-plans-release-friday/"
      },
      {
        "datetime": "2018-02-02T11:04:21Z",
        "uri": "http://web.archive.org/web/20180202110421/http://www.breitbart.com/big-government/2018/02/01/donald-trump-read-controversial-fbi-intelligence-memo-plans-release-friday/"
      },
      {
        "datetime": "2018-02-02T22:47:34Z",
        "uri": "http://web.archive.org/web/20180202224734/http://www.breitbart.com/big-government/2018/02/01/donald-trump-read-controversial-fbi-intelligence-memo-plans-release-friday/"
      },
      {
        "datetime": "2018-02-03T09:13:58Z",
        "uri": "http://web.archive.org/web/20180203091358/http://www.breitbart.com/big-government/2018/02/01/donald-trump-read-controversial-fbi-intelligence-memo-plans-release-friday/"
      },
      {
        "datetime": "2018-02-03T11:23:44Z",
        "uri": "http://web.archive.org/web/20180203112344/http://www.breitbart.com/big-government/2018/02/01/donald-trump-read-controversial-fbi-intelligence-memo-plans-release-friday/"
      },
      {
        "datetime": "2018-02-03T22:11:39Z",
        "uri": "http://web.archive.org/web/20180203221139/http://www.breitbart.com/big-government/2018/02/01/donald-trump-read-controversial-fbi-intelligence-memo-plans-release-friday/"
      }
    ],
    "first": {
      "datetime": "2018-02-01T19:46:30Z",
      "uri": "http://archive.is/20180201194630/http://www.breitbart.com/big-government/2018/02/01/donald-trump-read-controversial-fbi-intelligence-memo-plans-release-friday/"
    },
    "last": {
      "datetime": "2018-02-03T22:11:39Z",
      "uri": "http://web.archive.org/web/20180203221139/http://www.breitbart.com/big-government/2018/02/01/donald-trump-read-controversial-fbi-intelligence-memo-plans-release-friday/"
    }
  },
  "timemap_uri": {
    "link_format": "https://memgator.cs.odu.edu/timemap/link/http://www.breitbart.com/big-government/2018/02/01/donald-trump-read-controversial-fbi-intelligence-memo-plans-release-friday/",
    "json_format": "https://memgator.cs.odu.edu/timemap/json/http://www.breitbart.com/big-government/2018/02/01/donald-trump-read-controversial-fbi-intelligence-memo-plans-release-friday/",
    "cdxj_format": "https://memgator.cs.odu.edu/timemap/cdxj/http://www.breitbart.com/big-government/2018/02/01/donald-trump-read-controversial-fbi-intelligence-memo-plans-release-friday/"
  },
  "timegate_uri": "https://memgator.cs.odu.edu/timegate/http://www.breitbart.com/big-government/2018/02/01/donald-trump-read-controversial-fbi-intelligence-memo-plans-release-friday/"
}