{
  "original_uri": "http://www.independent.co.uk/news/people/noam-chomsky-donald-trump-hillary-clinton-a7438526.html",
  "self": "https://memgator.cs.odu.edu/timemap/json/http://www.independent.co.uk/news/people/noam-chomsky-donald-trump-hillary-clinton-a7438526.html",
  "mementos": {
    "list": [
      {
        "datetime": "2016-11-25T14:06:30Z",
        "uri": "http://web.archive.org/web/20161125140630/http://www.independent.co.uk/news/people/noam-chomsky-donald-trump-hillary-clinton-a7438526.html"
      },
      {
        "datetime": "2016-11-26T01:22:34Z",
        "uri": "http://arquivo.pt/wayback/20161126012234/http://www.independent.co.uk/news/people/noam-chomsky-donald-trump-hillary-clinton-a7438526.html"
      },
      {
        "datetime": "2016-11-26T15:26:47Z",
        "uri": "http://web.archive.org/web/20161126152647/http://www.independent.co.uk/news/people/noam-chomsky-donald-trump-hillary-clinton-a7438526.html"
      },
      {
        "datetime": "2016-11-27T01:25:53Z",
        "uri": "http://arquivo.pt/wayback/20161127012553/http://www.independent.co.uk/news/people/noam-chomsky-donald-trump-hillary-clinton-a7438526.html"
      },
      {
        "datetime": "2016-11-27T09:47:28Z",
        "uri": "http://web.archive.org/web/20161127094728/http://www.independent.co.uk:80/news/people/noam-chomsky-donald-trump-hillary-clinton-a7438526.html"
      },
      {
        "datetime": "2016-11-28T01:34:09Z",
        "uri": "http://arquivo.pt/wayback/20161128013409/http://www.independent.co.uk/news/people/noam-chomsky-donald-trump-hillary-clinton-a7438526.html"
      },
      {
        "datetime": "2016-12-03T07:47:00Z",
        "uri": "http://web.archive.org/web/20161203074700/http://www.independent.co.uk/news/people/noam-chomsky-donald-trump-hillary-clinton-a7438526.html"
      },
      {
        "datetime": "2016-12-03T07:47:24Z",
        "uri": "http://archive.is/20161203074724/http://www.independent.co.uk/news/people/noam-chomsky-donald-trump-hillary-clinton-a7438526.html"
      },
      {
        "datetime": "2017-01-13T11:35:45Z",
        "uri": "http://web.archive.org/web/20170113113545/http://www.independent.co.uk/news/people/noam-chomsky-donald-trump-hillary-clinton-a7438526.html"
      },
      {
        "datetime": "2017-01-26T04:28:14Z",
        "uri": "http://web.archive.org/web/20170126042814/http://www.independent.co.uk/news/people/noam-chomsky-donald-trump-hillary-clinton-a7438526.html"
      },
      {
        "datetime": "2017-02-16T07:31:00Z",
        "uri": "http://web.archive.org/web/20170216073100/http://www.independent.co.uk/news/people/noam-chomsky-donald-trump-hillary-clinton-a7438526.html"
      }
    ],
    "first": {
      "datetime": "2016-11-25T14:06:30Z",
      "uri": "http://web.archive.org/web/20161125140630/http://www.independent.co.uk/news/people/noam-chomsky-donald-trump-hillary-clinton-a7438526.html"
    },
    "last": {
      "datetime": "2017-02-16T07:31:00Z",
      "uri": "http://web.archive.org/web/20170216073100/http://www.independent.co.uk/news/people/noam-chomsky-donald-trump-hillary-clinton-a7438526.html"
    }
  },
  "timemap_uri": {
    "link_format": "https://memgator.cs.odu.edu/timemap/link/http://www.independent.co.uk/news/people/noam-chomsky-donald-trump-hillary-clinton-a7438526.html",
    "json_format": "https://memgator.cs.odu.edu/timemap/json/http://www.independent.co.uk/news/people/noam-chomsky-donald-trump-hillary-clinton-a7438526.html",
    "cdxj_format": "https://memgator.cs.odu.edu/timemap/cdxj/http://www.independent.co.uk/news/people/noam-chomsky-donald-trump-hillary-clinton-a7438526.html"
  },
  "timegate_uri": "https://memgator.cs.odu.edu/timegate/http://www.independent.co.uk/news/people/noam-chomsky-donald-trump-hillary-clinton-a7438526.html"
}