{
  "original_uri": "http://https://www.youtube.com/watch?v=eMobkagZu64",
  "self": "https://memgator.cs.odu.edu/timemap/json/http://https://www.youtube.com/watch?v=eMobkagZu64",
  "mementos": {
    "list": [
      {
        "datetime": "2018-02-01T13:07:30Z",
        "uri": "http://web.archive.org/web/20180201130730/https://www.youtube.com/watch?v=eMobkagZu64&gl=US&hl=en"
      },
      {
        "datetime": "2018-02-02T10:35:50Z",
        "uri": "http://web.archive.org/web/20180202103550/https://www.youtube.com/watch?v=eMobkagZu64"
      },
      {
        "datetime": "2018-02-03T08:38:07Z",
        "uri": "http://web.archive.org/web/20180203083807/http://www.youtube.com/watch?v=eMobkagZu64"
      },
      {
        "datetime": "2018-02-03T08:39:26Z",
        "uri": "http://web.archive.org/web/20180203083926/https://www.youtube.com/watch?v=eMobkagZu64"
      },
      {
        "datetime": "2018-02-03T10:03:41Z",
        "uri": "http://web.archive.org/web/20180203100341/https://www.youtube.com/watch?v=eMobkagZu64"
      },
      {
        "datetime": "2018-02-03T10:59:43Z",
        "uri": "http://web.archive.org/web/20180203105943/https://www.youtube.com/watch?v=eMobkagZu64"
      },
      {
        "datetime": "2018-02-04T00:54:46Z",
        "uri": "http://web.archive.org/web/20180204005446/http://www.youtube.com/watch?v=eMobkagZu64"
      },
      {
        "datetime": "2018-02-04T01:21:17Z",
        "uri": "http://web.archive.org/web/20180204012117/http://www.youtube.com/watch?v=eMobkagZu64"
      },
      {
        "datetime": "2018-02-04T01:37:55Z",
        "uri": "http://web.archive.org/web/20180204013755/https://www.youtube.com/watch?v=eMobkagZu64&list=PLrEnWoR732-CFfUX4TPybGxiO7q_5OS8D"
      },
      {
        "datetime": "2018-02-04T01:38:00Z",
        "uri": "http://web.archive.org/web/20180204013800/https://www.youtube.com/watch?v=eMobkagZu64&list=PLrEnWoR732-CFfUX4TPybGxiO7q_5OS8D&feature=applinks"
      },
      {
        "datetime": "2018-02-04T01:38:14Z",
        "uri": "http://web.archive.org/web/20180204013814/https://www.youtube.com/watch?v=eMobkagZu64&app=desktop"
      },
      {
        "datetime": "2018-02-04T01:38:19Z",
        "uri": "http://web.archive.org/web/20180204013819/https://www.youtube.com/watch?v=eMobkagZu64"
      },
      {
        "datetime": "2018-02-04T01:38:21Z",
        "uri": "http://web.archive.org/web/20180204013821/https://www.youtube.com/watch?v=eMobkagZu64&feature=applinks"
      },
      {
        "datetime": "2018-02-04T02:18:43Z",
        "uri": "http://web.archive.org/web/20180204021843/https://www.youtube.com/watch?v=eMobkagZu64&list=PLrEnWoR732-CFfUX4TPybGxiO7q_5OS8D"
      },
      {
        "datetime": "2018-02-04T02:18:48Z",
        "uri": "http://web.archive.org/web/20180204021848/https://www.youtube.com/watch?v=eMobkagZu64&list=PLrEnWoR732-CFfUX4TPybGxiO7q_5OS8D&feature=applinks"
      },
      {
        "datetime": "2018-02-04T02:18:58Z",
        "uri": "http://web.archive.org/web/20180204021858/https://www.youtube.com/watch?v=eMobkagZu64&app=desktop"
      },
      {
        "datetime": "2018-02-04T02:19:03Z",
        "uri": "http://web.archive.org/web/20180204021903/https://www.youtube.com/watch?v=eMobkagZu64"
      },
      {
        "datetime": "2018-02-04T02:19:07Z",
        "uri": "http://web.archive.org/web/20180204021907/https://www.youtube.com/watch?v=eMobkagZu64&feature=applinks"
      },
      {
        "datetime": "2018-02-04T11:38:16Z",
        "uri": "http://web.archive.org/web/20180204113816/https://www.youtube.com/watch?v=eMobkagZu64"
      },
      {
        "datetime": "2018-02-04T12:43:01Z",
        "uri": "http://web.archive.org/web/20180204124301/http://www.youtube.com/watch?v=eMobkagZu64"
      },
      {
        "datetime": "2018-02-04T13:18:56Z",
        "uri": "http://web.archive.org/web/20180204131856/https://www.youtube.com/watch?v=eMobkagZu64&list=PLrEnWoR732-CFfUX4TPybGxiO7q_5OS8D"
      },
      {
        "datetime": "2018-02-04T13:19:02Z",
        "uri": "http://web.archive.org/web/20180204131902/https://www.youtube.com/watch?v=eMobkagZu64&list=PLrEnWoR732-CFfUX4TPybGxiO7q_5OS8D&feature=applinks"
      },
      {
        "datetime": "2018-02-04T13:19:12Z",
        "uri": "http://web.archive.org/web/20180204131912/https://www.youtube.com/watch?v=eMobkagZu64&app=desktop"
      },
      {
        "datetime": "2018-02-04T13:19:18Z",
        "uri": "http://web.archive.org/web/20180204131918/https://www.youtube.com/watch?v=eMobkagZu64"
      },
      {
        "datetime": "2018-02-04T13:19:20Z",
        "uri": "http://web.archive.org/web/20180204131920/https://www.youtube.com/watch?v=eMobkagZu64&feature=applinks"
      },
      {
        "datetime": "2018-02-05T00:59:14Z",
        "uri": "http://web.archive.org/web/20180205005914/http://www.youtube.com/watch?v=eMobkagZu64"
      },
      {
        "datetime": "2018-02-05T01:34:27Z",
        "uri": "http://web.archive.org/web/20180205013427/https://www.youtube.com/watch?v=eMobkagZu64&list=PLrEnWoR732-CFfUX4TPybGxiO7q_5OS8D"
      },
      {
        "datetime": "2018-02-05T01:34:34Z",
        "uri": "http://web.archive.org/web/20180205013434/https://www.youtube.com/watch?v=eMobkagZu64&list=PLrEnWoR732-CFfUX4TPybGxiO7q_5OS8D&feature=applinks"
      },
      {
        "datetime": "2018-02-05T01:34:45Z",
        "uri": "http://web.archive.org/web/20180205013445/https://www.youtube.com/watch?v=eMobkagZu64&app=desktop"
      },
      {
        "datetime": "2018-02-05T01:34:52Z",
        "uri": "http://web.archive.org/web/20180205013452/https://www.youtube.com/watch?v=eMobkagZu64"
      },
      {
        "datetime": "2018-02-05T01:34:55Z",
        "uri": "http://web.archive.org/web/20180205013455/https://www.youtube.com/watch?v=eMobkagZu64&feature=applinks"
      },
      {
        "datetime": "2018-02-05T11:21:30Z",
        "uri": "http://web.archive.org/web/20180205112130/https://www.youtube.com/watch?v=eMobkagZu64"
      },
      {
        "datetime": "2018-02-05T11:52:19Z",
        "uri": "http://web.archive.org/web/20180205115219/https://www.youtube.com/watch?v=eMobkagZu64"
      },
      {
        "datetime": "2018-02-05T11:59:43Z",
        "uri": "http://web.archive.org/web/20180205115943/http://www.youtube.com/watch?v=eMobkagZu64"
      },
      {
        "datetime": "2018-02-05T12:33:03Z",
        "uri": "http://web.archive.org/web/20180205123303/https://www.youtube.com/watch?v=eMobkagZu64&list=PLrEnWoR732-CFfUX4TPybGxiO7q_5OS8D"
      },
      {
        "datetime": "2018-02-05T12:33:08Z",
        "uri": "http://web.archive.org/web/20180205123308/https://www.youtube.com/watch?v=eMobkagZu64&list=PLrEnWoR732-CFfUX4TPybGxiO7q_5OS8D&feature=applinks"
      },
      {
        "datetime": "2018-02-05T12:33:20Z",
        "uri": "http://web.archive.org/web/20180205123320/https://www.youtube.com/watch?v=eMobkagZu64&app=desktop"
      },
      {
        "datetime": "2018-02-05T12:33:25Z",
        "uri": "http://web.archive.org/web/20180205123325/https://www.youtube.com/watch?v=eMobkagZu64"
      },
      {
        "datetime": "2018-02-05T12:33:28Z",
        "uri": "http://web.archive.org/web/20180205123328/https://www.youtube.com/watch?v=eMobkagZu64&feature=applinks"
      },
      {
        "datetime": "2018-02-06T01:21:08Z",
        "uri": "http://web.archive.org/web/20180206012108/http://www.youtube.com/watch?v=eMobkagZu64"
      },
      {
        "datetime": "2018-02-06T01:58:31Z",
        "uri": "http://web.archive.org/web/20180206015831/https://www.youtube.com/watch?v=eMobkagZu64&list=PLrEnWoR732-CFfUX4TPybGxiO7q_5OS8D"
      },
      {
        "datetime": "2018-02-06T01:58:37Z",
        "uri": "http://web.archive.org/web/20180206015837/https://www.youtube.com/watch?v=eMobkagZu64&list=PLrEnWoR732-CFfUX4TPybGxiO7q_5OS8D&feature=applinks"
      },
      {
        "datetime": "2018-02-06T01:58:47Z",
        "uri": "http://web.archive.org/web/20180206015847/https://www.youtube.com/watch?v=eMobkagZu64&app=desktop"
      },
      {
        "datetime": "2018-02-06T01:58:55Z",
        "uri": "http://web.archive.org/web/20180206015855/https://www.youtube.com/watch?v=eMobkagZu64"
      },
      {
        "datetime": "2018-02-06T01:59:14Z",
        "uri": "http://web.archive.org/web/20180206015914/https://www.youtube.com/watch?v=eMobkagZu64&feature=applinks"
      },
      {
        "datetime": "2018-02-06T12:36:42Z",
        "uri": "http://web.archive.org/web/20180206123642/https://www.youtube.com/watch?v=eMobkagZu64"
      },
      {
        "datetime": "2018-02-06T13:33:00Z",
        "uri": "http://web.archive.org/web/20180206133300/https://www.youtube.com/watch?v=eMobkagZu64"
      }
    ],
    "first": {
      "datetime": "2018-02-01T13:07:30Z",
      "uri": "http://web.archive.org/web/20180201130730/https://www.youtube.com/watch?v=eMobkagZu64&gl=US&hl=en"
    },
    "last": {
      "datetime": "2018-02-06T13:33:00Z",
      "uri": "http://web.archive.org/web/20180206133300/https://www.youtube.com/watch?v=eMobkagZu64"
    }
  },
  "timemap_uri": {
    "link_format": "https://memgator.cs.odu.edu/timemap/link/http://https://www.youtube.com/watch?v=eMobkagZu64",
    "json_format": "https://memgator.cs.odu.edu/timemap/json/http://https://www.youtube.com/watch?v=eMobkagZu64",
    "cdxj_format": "https://memgator.cs.odu.edu/timemap/cdxj/http://https://www.youtube.com/watch?v=eMobkagZu64"
  },
  "timegate_uri": "https://memgator.cs.odu.edu/timegate/http://https://www.youtube.com/watch?v=eMobkagZu64"
}