{
  "original_uri": "http://www.wkdfm.co.uk",
  "self": "https://memgator.cs.odu.edu/timemap/json/http://www.wkdfm.co.uk",
  "mementos": {
    "list": [
      {
        "datetime": "2012-08-04T17:04:00Z",
        "uri": "http://web.archive.org/web/20120804170400/http://www.wkdfm.co.uk:80/"
      },
      {
        "datetime": "2012-09-20T05:11:55Z",
        "uri": "http://web.archive.org/web/20120920051155/http://wkdfm.co.uk:80/"
      },
      {
        "datetime": "2012-10-12T13:38:47Z",
        "uri": "http://web.archive.org/web/20121012133847/http://www.wkdfm.co.uk:80/"
      },
      {
        "datetime": "2012-11-11T23:41:35Z",
        "uri": "http://web.archive.org/web/20121111234135/http://www.wkdfm.co.uk:80/"
      },
      {
        "datetime": "2012-12-12T12:26:42Z",
        "uri": "http://web.archive.org/web/20121212122642/http://www.wkdfm.co.uk:80/"
      },
      {
        "datetime": "2013-01-13T07:33:14Z",
        "uri": "http://web.archive.org/web/20130113073314/http://www.wkdfm.co.uk:80/"
      },
      {
        "datetime": "2013-04-07T11:09:35Z",
        "uri": "http://web.archive.org/web/20130407110935/http://www.wkdfm.co.uk:80/"
      },
      {
        "datetime": "2013-05-16T14:13:16Z",
        "uri": "http://web.archive.org/web/20130516141316/http://wkdfm.co.uk/"
      },
      {
        "datetime": "2013-05-23T07:07:38Z",
        "uri": "http://web.archive.org/web/20130523070738/http://www.wkdfm.co.uk:80/"
      },
      {
        "datetime": "2013-07-03T05:13:38Z",
        "uri": "http://web.archive.org/web/20130703051338/http://www.wkdfm.co.uk/"
      },
      {
        "datetime": "2013-07-25T05:37:36Z",
        "uri": "http://web.archive.org/web/20130725053736/http://www.wkdfm.co.uk/"
      },
      {
        "datetime": "2014-05-17T00:28:28Z",
        "uri": "http://web.archive.org/web/20140517002828/http://wkdfm.co.uk/"
      },
      {
        "datetime": "2014-09-13T20:37:37Z",
        "uri": "http://web.archive.org/web/20140913203737/http://www.wkdfm.co.uk:80/"
      },
      {
        "datetime": "2014-10-15T01:17:21Z",
        "uri": "http://web.archive.org/web/20141015011721/http://www.wkdfm.co.uk:80/"
      },
      {
        "datetime": "2014-12-02T02:36:43Z",
        "uri": "http://web.archive.org/web/20141202023643/http://www.wkdfm.co.uk/"
      },
      {
        "datetime": "2014-12-09T16:13:48Z",
        "uri": "http://web.archive.org/web/20141209161348/http://www.wkdfm.co.uk:80/"
      },
      {
        "datetime": "2014-12-18T18:32:44Z",
        "uri": "http://web.archive.org/web/20141218183244/http://wkdfm.co.uk/"
      },
      {
        "datetime": "2014-12-19T23:56:54Z",
        "uri": "http://web.archive.org/web/20141219235654/http://www.wkdfm.co.uk:80/"
      },
      {
        "datetime": "2015-01-19T21:39:51Z",
        "uri": "http://web.archive.org/web/20150119213951/http://www.wkdfm.co.uk:80/"
      },
      {
        "datetime": "2015-10-11T23:28:47Z",
        "uri": "http://web.archive.org/web/20151011232847/http://wkdfm.co.uk/"
      },
      {
        "datetime": "2016-01-10T02:01:32Z",
        "uri": "http://web.archive.org/web/20160110020132/http://wkdfm.co.uk/"
      },
      {
        "datetime": "2016-03-09T04:48:17Z",
        "uri": "http://web.archive.org/web/20160309044817/http://wkdfm.co.uk/"
      },
      {
        "datetime": "2016-03-12T00:06:32Z",
        "uri": "http://web.archive.org/web/20160312000632/http://www.wkdfm.co.uk/"
      },
      {
        "datetime": "2016-10-02T17:23:44Z",
        "uri": "http://web.archive.org/web/20161002172344/http://wkdfm.co.uk/"
      },
      {
        "datetime": "2017-03-27T19:05:27Z",
        "uri": "http://web.archive.org/web/20170327190527/http://www.wkdfm.co.uk:80/"
      },
      {
        "datetime": "2017-06-10T04:49:50Z",
        "uri": "http://web.archive.org/web/20170610044950/http://wkdfm.co.uk/"
      },
      {
        "datetime": "2017-08-29T17:36:31Z",
        "uri": "http://web.archive.org/web/20170829173631/http://www.wkdfm.co.uk/"
      },
      {
        "datetime": "2017-08-29T18:26:46Z",
        "uri": "http://web.archive.org/web/20170829182646/http://www.wkdfm.co.uk/"
      },
      {
        "datetime": "2017-09-17T13:21:26Z",
        "uri": "http://web.archive.org/web/20170917132126/http://wkdfm.co.uk/"
      },
      {
        "datetime": "2017-11-04T13:21:44Z",
        "uri": "http://web.archive.org/web/20171104132144/http://www.wkdfm.co.uk"
      },
      {
        "datetime": "2017-11-07T04:45:21Z",
        "uri": "http://web.archive.org/web/20171107044521/http://www.wkdfm.co.uk"
      },
      {
        "datetime": "2017-11-08T23:49:33Z",
        "uri": "http://web.archive.org/web/20171108234933/http://www.wkdfm.co.uk/"
      },
      {
        "datetime": "2017-11-10T04:30:38Z",
        "uri": "http://web.archive.org/web/20171110043038/http://www.wkdfm.co.uk"
      },
      {
        "datetime": "2017-11-18T04:59:15Z",
        "uri": "http://web.archive.org/web/20171118045915/http://www.wkdfm.co.uk"
      },
      {
        "datetime": "2017-12-14T03:39:28Z",
        "uri": "http://web.archive.org/web/20171214033928/http://www.wkdfm.co.uk"
      },
      {
        "datetime": "2017-12-21T08:04:42Z",
        "uri": "http://web.archive.org/web/20171221080442/http://www.wkdfm.co.uk"
      },
      {
        "datetime": "2017-12-30T13:54:27Z",
        "uri": "http://web.archive.org/web/20171230135427/http://www.wkdfm.co.uk"
      },
      {
        "datetime": "2018-01-19T06:55:52Z",
        "uri": "http://web.archive.org/web/20180119065552/http://www.wkdfm.co.uk"
      },
      {
        "datetime": "2018-01-20T11:14:47Z",
        "uri": "http://web.archive.org/web/20180120111447/http://www.wkdfm.co.uk"
      },
      {
        "datetime": "2018-01-28T13:32:30Z",
        "uri": "http://web.archive.org/web/20180128133230/http://www.wkdfm.co.uk/"
      }
    ],
    "first": {
      "datetime": "2012-08-04T17:04:00Z",
      "uri": "http://web.archive.org/web/20120804170400/http://www.wkdfm.co.uk:80/"
    },
    "last": {
      "datetime": "2018-01-28T13:32:30Z",
      "uri": "http://web.archive.org/web/20180128133230/http://www.wkdfm.co.uk/"
    }
  },
  "timemap_uri": {
    "link_format": "https://memgator.cs.odu.edu/timemap/link/http://www.wkdfm.co.uk",
    "json_format": "https://memgator.cs.odu.edu/timemap/json/http://www.wkdfm.co.uk",
    "cdxj_format": "https://memgator.cs.odu.edu/timemap/cdxj/http://www.wkdfm.co.uk"
  },
  "timegate_uri": "https://memgator.cs.odu.edu/timegate/http://www.wkdfm.co.uk"
}