{
  "original_uri": "https://www.theatlantic.com/politics/archive/2018/02/the-many-failed-vindications-of-donald-j-trump/552089/",
  "self": "https://memgator.cs.odu.edu/timemap/json/https://www.theatlantic.com/politics/archive/2018/02/the-many-failed-vindications-of-donald-j-trump/552089/",
  "mementos": {
    "list": [
      {
        "datetime": "2018-02-02T01:19:27Z",
        "uri": "http://web.archive.org/web/20180202011927/http://www.theatlantic.com/politics/archive/2018/02/the-many-failed-vindications-of-donald-j-trump/552089/"
      },
      {
        "datetime": "2018-02-02T01:19:28Z",
        "uri": "http://web.archive.org/web/20180202011928/https://www.theatlantic.com/politics/archive/2018/02/the-many-failed-vindications-of-donald-j-trump/552089/"
      },
      {
        "datetime": "2018-02-02T03:21:36Z",
        "uri": "http://web.archive.org/web/20180202032136/https://www.theatlantic.com/politics/archive/2018/02/the-many-failed-vindications-of-donald-j-trump/552089/"
      },
      {
        "datetime": "2018-02-02T04:52:50Z",
        "uri": "http://web.archive.org/web/20180202045250/https://www.theatlantic.com/politics/archive/2018/02/the-many-failed-vindications-of-donald-j-trump/552089/"
      },
      {
        "datetime": "2018-02-02T05:00:52Z",
        "uri": "http://archive.is/20180202050052/https://www.theatlantic.com/politics/archive/2018/02/the-many-failed-vindications-of-donald-j-trump/552089/"
      },
      {
        "datetime": "2018-02-02T17:38:59Z",
        "uri": "http://web.archive.org/web/20180202173859/https://www.theatlantic.com/politics/archive/2018/02/the-many-failed-vindications-of-donald-j-trump/552089/"
      },
      {
        "datetime": "2018-02-03T06:33:10Z",
        "uri": "http://web.archive.org/web/20180203063310/https://www.theatlantic.com/politics/archive/2018/02/the-many-failed-vindications-of-donald-j-trump/552089/"
      }
    ],
    "first": {
      "datetime": "2018-02-02T01:19:27Z",
      "uri": "http://web.archive.org/web/20180202011927/http://www.theatlantic.com/politics/archive/2018/02/the-many-failed-vindications-of-donald-j-trump/552089/"
    },
    "last": {
      "datetime": "2018-02-03T06:33:10Z",
      "uri": "http://web.archive.org/web/20180203063310/https://www.theatlantic.com/politics/archive/2018/02/the-many-failed-vindications-of-donald-j-trump/552089/"
    }
  },
  "timemap_uri": {
    "link_format": "https://memgator.cs.odu.edu/timemap/link/https://www.theatlantic.com/politics/archive/2018/02/the-many-failed-vindications-of-donald-j-trump/552089/",
    "json_format": "https://memgator.cs.odu.edu/timemap/json/https://www.theatlantic.com/politics/archive/2018/02/the-many-failed-vindications-of-donald-j-trump/552089/",
    "cdxj_format": "https://memgator.cs.odu.edu/timemap/cdxj/https://www.theatlantic.com/politics/archive/2018/02/the-many-failed-vindications-of-donald-j-trump/552089/"
  },
  "timegate_uri": "https://memgator.cs.odu.edu/timegate/https://www.theatlantic.com/politics/archive/2018/02/the-many-failed-vindications-of-donald-j-trump/552089/"
}