{
  "original_uri": "https://www.globalresearch.ca/video-wag-the-dog-and-the-kremlin-dossier-it-is-time-to-lock-up-hillary-clinton/5627896",
  "self": "https://memgator.cs.odu.edu/timemap/json/https://www.globalresearch.ca/video-wag-the-dog-and-the-kremlin-dossier-it-is-time-to-lock-up-hillary-clinton/5627896",
  "mementos": {
    "list": [
      {
        "datetime": "2018-02-02T09:36:33Z",
        "uri": "http://web.archive.org/web/20180202093633/https://www.globalresearch.ca/video-wag-the-dog-and-the-kremlin-dossier-it-is-time-to-lock-up-hillary-clinton/5627896"
      }
    ],
    "first": {
      "datetime": "2018-02-02T09:36:33Z",
      "uri": "http://web.archive.org/web/20180202093633/https://www.globalresearch.ca/video-wag-the-dog-and-the-kremlin-dossier-it-is-time-to-lock-up-hillary-clinton/5627896"
    },
    "last": {
      "datetime": "2018-02-02T09:36:33Z",
      "uri": "http://web.archive.org/web/20180202093633/https://www.globalresearch.ca/video-wag-the-dog-and-the-kremlin-dossier-it-is-time-to-lock-up-hillary-clinton/5627896"
    }
  },
  "timemap_uri": {
    "link_format": "https://memgator.cs.odu.edu/timemap/link/https://www.globalresearch.ca/video-wag-the-dog-and-the-kremlin-dossier-it-is-time-to-lock-up-hillary-clinton/5627896",
    "json_format": "https://memgator.cs.odu.edu/timemap/json/https://www.globalresearch.ca/video-wag-the-dog-and-the-kremlin-dossier-it-is-time-to-lock-up-hillary-clinton/5627896",
    "cdxj_format": "https://memgator.cs.odu.edu/timemap/cdxj/https://www.globalresearch.ca/video-wag-the-dog-and-the-kremlin-dossier-it-is-time-to-lock-up-hillary-clinton/5627896"
  },
  "timegate_uri": "https://memgator.cs.odu.edu/timegate/https://www.globalresearch.ca/video-wag-the-dog-and-the-kremlin-dossier-it-is-time-to-lock-up-hillary-clinton/5627896"
}