{
  "original_uri": "https://gadgets.ndtv.com/apps/news/nintendo-mario-kart-tour-reveal-mobile-game-android-ios-iphone-app-march-2019-launch-1807158",
  "self": "https://memgator.cs.odu.edu/timemap/json/https://gadgets.ndtv.com/apps/news/nintendo-mario-kart-tour-reveal-mobile-game-android-ios-iphone-app-march-2019-launch-1807158",
  "mementos": {
    "list": [
      {
        "datetime": "2018-02-01T08:04:55Z",
        "uri": "http://web.archive.org/web/20180201080455/https://gadgets.ndtv.com/apps/news/nintendo-mario-kart-tour-reveal-mobile-game-android-ios-iphone-app-march-2019-launch-1807158"
      }
    ],
    "first": {
      "datetime": "2018-02-01T08:04:55Z",
      "uri": "http://web.archive.org/web/20180201080455/https://gadgets.ndtv.com/apps/news/nintendo-mario-kart-tour-reveal-mobile-game-android-ios-iphone-app-march-2019-launch-1807158"
    },
    "last": {
      "datetime": "2018-02-01T08:04:55Z",
      "uri": "http://web.archive.org/web/20180201080455/https://gadgets.ndtv.com/apps/news/nintendo-mario-kart-tour-reveal-mobile-game-android-ios-iphone-app-march-2019-launch-1807158"
    }
  },
  "timemap_uri": {
    "link_format": "https://memgator.cs.odu.edu/timemap/link/https://gadgets.ndtv.com/apps/news/nintendo-mario-kart-tour-reveal-mobile-game-android-ios-iphone-app-march-2019-launch-1807158",
    "json_format": "https://memgator.cs.odu.edu/timemap/json/https://gadgets.ndtv.com/apps/news/nintendo-mario-kart-tour-reveal-mobile-game-android-ios-iphone-app-march-2019-launch-1807158",
    "cdxj_format": "https://memgator.cs.odu.edu/timemap/cdxj/https://gadgets.ndtv.com/apps/news/nintendo-mario-kart-tour-reveal-mobile-game-android-ios-iphone-app-march-2019-launch-1807158"
  },
  "timegate_uri": "https://memgator.cs.odu.edu/timegate/https://gadgets.ndtv.com/apps/news/nintendo-mario-kart-tour-reveal-mobile-game-android-ios-iphone-app-march-2019-launch-1807158"
}