{
  "original_uri": "http://mediaite.com/a/usoay",
  "self": "https://memgator.cs.odu.edu/timemap/json/http://mediaite.com/a/usoay",
  "mementos": {
    "list": [
      {
        "datetime": "2018-01-29T21:28:55Z",
        "uri": "http://web.archive.org/web/20180129212855/http://mediaite.com/a/usoay"
      },
      {
        "datetime": "2018-01-29T23:55:35Z",
        "uri": "http://web.archive.org/web/20180129235535/https://www.mediaite.com/a/usoay"
      }
    ],
    "first": {
      "datetime": "2018-01-29T21:28:55Z",
      "uri": "http://web.archive.org/web/20180129212855/http://mediaite.com/a/usoay"
    },
    "last": {
      "datetime": "2018-01-29T23:55:35Z",
      "uri": "http://web.archive.org/web/20180129235535/https://www.mediaite.com/a/usoay"
    }
  },
  "timemap_uri": {
    "link_format": "https://memgator.cs.odu.edu/timemap/link/http://mediaite.com/a/usoay",
    "json_format": "https://memgator.cs.odu.edu/timemap/json/http://mediaite.com/a/usoay",
    "cdxj_format": "https://memgator.cs.odu.edu/timemap/cdxj/http://mediaite.com/a/usoay"
  },
  "timegate_uri": "https://memgator.cs.odu.edu/timegate/http://mediaite.com/a/usoay"
}