{
  "original_uri": "http://indiebrew.net/brewpress/stream",
  "self": "https://memgator.cs.odu.edu/timemap/json/http://indiebrew.net/brewpress/stream",
  "mementos": {
    "list": [
      {
        "datetime": "2014-11-13T05:42:33Z",
        "uri": "http://web.archive.org/web/20141113054233/http://indiebrew.net:80/brewpress/stream/"
      },
      {
        "datetime": "2014-11-13T05:42:33Z",
        "uri": "http://web.archive.org/web/20141113054233/http://indiebrew.net:80/brewpress/stream"
      },
      {
        "datetime": "2014-11-14T17:10:46Z",
        "uri": "http://web.archive.org/web/20141114171046/http://indiebrew.net:80/brewpress/stream/"
      },
      {
        "datetime": "2014-11-14T17:10:46Z",
        "uri": "http://web.archive.org/web/20141114171046/http://indiebrew.net:80/brewpress/stream"
      },
      {
        "datetime": "2014-12-19T01:41:16Z",
        "uri": "http://web.archive.org/web/20141219014116/http://indiebrew.net:80/brewpress/stream/"
      },
      {
        "datetime": "2014-12-19T01:41:16Z",
        "uri": "http://web.archive.org/web/20141219014116/http://indiebrew.net:80/brewpress/stream"
      },
      {
        "datetime": "2015-01-13T03:30:17Z",
        "uri": "http://web.archive.org/web/20150113033017/http://indiebrew.net:80/brewpress/stream/"
      },
      {
        "datetime": "2015-01-14T18:57:43Z",
        "uri": "http://web.archive.org/web/20150114185743/http://indiebrew.net:80/brewpress/stream/"
      },
      {
        "datetime": "2015-01-20T22:59:57Z",
        "uri": "http://web.archive.org/web/20150120225957/http://indiebrew.net:80/brewpress/stream/"
      },
      {
        "datetime": "2015-01-20T22:59:57Z",
        "uri": "http://web.archive.org/web/20150120225957/http://indiebrew.net:80/brewpress/stream"
      },
      {
        "datetime": "2015-02-14T16:35:40Z",
        "uri": "http://web.archive.org/web/20150214163540/http://indiebrew.net:80/brewpress/stream/"
      },
      {
        "datetime": "2015-02-18T08:44:56Z",
        "uri": "http://web.archive.org/web/20150218084456/http://indiebrew.net:80/brewpress/stream/"
      },
      {
        "datetime": "2015-02-18T08:44:56Z",
        "uri": "http://web.archive.org/web/20150218084456/http://indiebrew.net:80/brewpress/stream"
      },
      {
        "datetime": "2015-05-24T03:23:59Z",
        "uri": "http://web.archive.org/web/20150524032359/http://indiebrew.net:80/brewpress/stream/"
      },
      {
        "datetime": "2015-05-24T03:23:59Z",
        "uri": "http://web.archive.org/web/20150524032359/http://indiebrew.net:80/brewpress/stream"
      },
      {
        "datetime": "2015-05-27T11:19:53Z",
        "uri": "http://web.archive.org/web/20150527111953/http://indiebrew.net:80/brewpress/stream/"
      },
      {
        "datetime": "2015-07-09T20:49:27Z",
        "uri": "http://web.archive.org/web/20150709204927/http://indiebrew.net:80/brewpress/stream/"
      },
      {
        "datetime": "2015-07-09T20:49:27Z",
        "uri": "http://web.archive.org/web/20150709204927/http://indiebrew.net:80/brewpress/stream"
      },
      {
        "datetime": "2016-03-07T10:53:52Z",
        "uri": "http://web.archive.org/web/20160307105352/http://indiebrew.net/brewpress/stream"
      },
      {
        "datetime": "2016-03-22T11:02:43Z",
        "uri": "http://web.archive.org/web/20160322110243/http://indiebrew.net/brewpress/stream/"
      },
      {
        "datetime": "2016-03-26T00:18:49Z",
        "uri": "http://web.archive.org/web/20160326001849/http://indiebrew.net/brewpress/stream/"
      },
      {
        "datetime": "2016-03-31T10:35:04Z",
        "uri": "http://web.archive.org/web/20160331103504/http://indiebrew.net:80/brewpress/stream/"
      },
      {
        "datetime": "2016-04-03T19:44:20Z",
        "uri": "http://web.archive.org/web/20160403194420/http://indiebrew.net/brewpress/stream/"
      },
      {
        "datetime": "2016-05-27T00:50:02Z",
        "uri": "http://web.archive.org/web/20160527005002/http://indiebrew.net/brewpress/stream/"
      },
      {
        "datetime": "2016-09-02T02:11:12Z",
        "uri": "http://web.archive.org/web/20160902021112/http://indiebrew.net:80/brewpress/stream/"
      },
      {
        "datetime": "2016-09-02T02:11:12Z",
        "uri": "http://web.archive.org/web/20160902021112/http://indiebrew.net:80/brewpress/stream"
      },
      {
        "datetime": "2016-09-25T07:41:56Z",
        "uri": "http://web.archive.org/web/20160925074156/http://indiebrew.net:80/brewpress/stream/"
      },
      {
        "datetime": "2016-10-03T02:13:12Z",
        "uri": "http://web.archive.org/web/20161003021312/http://indiebrew.net:80/brewpress/stream/"
      },
      {
        "datetime": "2016-10-03T02:13:12Z",
        "uri": "http://web.archive.org/web/20161003021312/http://indiebrew.net:80/brewpress/stream"
      },
      {
        "datetime": "2016-11-03T19:04:09Z",
        "uri": "http://web.archive.org/web/20161103190409/http://indiebrew.net:80/brewpress/stream/"
      },
      {
        "datetime": "2016-11-03T19:04:09Z",
        "uri": "http://web.archive.org/web/20161103190409/http://indiebrew.net:80/brewpress/stream"
      },
      {
        "datetime": "2016-11-14T21:10:25Z",
        "uri": "http://web.archive.org/web/20161114211025/http://indiebrew.net/brewpress/stream/"
      },
      {
        "datetime": "2017-08-30T08:44:50Z",
        "uri": "http://web.archive.org/web/20170830084450/http://indiebrew.net/brewpress/stream"
      },
      {
        "datetime": "2017-08-31T01:17:30Z",
        "uri": "http://web.archive.org/web/20170831011730/http://indiebrew.net/brewpress/stream/"
      },
      {
        "datetime": "2017-11-09T01:09:17Z",
        "uri": "http://web.archive.org/web/20171109010917/http://indiebrew.net/brewpress/stream"
      },
      {
        "datetime": "2017-11-19T13:54:05Z",
        "uri": "http://web.archive.org/web/20171119135405/http://indiebrew.net/brewpress/stream"
      },
      {
        "datetime": "2018-01-02T15:31:33Z",
        "uri": "http://web.archive.org/web/20180102153133/http://IndieBrew.Net/brewpress/stream"
      },
      {
        "datetime": "2018-01-02T15:31:35Z",
        "uri": "http://web.archive.org/web/20180102153135/http://indiebrew.net/brewpress/stream/"
      },
      {
        "datetime": "2018-01-21T07:45:38Z",
        "uri": "http://web.archive.org/web/20180121074538/http://indiebrew.net/brewpress/stream/"
      }
    ],
    "first": {
      "datetime": "2014-11-13T05:42:33Z",
      "uri": "http://web.archive.org/web/20141113054233/http://indiebrew.net:80/brewpress/stream/"
    },
    "last": {
      "datetime": "2018-01-21T07:45:38Z",
      "uri": "http://web.archive.org/web/20180121074538/http://indiebrew.net/brewpress/stream/"
    }
  },
  "timemap_uri": {
    "link_format": "https://memgator.cs.odu.edu/timemap/link/http://indiebrew.net/brewpress/stream",
    "json_format": "https://memgator.cs.odu.edu/timemap/json/http://indiebrew.net/brewpress/stream",
    "cdxj_format": "https://memgator.cs.odu.edu/timemap/cdxj/http://indiebrew.net/brewpress/stream"
  },
  "timegate_uri": "https://memgator.cs.odu.edu/timegate/http://indiebrew.net/brewpress/stream"
}