{
  "original_uri": "https://www.dailykos.com/story/2018/1/29/1736897/-CNN-s-Jeffrey-Toobin-I-regret-my-role-in-Hillary-Clinton-false-equivalence",
  "self": "https://memgator.cs.odu.edu/timemap/json/https://www.dailykos.com/story/2018/1/29/1736897/-CNN-s-Jeffrey-Toobin-I-regret-my-role-in-Hillary-Clinton-false-equivalence",
  "mementos": {
    "list": [
      {
        "datetime": "2018-02-02T21:04:05Z",
        "uri": "http://web.archive.org/web/20180202210405/https://www.dailykos.com/story/2018/1/29/1736897/-CNN-s-Jeffrey-Toobin-I-regret-my-role-in-Hillary-Clinton-false-equivalence"
      }
    ],
    "first": {
      "datetime": "2018-02-02T21:04:05Z",
      "uri": "http://web.archive.org/web/20180202210405/https://www.dailykos.com/story/2018/1/29/1736897/-CNN-s-Jeffrey-Toobin-I-regret-my-role-in-Hillary-Clinton-false-equivalence"
    },
    "last": {
      "datetime": "2018-02-02T21:04:05Z",
      "uri": "http://web.archive.org/web/20180202210405/https://www.dailykos.com/story/2018/1/29/1736897/-CNN-s-Jeffrey-Toobin-I-regret-my-role-in-Hillary-Clinton-false-equivalence"
    }
  },
  "timemap_uri": {
    "link_format": "https://memgator.cs.odu.edu/timemap/link/https://www.dailykos.com/story/2018/1/29/1736897/-CNN-s-Jeffrey-Toobin-I-regret-my-role-in-Hillary-Clinton-false-equivalence",
    "json_format": "https://memgator.cs.odu.edu/timemap/json/https://www.dailykos.com/story/2018/1/29/1736897/-CNN-s-Jeffrey-Toobin-I-regret-my-role-in-Hillary-Clinton-false-equivalence",
    "cdxj_format": "https://memgator.cs.odu.edu/timemap/cdxj/https://www.dailykos.com/story/2018/1/29/1736897/-CNN-s-Jeffrey-Toobin-I-regret-my-role-in-Hillary-Clinton-false-equivalence"
  },
  "timegate_uri": "https://memgator.cs.odu.edu/timegate/https://www.dailykos.com/story/2018/1/29/1736897/-CNN-s-Jeffrey-Toobin-I-regret-my-role-in-Hillary-Clinton-false-equivalence"
}