{
  "original_uri": "http://SparkingSocial.co.uk",
  "self": "https://memgator.cs.odu.edu/timemap/json/http://SparkingSocial.co.uk",
  "mementos": {
    "list": [
      {
        "datetime": "2018-02-01T21:55:30Z",
        "uri": "http://web.archive.org/web/20180201215530/http://sparkingsocial.co.uk/"
      }
    ],
    "first": {
      "datetime": "2018-02-01T21:55:30Z",
      "uri": "http://web.archive.org/web/20180201215530/http://sparkingsocial.co.uk/"
    },
    "last": {
      "datetime": "2018-02-01T21:55:30Z",
      "uri": "http://web.archive.org/web/20180201215530/http://sparkingsocial.co.uk/"
    }
  },
  "timemap_uri": {
    "link_format": "https://memgator.cs.odu.edu/timemap/link/http://SparkingSocial.co.uk",
    "json_format": "https://memgator.cs.odu.edu/timemap/json/http://SparkingSocial.co.uk",
    "cdxj_format": "https://memgator.cs.odu.edu/timemap/cdxj/http://SparkingSocial.co.uk"
  },
  "timegate_uri": "https://memgator.cs.odu.edu/timegate/http://SparkingSocial.co.uk"
}