{
  "original_uri": "https://www.instagram.com/glorypath",
  "self": "https://memgator.cs.odu.edu/timemap/json/https://www.instagram.com/glorypath",
  "mementos": {
    "list": [
      {
        "datetime": "2017-05-08T18:37:37Z",
        "uri": "http://web.archive.org/web/20170508183737/https://www.instagram.com/glorypath/"
      }
    ],
    "first": {
      "datetime": "2017-05-08T18:37:37Z",
      "uri": "http://web.archive.org/web/20170508183737/https://www.instagram.com/glorypath/"
    },
    "last": {
      "datetime": "2017-05-08T18:37:37Z",
      "uri": "http://web.archive.org/web/20170508183737/https://www.instagram.com/glorypath/"
    }
  },
  "timemap_uri": {
    "link_format": "https://memgator.cs.odu.edu/timemap/link/https://www.instagram.com/glorypath",
    "json_format": "https://memgator.cs.odu.edu/timemap/json/https://www.instagram.com/glorypath",
    "cdxj_format": "https://memgator.cs.odu.edu/timemap/cdxj/https://www.instagram.com/glorypath"
  },
  "timegate_uri": "https://memgator.cs.odu.edu/timegate/https://www.instagram.com/glorypath"
}