{
  "original_uri": "https://www.etsy.com/ca/listing/493089660/donald-trump-mexico-bad-hombre-trump",
  "self": "https://memgator.cs.odu.edu/timemap/json/https://www.etsy.com/ca/listing/493089660/donald-trump-mexico-bad-hombre-trump",
  "mementos": {
    "list": [
      {
        "datetime": "2018-01-24T22:13:11Z",
        "uri": "http://web.archive.org/web/20180124221311/https://www.etsy.com/ca/listing/493089660/donald-trump-mexico-bad-hombre-trump"
      },
      {
        "datetime": "2018-01-24T22:13:11Z",
        "uri": "http://wayback.archive-it.org/all/20180124221311/https://www.etsy.com/ca/listing/493089660/donald-trump-mexico-bad-hombre-trump"
      },
      {
        "datetime": "2018-01-25T00:37:05Z",
        "uri": "http://web.archive.org/web/20180125003705/https://www.etsy.com/ca/listing/493089660/donald-trump-mexico-bad-hombre-trump"
      },
      {
        "datetime": "2018-01-25T00:37:05Z",
        "uri": "http://wayback.archive-it.org/all/20180125003705/https://www.etsy.com/ca/listing/493089660/donald-trump-mexico-bad-hombre-trump"
      },
      {
        "datetime": "2018-01-25T02:28:16Z",
        "uri": "http://web.archive.org/web/20180125022816/https://www.etsy.com/ca/listing/493089660/donald-trump-mexico-bad-hombre-trump"
      },
      {
        "datetime": "2018-01-25T02:28:16Z",
        "uri": "http://wayback.archive-it.org/all/20180125022816/https://www.etsy.com/ca/listing/493089660/donald-trump-mexico-bad-hombre-trump"
      },
      {
        "datetime": "2018-01-25T04:02:56Z",
        "uri": "http://web.archive.org/web/20180125040256/https://www.etsy.com/ca/listing/493089660/donald-trump-mexico-bad-hombre-trump"
      },
      {
        "datetime": "2018-01-25T04:02:56Z",
        "uri": "http://wayback.archive-it.org/all/20180125040256/https://www.etsy.com/ca/listing/493089660/donald-trump-mexico-bad-hombre-trump"
      },
      {
        "datetime": "2018-01-25T13:28:56Z",
        "uri": "http://web.archive.org/web/20180125132856/http://www.etsy.com/ca/listing/493089660/donald-trump-mexico-bad-hombre-trump"
      },
      {
        "datetime": "2018-01-25T13:28:56Z",
        "uri": "http://wayback.archive-it.org/all/20180125132856/http://www.etsy.com/ca/listing/493089660/donald-trump-mexico-bad-hombre-trump"
      },
      {
        "datetime": "2018-01-25T14:39:37Z",
        "uri": "http://web.archive.org/web/20180125143937/http://www.etsy.com/ca/listing/493089660/donald-trump-mexico-bad-hombre-trump"
      },
      {
        "datetime": "2018-01-25T14:39:37Z",
        "uri": "http://wayback.archive-it.org/all/20180125143937/http://www.etsy.com/ca/listing/493089660/donald-trump-mexico-bad-hombre-trump"
      }
    ],
    "first": {
      "datetime": "2018-01-24T22:13:11Z",
      "uri": "http://web.archive.org/web/20180124221311/https://www.etsy.com/ca/listing/493089660/donald-trump-mexico-bad-hombre-trump"
    },
    "last": {
      "datetime": "2018-01-25T14:39:37Z",
      "uri": "http://wayback.archive-it.org/all/20180125143937/http://www.etsy.com/ca/listing/493089660/donald-trump-mexico-bad-hombre-trump"
    }
  },
  "timemap_uri": {
    "link_format": "https://memgator.cs.odu.edu/timemap/link/https://www.etsy.com/ca/listing/493089660/donald-trump-mexico-bad-hombre-trump",
    "json_format": "https://memgator.cs.odu.edu/timemap/json/https://www.etsy.com/ca/listing/493089660/donald-trump-mexico-bad-hombre-trump",
    "cdxj_format": "https://memgator.cs.odu.edu/timemap/cdxj/https://www.etsy.com/ca/listing/493089660/donald-trump-mexico-bad-hombre-trump"
  },
  "timegate_uri": "https://memgator.cs.odu.edu/timegate/https://www.etsy.com/ca/listing/493089660/donald-trump-mexico-bad-hombre-trump"
}