{
  "original_uri": "http://www.jeuxvideo.com/news/787658/electronic-arts-presente-a-son-tour-ses-resultats.htm",
  "self": "https://memgator.cs.odu.edu/timemap/json/http://www.jeuxvideo.com/news/787658/electronic-arts-presente-a-son-tour-ses-resultats.htm",
  "mementos": {
    "list": [
      {
        "datetime": "2018-02-01T05:44:48Z",
        "uri": "http://web.archive.org/web/20180201054448/http://www.jeuxvideo.com/news/787658/electronic-arts-presente-a-son-tour-ses-resultats.htm"
      }
    ],
    "first": {
      "datetime": "2018-02-01T05:44:48Z",
      "uri": "http://web.archive.org/web/20180201054448/http://www.jeuxvideo.com/news/787658/electronic-arts-presente-a-son-tour-ses-resultats.htm"
    },
    "last": {
      "datetime": "2018-02-01T05:44:48Z",
      "uri": "http://web.archive.org/web/20180201054448/http://www.jeuxvideo.com/news/787658/electronic-arts-presente-a-son-tour-ses-resultats.htm"
    }
  },
  "timemap_uri": {
    "link_format": "https://memgator.cs.odu.edu/timemap/link/http://www.jeuxvideo.com/news/787658/electronic-arts-presente-a-son-tour-ses-resultats.htm",
    "json_format": "https://memgator.cs.odu.edu/timemap/json/http://www.jeuxvideo.com/news/787658/electronic-arts-presente-a-son-tour-ses-resultats.htm",
    "cdxj_format": "https://memgator.cs.odu.edu/timemap/cdxj/http://www.jeuxvideo.com/news/787658/electronic-arts-presente-a-son-tour-ses-resultats.htm"
  },
  "timegate_uri": "https://memgator.cs.odu.edu/timegate/http://www.jeuxvideo.com/news/787658/electronic-arts-presente-a-son-tour-ses-resultats.htm"
}