{
  "original_uri": "https://itunes.apple.com/us/podcast/elevating-beyond-mark-minard/id950099063?mt=2",
  "self": "https://memgator.cs.odu.edu/timemap/json/https://itunes.apple.com/us/podcast/elevating-beyond-mark-minard/id950099063?mt=2",
  "mementos": {
    "list": [
      {
        "datetime": "2016-08-16T03:35:12Z",
        "uri": "http://web.archive.org/web/20160816033512/https://itunes.apple.com/us/podcast/elevating-beyond-mark-minard/id950099063?mt=2"
      },
      {
        "datetime": "2017-09-29T17:10:07Z",
        "uri": "http://web.archive.org/web/20170929171007/https://itunes.apple.com/us/podcast/elevating-beyond-mark-minard/id950099063?mt=2"
      }
    ],
    "first": {
      "datetime": "2016-08-16T03:35:12Z",
      "uri": "http://web.archive.org/web/20160816033512/https://itunes.apple.com/us/podcast/elevating-beyond-mark-minard/id950099063?mt=2"
    },
    "last": {
      "datetime": "2017-09-29T17:10:07Z",
      "uri": "http://web.archive.org/web/20170929171007/https://itunes.apple.com/us/podcast/elevating-beyond-mark-minard/id950099063?mt=2"
    }
  },
  "timemap_uri": {
    "link_format": "https://memgator.cs.odu.edu/timemap/link/https://itunes.apple.com/us/podcast/elevating-beyond-mark-minard/id950099063?mt=2",
    "json_format": "https://memgator.cs.odu.edu/timemap/json/https://itunes.apple.com/us/podcast/elevating-beyond-mark-minard/id950099063?mt=2",
    "cdxj_format": "https://memgator.cs.odu.edu/timemap/cdxj/https://itunes.apple.com/us/podcast/elevating-beyond-mark-minard/id950099063?mt=2"
  },
  "timegate_uri": "https://memgator.cs.odu.edu/timegate/https://itunes.apple.com/us/podcast/elevating-beyond-mark-minard/id950099063?mt=2"
}