{
  "original_uri": "https://www.thestar.com/news/world/analysis/2018/01/31/donald-trump-is-in-an-extraordinary-showdown-with-his-own-fbi.html",
  "self": "https://memgator.cs.odu.edu/timemap/json/https://www.thestar.com/news/world/analysis/2018/01/31/donald-trump-is-in-an-extraordinary-showdown-with-his-own-fbi.html",
  "mementos": {
    "list": [
      {
        "datetime": "2018-02-01T01:05:34Z",
        "uri": "http://web.archive.org/web/20180201010534/https://www.thestar.com/news/world/analysis/2018/01/31/donald-trump-is-in-an-extraordinary-showdown-with-his-own-fbi.html"
      },
      {
        "datetime": "2018-02-01T02:25:56Z",
        "uri": "http://web.archive.org/web/20180201022556/https://www.thestar.com/news/world/analysis/2018/01/31/donald-trump-is-in-an-extraordinary-showdown-with-his-own-fbi.html"
      },
      {
        "datetime": "2018-02-01T06:23:04Z",
        "uri": "http://web.archive.org/web/20180201062304/https://www.thestar.com/news/world/analysis/2018/01/31/donald-trump-is-in-an-extraordinary-showdown-with-his-own-fbi.html"
      },
      {
        "datetime": "2018-02-01T16:38:39Z",
        "uri": "http://web.archive.org/web/20180201163839/https://www.thestar.com/news/world/analysis/2018/01/31/donald-trump-is-in-an-extraordinary-showdown-with-his-own-fbi.html"
      },
      {
        "datetime": "2018-02-02T01:55:07Z",
        "uri": "http://web.archive.org/web/20180202015507/https://www.thestar.com/news/world/analysis/2018/01/31/donald-trump-is-in-an-extraordinary-showdown-with-his-own-fbi.html"
      },
      {
        "datetime": "2018-02-03T01:51:40Z",
        "uri": "http://web.archive.org/web/20180203015140/https://www.thestar.com/news/world/analysis/2018/01/31/donald-trump-is-in-an-extraordinary-showdown-with-his-own-fbi.html"
      }
    ],
    "first": {
      "datetime": "2018-02-01T01:05:34Z",
      "uri": "http://web.archive.org/web/20180201010534/https://www.thestar.com/news/world/analysis/2018/01/31/donald-trump-is-in-an-extraordinary-showdown-with-his-own-fbi.html"
    },
    "last": {
      "datetime": "2018-02-03T01:51:40Z",
      "uri": "http://web.archive.org/web/20180203015140/https://www.thestar.com/news/world/analysis/2018/01/31/donald-trump-is-in-an-extraordinary-showdown-with-his-own-fbi.html"
    }
  },
  "timemap_uri": {
    "link_format": "https://memgator.cs.odu.edu/timemap/link/https://www.thestar.com/news/world/analysis/2018/01/31/donald-trump-is-in-an-extraordinary-showdown-with-his-own-fbi.html",
    "json_format": "https://memgator.cs.odu.edu/timemap/json/https://www.thestar.com/news/world/analysis/2018/01/31/donald-trump-is-in-an-extraordinary-showdown-with-his-own-fbi.html",
    "cdxj_format": "https://memgator.cs.odu.edu/timemap/cdxj/https://www.thestar.com/news/world/analysis/2018/01/31/donald-trump-is-in-an-extraordinary-showdown-with-his-own-fbi.html"
  },
  "timegate_uri": "https://memgator.cs.odu.edu/timegate/https://www.thestar.com/news/world/analysis/2018/01/31/donald-trump-is-in-an-extraordinary-showdown-with-his-own-fbi.html"
}