{
  "original_uri": "http://www.kompaparis.com/radio",
  "self": "https://memgator.cs.odu.edu/timemap/json/http://www.kompaparis.com/radio",
  "mementos": {
    "list": [
      {
        "datetime": "2012-04-15T04:35:28Z",
        "uri": "http://web.archive.org/web/20120415043528/http://www.kompaparis.com:80/radio/"
      },
      {
        "datetime": "2012-04-15T04:35:28Z",
        "uri": "http://web.archive.org/web/20120415043528/http://www.kompaparis.com:80/radio"
      },
      {
        "datetime": "2012-04-17T12:14:09Z",
        "uri": "http://web.archive.org/web/20120417121409/http://www.kompaparis.com:80/radio/"
      },
      {
        "datetime": "2012-05-16T08:40:24Z",
        "uri": "http://web.archive.org/web/20120516084024/http://www.kompaparis.com:80/radio/"
      },
      {
        "datetime": "2012-05-16T08:40:24Z",
        "uri": "http://web.archive.org/web/20120516084024/http://www.kompaparis.com:80/radio"
      },
      {
        "datetime": "2012-06-16T09:49:23Z",
        "uri": "http://web.archive.org/web/20120616094923/http://www.kompaparis.com:80/radio/"
      },
      {
        "datetime": "2012-06-16T09:49:23Z",
        "uri": "http://web.archive.org/web/20120616094923/http://www.kompaparis.com:80/radio"
      },
      {
        "datetime": "2012-06-17T16:20:58Z",
        "uri": "http://web.archive.org/web/20120617162058/http://www.kompaparis.com:80/radio/"
      },
      {
        "datetime": "2012-08-17T11:42:35Z",
        "uri": "http://web.archive.org/web/20120817114235/http://www.kompaparis.com:80/radio/"
      },
      {
        "datetime": "2013-07-11T04:23:35Z",
        "uri": "http://web.archive.org/web/20130711042335/http://www.kompaparis.com:80/radio/"
      },
      {
        "datetime": "2013-07-11T04:23:35Z",
        "uri": "http://web.archive.org/web/20130711042335/http://www.kompaparis.com:80/radio"
      },
      {
        "datetime": "2013-07-12T07:03:48Z",
        "uri": "http://web.archive.org/web/20130712070348/http://www.kompaparis.com:80/radio/"
      },
      {
        "datetime": "2013-07-12T07:03:48Z",
        "uri": "http://web.archive.org/web/20130712070348/http://www.kompaparis.com:80/radio"
      },
      {
        "datetime": "2013-08-13T05:11:04Z",
        "uri": "http://web.archive.org/web/20130813051104/http://www.kompaparis.com:80/radio/"
      },
      {
        "datetime": "2013-08-13T05:11:04Z",
        "uri": "http://web.archive.org/web/20130813051104/http://www.kompaparis.com:80/radio"
      },
      {
        "datetime": "2013-09-13T03:20:11Z",
        "uri": "http://web.archive.org/web/20130913032011/http://www.kompaparis.com:80/radio/"
      },
      {
        "datetime": "2013-09-13T03:20:11Z",
        "uri": "http://web.archive.org/web/20130913032011/http://www.kompaparis.com:80/radio"
      },
      {
        "datetime": "2013-09-14T05:45:43Z",
        "uri": "http://web.archive.org/web/20130914054543/http://www.kompaparis.com:80/radio/"
      },
      {
        "datetime": "2013-09-14T05:45:43Z",
        "uri": "http://web.archive.org/web/20130914054543/http://www.kompaparis.com:80/radio"
      },
      {
        "datetime": "2013-10-16T09:19:54Z",
        "uri": "http://web.archive.org/web/20131016091954/http://www.kompaparis.com:80/radio/"
      },
      {
        "datetime": "2013-10-16T09:19:54Z",
        "uri": "http://web.archive.org/web/20131016091954/http://www.kompaparis.com:80/radio"
      },
      {
        "datetime": "2016-08-12T17:46:16Z",
        "uri": "http://web.archive.org/web/20160812174616/http://www.kompaparis.com/radio"
      },
      {
        "datetime": "2016-11-15T04:08:55Z",
        "uri": "http://web.archive.org/web/20161115040855/http://kompaparis.com/radio"
      },
      {
        "datetime": "2016-11-15T04:09:04Z",
        "uri": "http://web.archive.org/web/20161115040904/http://kompaparis.com/radio"
      },
      {
        "datetime": "2017-01-10T16:18:06Z",
        "uri": "http://web.archive.org/web/20170110161806/http://www.kompaparis.com/radio"
      },
      {
        "datetime": "2017-02-13T19:09:41Z",
        "uri": "http://web.archive.org/web/20170213190941/http://kompaparis.com/radio"
      },
      {
        "datetime": "2017-06-18T15:29:58Z",
        "uri": "http://web.archive.org/web/20170618152958/http://www.kompaparis.com:80/radio"
      },
      {
        "datetime": "2017-06-25T19:11:34Z",
        "uri": "http://web.archive.org/web/20170625191134/http://www.kompaparis.com/radio"
      },
      {
        "datetime": "2017-09-29T07:48:33Z",
        "uri": "http://web.archive.org/web/20170929074833/http://kompaparis.com/radio"
      },
      {
        "datetime": "2017-10-30T21:29:57Z",
        "uri": "http://web.archive.org/web/20171030212957/http://kompaparis.com/radio"
      },
      {
        "datetime": "2018-02-02T05:01:47Z",
        "uri": "http://web.archive.org/web/20180202050147/http://www.kompaparis.com/radio"
      }
    ],
    "first": {
      "datetime": "2012-04-15T04:35:28Z",
      "uri": "http://web.archive.org/web/20120415043528/http://www.kompaparis.com:80/radio/"
    },
    "last": {
      "datetime": "2018-02-02T05:01:47Z",
      "uri": "http://web.archive.org/web/20180202050147/http://www.kompaparis.com/radio"
    }
  },
  "timemap_uri": {
    "link_format": "https://memgator.cs.odu.edu/timemap/link/http://www.kompaparis.com/radio",
    "json_format": "https://memgator.cs.odu.edu/timemap/json/http://www.kompaparis.com/radio",
    "cdxj_format": "https://memgator.cs.odu.edu/timemap/cdxj/http://www.kompaparis.com/radio"
  },
  "timegate_uri": "https://memgator.cs.odu.edu/timegate/http://www.kompaparis.com/radio"
}