{
  "original_uri": "https://www.pscp.tv/w/bT-hnzFXZ0tnYWtidkd6RXZ8MWVhS2JxakVhcnZ4WIiXRwT4HeBRi_0yadP88gLkSc-9qLFX-zohxVD6yQgu",
  "self": "https://memgator.cs.odu.edu/timemap/json/https://www.pscp.tv/w/bT-hnzFXZ0tnYWtidkd6RXZ8MWVhS2JxakVhcnZ4WIiXRwT4HeBRi_0yadP88gLkSc-9qLFX-zohxVD6yQgu",
  "mementos": {
    "list": [
      {
        "datetime": "2018-01-31T23:54:34Z",
        "uri": "http://web.archive.org/web/20180131235434/https://www.pscp.tv/w/bT-hnzFXZ0tnYWtidkd6RXZ8MWVhS2JxakVhcnZ4WIiXRwT4HeBRi_0yadP88gLkSc-9qLFX-zohxVD6yQgu"
      },
      {
        "datetime": "2018-02-02T06:38:41Z",
        "uri": "http://web.archive.org/web/20180202063841/https://www.pscp.tv/w/bT-hnzFXZ0tnYWtidkd6RXZ8MWVhS2JxakVhcnZ4WIiXRwT4HeBRi_0yadP88gLkSc-9qLFX-zohxVD6yQgu"
      }
    ],
    "first": {
      "datetime": "2018-01-31T23:54:34Z",
      "uri": "http://web.archive.org/web/20180131235434/https://www.pscp.tv/w/bT-hnzFXZ0tnYWtidkd6RXZ8MWVhS2JxakVhcnZ4WIiXRwT4HeBRi_0yadP88gLkSc-9qLFX-zohxVD6yQgu"
    },
    "last": {
      "datetime": "2018-02-02T06:38:41Z",
      "uri": "http://web.archive.org/web/20180202063841/https://www.pscp.tv/w/bT-hnzFXZ0tnYWtidkd6RXZ8MWVhS2JxakVhcnZ4WIiXRwT4HeBRi_0yadP88gLkSc-9qLFX-zohxVD6yQgu"
    }
  },
  "timemap_uri": {
    "link_format": "https://memgator.cs.odu.edu/timemap/link/https://www.pscp.tv/w/bT-hnzFXZ0tnYWtidkd6RXZ8MWVhS2JxakVhcnZ4WIiXRwT4HeBRi_0yadP88gLkSc-9qLFX-zohxVD6yQgu",
    "json_format": "https://memgator.cs.odu.edu/timemap/json/https://www.pscp.tv/w/bT-hnzFXZ0tnYWtidkd6RXZ8MWVhS2JxakVhcnZ4WIiXRwT4HeBRi_0yadP88gLkSc-9qLFX-zohxVD6yQgu",
    "cdxj_format": "https://memgator.cs.odu.edu/timemap/cdxj/https://www.pscp.tv/w/bT-hnzFXZ0tnYWtidkd6RXZ8MWVhS2JxakVhcnZ4WIiXRwT4HeBRi_0yadP88gLkSc-9qLFX-zohxVD6yQgu"
  },
  "timegate_uri": "https://memgator.cs.odu.edu/timegate/https://www.pscp.tv/w/bT-hnzFXZ0tnYWtidkd6RXZ8MWVhS2JxakVhcnZ4WIiXRwT4HeBRi_0yadP88gLkSc-9qLFX-zohxVD6yQgu"
}