{
  "original_uri": "http://www.insight.co.kr/news/138193",
  "self": "https://memgator.cs.odu.edu/timemap/json/http://www.insight.co.kr/news/138193",
  "mementos": {
    "list": [
      {
        "datetime": "2018-02-01T12:09:47Z",
        "uri": "http://web.archive.org/web/20180201120947/http://www.insight.co.kr/news/138193"
      }
    ],
    "first": {
      "datetime": "2018-02-01T12:09:47Z",
      "uri": "http://web.archive.org/web/20180201120947/http://www.insight.co.kr/news/138193"
    },
    "last": {
      "datetime": "2018-02-01T12:09:47Z",
      "uri": "http://web.archive.org/web/20180201120947/http://www.insight.co.kr/news/138193"
    }
  },
  "timemap_uri": {
    "link_format": "https://memgator.cs.odu.edu/timemap/link/http://www.insight.co.kr/news/138193",
    "json_format": "https://memgator.cs.odu.edu/timemap/json/http://www.insight.co.kr/news/138193",
    "cdxj_format": "https://memgator.cs.odu.edu/timemap/cdxj/http://www.insight.co.kr/news/138193"
  },
  "timegate_uri": "https://memgator.cs.odu.edu/timegate/http://www.insight.co.kr/news/138193"
}