{
  "original_uri": "https://itunes.apple.com/us/album/man-of-the-woods/1330759954",
  "self": "https://memgator.cs.odu.edu/timemap/json/https://itunes.apple.com/us/album/man-of-the-woods/1330759954",
  "mementos": {
    "list": [
      {
        "datetime": "2018-01-05T23:51:03Z",
        "uri": "http://web.archive.org/web/20180105235103/https://itunes.apple.com/us/album/man-of-the-woods/1330759954"
      },
      {
        "datetime": "2018-01-06T22:44:42Z",
        "uri": "http://web.archive.org/web/20180106224442/https://itunes.apple.com/us/album/man-of-the-woods/1330759954"
      }
    ],
    "first": {
      "datetime": "2018-01-05T23:51:03Z",
      "uri": "http://web.archive.org/web/20180105235103/https://itunes.apple.com/us/album/man-of-the-woods/1330759954"
    },
    "last": {
      "datetime": "2018-01-06T22:44:42Z",
      "uri": "http://web.archive.org/web/20180106224442/https://itunes.apple.com/us/album/man-of-the-woods/1330759954"
    }
  },
  "timemap_uri": {
    "link_format": "https://memgator.cs.odu.edu/timemap/link/https://itunes.apple.com/us/album/man-of-the-woods/1330759954",
    "json_format": "https://memgator.cs.odu.edu/timemap/json/https://itunes.apple.com/us/album/man-of-the-woods/1330759954",
    "cdxj_format": "https://memgator.cs.odu.edu/timemap/cdxj/https://itunes.apple.com/us/album/man-of-the-woods/1330759954"
  },
  "timegate_uri": "https://memgator.cs.odu.edu/timegate/https://itunes.apple.com/us/album/man-of-the-woods/1330759954"
}