{
  "original_uri": "http://http://movieweb.com/super-mario-bros-movie-officially-happening-nintendo/",
  "self": "https://memgator.cs.odu.edu/timemap/json/http://http://movieweb.com/super-mario-bros-movie-officially-happening-nintendo/",
  "mementos": {
    "list": [
      {
        "datetime": "2018-02-01T22:59:40Z",
        "uri": "http://web.archive.org/web/20180201225940/https://movieweb.com/super-mario-bros-movie-officially-happening-nintendo/"
      },
      {
        "datetime": "2018-02-02T09:22:28Z",
        "uri": "http://web.archive.org/web/20180202092228/https://movieweb.com/super-mario-bros-movie-officially-happening-nintendo/"
      }
    ],
    "first": {
      "datetime": "2018-02-01T22:59:40Z",
      "uri": "http://web.archive.org/web/20180201225940/https://movieweb.com/super-mario-bros-movie-officially-happening-nintendo/"
    },
    "last": {
      "datetime": "2018-02-02T09:22:28Z",
      "uri": "http://web.archive.org/web/20180202092228/https://movieweb.com/super-mario-bros-movie-officially-happening-nintendo/"
    }
  },
  "timemap_uri": {
    "link_format": "https://memgator.cs.odu.edu/timemap/link/http://http://movieweb.com/super-mario-bros-movie-officially-happening-nintendo/",
    "json_format": "https://memgator.cs.odu.edu/timemap/json/http://http://movieweb.com/super-mario-bros-movie-officially-happening-nintendo/",
    "cdxj_format": "https://memgator.cs.odu.edu/timemap/cdxj/http://http://movieweb.com/super-mario-bros-movie-officially-happening-nintendo/"
  },
  "timegate_uri": "https://memgator.cs.odu.edu/timegate/http://http://movieweb.com/super-mario-bros-movie-officially-happening-nintendo/"
}