{
  "original_uri": "http://es.ign.com/daily-fix/128899/fix/super-mario-la-pelicula-wolfenstein-ii-it-lurks-below-daily",
  "self": "https://memgator.cs.odu.edu/timemap/json/http://es.ign.com/daily-fix/128899/fix/super-mario-la-pelicula-wolfenstein-ii-it-lurks-below-daily",
  "mementos": {
    "list": [
      {
        "datetime": "2018-02-02T10:56:33Z",
        "uri": "http://web.archive.org/web/20180202105633/http://es.ign.com/daily-fix/128899/fix/super-mario-la-pelicula-wolfenstein-ii-it-lurks-below-daily"
      }
    ],
    "first": {
      "datetime": "2018-02-02T10:56:33Z",
      "uri": "http://web.archive.org/web/20180202105633/http://es.ign.com/daily-fix/128899/fix/super-mario-la-pelicula-wolfenstein-ii-it-lurks-below-daily"
    },
    "last": {
      "datetime": "2018-02-02T10:56:33Z",
      "uri": "http://web.archive.org/web/20180202105633/http://es.ign.com/daily-fix/128899/fix/super-mario-la-pelicula-wolfenstein-ii-it-lurks-below-daily"
    }
  },
  "timemap_uri": {
    "link_format": "https://memgator.cs.odu.edu/timemap/link/http://es.ign.com/daily-fix/128899/fix/super-mario-la-pelicula-wolfenstein-ii-it-lurks-below-daily",
    "json_format": "https://memgator.cs.odu.edu/timemap/json/http://es.ign.com/daily-fix/128899/fix/super-mario-la-pelicula-wolfenstein-ii-it-lurks-below-daily",
    "cdxj_format": "https://memgator.cs.odu.edu/timemap/cdxj/http://es.ign.com/daily-fix/128899/fix/super-mario-la-pelicula-wolfenstein-ii-it-lurks-below-daily"
  },
  "timegate_uri": "https://memgator.cs.odu.edu/timegate/http://es.ign.com/daily-fix/128899/fix/super-mario-la-pelicula-wolfenstein-ii-it-lurks-below-daily"
}