{
  "original_uri": "https://aglimpseofheaventhephilosophyoftruehealth.wordpress.com/",
  "self": "https://memgator.cs.odu.edu/timemap/json/https://aglimpseofheaventhephilosophyoftruehealth.wordpress.com/",
  "mementos": {
    "list": [
      {
        "datetime": "2012-07-19T05:29:21Z",
        "uri": "http://web.archive.org/web/20120719052921/http://aglimpseofheaventhephilosophyoftruehealth.wordpress.com:80/"
      },
      {
        "datetime": "2012-08-17T12:58:49Z",
        "uri": "http://web.archive.org/web/20120817125849/http://aglimpseofheaventhephilosophyoftruehealth.wordpress.com:80/"
      },
      {
        "datetime": "2012-10-04T23:48:24Z",
        "uri": "http://web.archive.org/web/20121004234824/http://aglimpseofheaventhephilosophyoftruehealth.wordpress.com:80/?"
      },
      {
        "datetime": "2012-10-24T23:58:09Z",
        "uri": "http://web.archive.org/web/20121024235809/http://aglimpseofheaventhephilosophyoftruehealth.wordpress.com:80/"
      },
      {
        "datetime": "2012-11-05T07:14:24Z",
        "uri": "http://web.archive.org/web/20121105071424/http://aglimpseofheaventhephilosophyoftruehealth.wordpress.com:80/?"
      },
      {
        "datetime": "2012-11-25T05:09:08Z",
        "uri": "http://web.archive.org/web/20121125050908/http://aglimpseofheaventhephilosophyoftruehealth.wordpress.com:80/"
      },
      {
        "datetime": "2012-12-27T01:56:49Z",
        "uri": "http://web.archive.org/web/20121227015649/http://aglimpseofheaventhephilosophyoftruehealth.wordpress.com:80/"
      },
      {
        "datetime": "2013-01-19T09:16:17Z",
        "uri": "http://web.archive.org/web/20130119091617/http://aglimpseofheaventhephilosophyoftruehealth.wordpress.com/"
      },
      {
        "datetime": "2013-01-27T13:13:54Z",
        "uri": "http://web.archive.org/web/20130127131354/http://aglimpseofheaventhephilosophyoftruehealth.wordpress.com:80/"
      },
      {
        "datetime": "2013-05-19T15:19:28Z",
        "uri": "http://web.archive.org/web/20130519151928/http://aglimpseofheaventhephilosophyoftruehealth.wordpress.com:80/"
      },
      {
        "datetime": "2013-05-30T22:57:35Z",
        "uri": "http://web.archive.org/web/20130530225735/http://aglimpseofheaventhephilosophyoftruehealth.wordpress.com/"
      },
      {
        "datetime": "2013-07-19T23:40:19Z",
        "uri": "http://web.archive.org/web/20130719234019/http://aglimpseofheaventhephilosophyoftruehealth.wordpress.com:80/"
      },
      {
        "datetime": "2013-07-21T01:10:21Z",
        "uri": "http://web.archive.org/web/20130721011021/http://aglimpseofheaventhephilosophyoftruehealth.wordpress.com:80/"
      },
      {
        "datetime": "2013-08-28T11:52:08Z",
        "uri": "http://web.archive.org/web/20130828115208/http://aglimpseofheaventhephilosophyoftruehealth.wordpress.com:80/"
      },
      {
        "datetime": "2013-09-02T06:47:52Z",
        "uri": "http://web.archive.org/web/20130902064752/http://aglimpseofheaventhephilosophyoftruehealth.wordpress.com/"
      },
      {
        "datetime": "2013-10-09T13:10:28Z",
        "uri": "http://web.archive.org/web/20131009131028/http://aglimpseofheaventhephilosophyoftruehealth.wordpress.com/"
      },
      {
        "datetime": "2013-10-10T11:34:39Z",
        "uri": "http://web.archive.org/web/20131010113439/http://aglimpseofheaventhephilosophyoftruehealth.wordpress.com:80/"
      },
      {
        "datetime": "2013-10-15T02:50:54Z",
        "uri": "http://web.archive.org/web/20131015025054/http://aglimpseofheaventhephilosophyoftruehealth.wordpress.com/"
      },
      {
        "datetime": "2013-10-16T01:16:36Z",
        "uri": "http://web.archive.org/web/20131016011636/http://aglimpseofheaventhephilosophyoftruehealth.wordpress.com/"
      },
      {
        "datetime": "2013-12-03T18:49:28Z",
        "uri": "http://web.archive.org/web/20131203184928/http://aglimpseofheaventhephilosophyoftruehealth.wordpress.com/"
      },
      {
        "datetime": "2013-12-11T16:10:51Z",
        "uri": "http://web.archive.org/web/20131211161051/http://aglimpseofheaventhephilosophyoftruehealth.wordpress.com/"
      },
      {
        "datetime": "2013-12-26T20:39:41Z",
        "uri": "http://web.archive.org/web/20131226203941/http://aglimpseofheaventhephilosophyoftruehealth.wordpress.com/"
      },
      {
        "datetime": "2014-01-02T22:37:04Z",
        "uri": "http://web.archive.org/web/20140102223704/http://aglimpseofheaventhephilosophyoftruehealth.wordpress.com/"
      },
      {
        "datetime": "2014-01-12T11:03:46Z",
        "uri": "http://wayback.archive-it.org/all/20140112110346/http://aglimpseofheaventhephilosophyoftruehealth.wordpress.com/"
      },
      {
        "datetime": "2014-01-12T11:03:46Z",
        "uri": "http://web.archive.org/web/20140112110346/http://aglimpseofheaventhephilosophyoftruehealth.wordpress.com/"
      },
      {
        "datetime": "2014-02-02T13:37:57Z",
        "uri": "http://web.archive.org/web/20140202133757/http://aglimpseofheaventhephilosophyoftruehealth.wordpress.com/"
      },
      {
        "datetime": "2014-02-27T21:24:45Z",
        "uri": "http://web.archive.org/web/20140227212445/http://aglimpseofheaventhephilosophyoftruehealth.wordpress.com:80/"
      },
      {
        "datetime": "2014-02-28T23:54:53Z",
        "uri": "http://web.archive.org/web/20140228235453/http://aglimpseofheaventhephilosophyoftruehealth.wordpress.com:80/"
      },
      {
        "datetime": "2014-03-27T03:57:24Z",
        "uri": "http://web.archive.org/web/20140327035724/http://aglimpseofheaventhephilosophyoftruehealth.wordpress.com/"
      },
      {
        "datetime": "2014-07-18T18:12:23Z",
        "uri": "http://web.archive.org/web/20140718181223/http://aglimpseofheaventhephilosophyoftruehealth.wordpress.com/"
      },
      {
        "datetime": "2014-10-19T04:50:03Z",
        "uri": "http://web.archive.org/web/20141019045003/http://aglimpseofheaventhephilosophyoftruehealth.wordpress.com/"
      },
      {
        "datetime": "2014-10-30T10:03:35Z",
        "uri": "http://wayback.archive-it.org/all/20141030100335/http://aglimpseofheaventhephilosophyoftruehealth.wordpress.com/"
      },
      {
        "datetime": "2014-10-30T10:03:35Z",
        "uri": "http://wayback.archive-it.org/all/20141030100335/http://aglimpseofheaventhephilosophyoftruehealth.wordpress.com/"
      },
      {
        "datetime": "2014-10-30T10:03:35Z",
        "uri": "http://web.archive.org/web/20141030100335/http://aglimpseofheaventhephilosophyoftruehealth.wordpress.com/"
      },
      {
        "datetime": "2014-10-30T10:03:37Z",
        "uri": "http://wayback.archive-it.org/all/20141030100337/https://aglimpseofheaventhephilosophyoftruehealth.wordpress.com/"
      },
      {
        "datetime": "2014-10-30T10:03:37Z",
        "uri": "http://wayback.archive-it.org/all/20141030100337/https://aglimpseofheaventhephilosophyoftruehealth.wordpress.com/"
      },
      {
        "datetime": "2014-10-30T10:03:37Z",
        "uri": "http://web.archive.org/web/20141030100337/https://aglimpseofheaventhephilosophyoftruehealth.wordpress.com/"
      },
      {
        "datetime": "2014-12-19T23:22:07Z",
        "uri": "http://web.archive.org/web/20141219232207/http://aglimpseofheaventhephilosophyoftruehealth.wordpress.com/"
      },
      {
        "datetime": "2015-02-23T08:14:08Z",
        "uri": "http://web.archive.org/web/20150223081408/http://aglimpseofheaventhephilosophyoftruehealth.wordpress.com:80/"
      },
      {
        "datetime": "2015-02-28T08:30:14Z",
        "uri": "http://web.archive.org/web/20150228083014/https://aglimpseofheaventhephilosophyoftruehealth.wordpress.com/"
      },
      {
        "datetime": "2015-02-28T08:30:20Z",
        "uri": "http://web.archive.org/web/20150228083020/http://aglimpseofheaventhephilosophyoftruehealth.wordpress.com/"
      },
      {
        "datetime": "2015-03-26T16:32:10Z",
        "uri": "http://web.archive.org/web/20150326163210/http://aglimpseofheaventhephilosophyoftruehealth.wordpress.com/"
      },
      {
        "datetime": "2015-04-01T16:36:04Z",
        "uri": "http://wayback.archive-it.org/all/20150401163604/https://aglimpseofheaventhephilosophyoftruehealth.wordpress.com/"
      },
      {
        "datetime": "2015-04-01T16:36:04Z",
        "uri": "http://web.archive.org/web/20150401163604/https://aglimpseofheaventhephilosophyoftruehealth.wordpress.com/"
      },
      {
        "datetime": "2015-04-01T16:38:16Z",
        "uri": "http://wayback.archive-it.org/all/20150401163816/http://aglimpseofheaventhephilosophyoftruehealth.wordpress.com/"
      },
      {
        "datetime": "2015-04-01T16:38:16Z",
        "uri": "http://web.archive.org/web/20150401163816/http://aglimpseofheaventhephilosophyoftruehealth.wordpress.com/"
      },
      {
        "datetime": "2015-04-11T01:34:48Z",
        "uri": "http://web.archive.org/web/20150411013448/https://aglimpseofheaventhephilosophyoftruehealth.wordpress.com/"
      },
      {
        "datetime": "2015-04-27T00:41:44Z",
        "uri": "http://archive.is/20150427004144/https://aglimpseofheaventhephilosophyoftruehealth.wordpress.com/"
      },
      {
        "datetime": "2015-06-12T19:01:54Z",
        "uri": "http://archive.is/20150612190154/https://aglimpseofheaventhephilosophyoftruehealth.wordpress.com/"
      },
      {
        "datetime": "2015-06-14T17:54:45Z",
        "uri": "http://web.archive.org/web/20150614175445/https://aglimpseofheaventhephilosophyoftruehealth.wordpress.com/"
      },
      {
        "datetime": "2015-06-22T16:10:32Z",
        "uri": "http://web.archive.org/web/20150622161032/http://aglimpseofheaventhephilosophyoftruehealth.wordpress.com:80/"
      },
      {
        "datetime": "2015-08-23T07:43:28Z",
        "uri": "http://web.archive.org/web/20150823074328/http://aglimpseofheaventhephilosophyoftruehealth.wordpress.com/"
      },
      {
        "datetime": "2015-12-27T23:51:41Z",
        "uri": "http://web.archive.org/web/20151227235141/http://aglimpseofheaventhephilosophyoftruehealth.wordpress.com/"
      },
      {
        "datetime": "2015-12-28T08:55:59Z",
        "uri": "http://web.archive.org/web/20151228085559/https://aglimpseofheaventhephilosophyoftruehealth.wordpress.com/"
      },
      {
        "datetime": "2016-01-07T03:21:42Z",
        "uri": "http://webarchive.loc.gov/all/20160107032142/https://aglimpseofheaventhephilosophyoftruehealth.wordpress.com/"
      },
      {
        "datetime": "2016-01-07T03:21:52Z",
        "uri": "http://webarchive.loc.gov/all/20160107032152/http://aglimpseofheaventhephilosophyoftruehealth.wordpress.com/"
      },
      {
        "datetime": "2016-01-17T10:40:38Z",
        "uri": "http://web.archive.org/web/20160117104038/https://aglimpseofheaventhephilosophyoftruehealth.wordpress.com/"
      },
      {
        "datetime": "2016-03-01T06:02:53Z",
        "uri": "http://web.archive.org/web/20160301060253/https://aglimpseofheaventhephilosophyoftruehealth.wordpress.com/"
      },
      {
        "datetime": "2016-03-13T11:28:10Z",
        "uri": "http://web.archive.org/web/20160313112810/http://aglimpseofheaventhephilosophyoftruehealth.wordpress.com/"
      },
      {
        "datetime": "2016-03-13T11:28:12Z",
        "uri": "http://web.archive.org/web/20160313112812/https://aglimpseofheaventhephilosophyoftruehealth.wordpress.com/"
      },
      {
        "datetime": "2016-03-15T20:00:55Z",
        "uri": "http://web.archive.org/web/20160315200055/http://aglimpseofheaventhephilosophyoftruehealth.wordpress.com/"
      },
      {
        "datetime": "2016-03-17T10:50:14Z",
        "uri": "http://web.archive.org/web/20160317105014/http://aglimpseofheaventhephilosophyoftruehealth.wordpress.com:80/"
      },
      {
        "datetime": "2016-04-21T09:31:25Z",
        "uri": "http://web.archive.org/web/20160421093125/https://aglimpseofheaventhephilosophyoftruehealth.wordpress.com/"
      },
      {
        "datetime": "2016-04-21T14:09:08Z",
        "uri": "http://web.archive.org/web/20160421140908/http://aglimpseofheaventhephilosophyoftruehealth.wordpress.com/"
      },
      {
        "datetime": "2016-04-24T02:56:45Z",
        "uri": "http://web.archive.org/web/20160424025645/http://aglimpseofheaventhephilosophyoftruehealth.wordpress.com/"
      },
      {
        "datetime": "2016-05-01T09:19:03Z",
        "uri": "http://web.archive.org/web/20160501091903/http://aglimpseofheaventhephilosophyoftruehealth.wordpress.com/"
      },
      {
        "datetime": "2016-05-01T09:19:04Z",
        "uri": "http://web.archive.org/web/20160501091904/https://aglimpseofheaventhephilosophyoftruehealth.wordpress.com/"
      },
      {
        "datetime": "2016-05-01T09:19:06Z",
        "uri": "http://web.archive.org/web/20160501091906/http://aglimpseofheaventhephilosophyoftruehealth.wordpress.com/"
      },
      {
        "datetime": "2016-05-01T09:19:08Z",
        "uri": "http://web.archive.org/web/20160501091908/https://aglimpseofheaventhephilosophyoftruehealth.wordpress.com/"
      },
      {
        "datetime": "2016-11-13T19:43:11Z",
        "uri": "http://web.archive.org/web/20161113194311/http://aglimpseofheaventhephilosophyoftruehealth.wordpress.com/"
      },
      {
        "datetime": "2017-01-13T23:37:50Z",
        "uri": "http://web.archive.org/web/20170113233750/https://aglimpseofheaventhephilosophyoftruehealth.wordpress.com/"
      },
      {
        "datetime": "2017-05-23T10:57:44Z",
        "uri": "http://web.archive.org/web/20170523105744/https://aglimpseofheaventhephilosophyoftruehealth.wordpress.com/"
      },
      {
        "datetime": "2017-09-21T17:02:47Z",
        "uri": "http://web.archive.org/web/20170921170247/http://aglimpseofheaventhephilosophyoftruehealth.wordpress.com/"
      },
      {
        "datetime": "2017-11-20T03:40:17Z",
        "uri": "http://web.archive.org/web/20171120034017/https://aglimpseofheaventhephilosophyoftruehealth.wordpress.com/"
      },
      {
        "datetime": "2018-01-25T06:09:04Z",
        "uri": "http://web.archive.org/web/20180125060904/http://aglimpseofheaventhephilosophyoftruehealth.wordpress.com/"
      },
      {
        "datetime": "2018-02-01T09:18:38Z",
        "uri": "http://web.archive.org/web/20180201091838/https://aglimpseofheaventhephilosophyoftruehealth.wordpress.com/"
      },
      {
        "datetime": "2018-02-01T09:47:27Z",
        "uri": "http://web.archive.org/web/20180201094727/http://aglimpseofheaventhephilosophyoftruehealth.wordpress.com/"
      }
    ],
    "first": {
      "datetime": "2012-07-19T05:29:21Z",
      "uri": "http://web.archive.org/web/20120719052921/http://aglimpseofheaventhephilosophyoftruehealth.wordpress.com:80/"
    },
    "last": {
      "datetime": "2018-02-01T09:47:27Z",
      "uri": "http://web.archive.org/web/20180201094727/http://aglimpseofheaventhephilosophyoftruehealth.wordpress.com/"
    }
  },
  "timemap_uri": {
    "link_format": "https://memgator.cs.odu.edu/timemap/link/https://aglimpseofheaventhephilosophyoftruehealth.wordpress.com/",
    "json_format": "https://memgator.cs.odu.edu/timemap/json/https://aglimpseofheaventhephilosophyoftruehealth.wordpress.com/",
    "cdxj_format": "https://memgator.cs.odu.edu/timemap/cdxj/https://aglimpseofheaventhephilosophyoftruehealth.wordpress.com/"
  },
  "timegate_uri": "https://memgator.cs.odu.edu/timegate/https://aglimpseofheaventhephilosophyoftruehealth.wordpress.com/"
}