{
  "original_uri": "http://ekonomi.kompas.com/read/2018/02/02/073000226/mengelola-penghasilan-dengan-prinsip-10-20-30-40",
  "self": "https://memgator.cs.odu.edu/timemap/json/http://ekonomi.kompas.com/read/2018/02/02/073000226/mengelola-penghasilan-dengan-prinsip-10-20-30-40",
  "mementos": {
    "list": [
      {
        "datetime": "2018-02-02T05:21:15Z",
        "uri": "http://web.archive.org/web/20180202052115/http://ekonomi.kompas.com/read/2018/02/02/073000226/mengelola-penghasilan-dengan-prinsip-10-20-30-40"
      },
      {
        "datetime": "2018-02-02T17:21:35Z",
        "uri": "http://web.archive.org/web/20180202172135/http://ekonomi.kompas.com/read/2018/02/02/073000226/mengelola-penghasilan-dengan-prinsip-10-20-30-40"
      }
    ],
    "first": {
      "datetime": "2018-02-02T05:21:15Z",
      "uri": "http://web.archive.org/web/20180202052115/http://ekonomi.kompas.com/read/2018/02/02/073000226/mengelola-penghasilan-dengan-prinsip-10-20-30-40"
    },
    "last": {
      "datetime": "2018-02-02T17:21:35Z",
      "uri": "http://web.archive.org/web/20180202172135/http://ekonomi.kompas.com/read/2018/02/02/073000226/mengelola-penghasilan-dengan-prinsip-10-20-30-40"
    }
  },
  "timemap_uri": {
    "link_format": "https://memgator.cs.odu.edu/timemap/link/http://ekonomi.kompas.com/read/2018/02/02/073000226/mengelola-penghasilan-dengan-prinsip-10-20-30-40",
    "json_format": "https://memgator.cs.odu.edu/timemap/json/http://ekonomi.kompas.com/read/2018/02/02/073000226/mengelola-penghasilan-dengan-prinsip-10-20-30-40",
    "cdxj_format": "https://memgator.cs.odu.edu/timemap/cdxj/http://ekonomi.kompas.com/read/2018/02/02/073000226/mengelola-penghasilan-dengan-prinsip-10-20-30-40"
  },
  "timegate_uri": "https://memgator.cs.odu.edu/timegate/http://ekonomi.kompas.com/read/2018/02/02/073000226/mengelola-penghasilan-dengan-prinsip-10-20-30-40"
}