{
  "original_uri": "https://www.famitsu.com/news/201802/02150964.html",
  "self": "https://memgator.cs.odu.edu/timemap/json/https://www.famitsu.com/news/201802/02150964.html",
  "mementos": {
    "list": [
      {
        "datetime": "2018-02-02T04:05:20Z",
        "uri": "http://web.archive.org/web/20180202040520/https://www.famitsu.com/news/201802/02150964.html"
      },
      {
        "datetime": "2018-02-02T04:08:14Z",
        "uri": "http://web.archive.org/web/20180202040814/https://www.famitsu.com/news/201802/02150964.html"
      },
      {
        "datetime": "2018-02-02T04:39:35Z",
        "uri": "http://web.archive.org/web/20180202043935/https://www.famitsu.com/news/201802/02150964.html"
      },
      {
        "datetime": "2018-02-02T04:59:57Z",
        "uri": "http://web.archive.org/web/20180202045957/https://www.famitsu.com/news/201802/02150964.html"
      },
      {
        "datetime": "2018-02-02T05:00:32Z",
        "uri": "http://archive.is/20180202050032/https://www.famitsu.com/news/201802/02150964.html"
      },
      {
        "datetime": "2018-02-02T05:09:11Z",
        "uri": "http://web.archive.org/web/20180202050911/https://www.famitsu.com/news/201802/02150964.html"
      },
      {
        "datetime": "2018-02-02T05:41:03Z",
        "uri": "http://web.archive.org/web/20180202054103/https://www.famitsu.com/news/201802/02150964.html"
      },
      {
        "datetime": "2018-02-02T06:08:29Z",
        "uri": "http://web.archive.org/web/20180202060829/https://www.famitsu.com/news/201802/02150964.html"
      },
      {
        "datetime": "2018-02-02T06:29:25Z",
        "uri": "http://web.archive.org/web/20180202062925/https://www.famitsu.com/news/201802/02150964.html"
      },
      {
        "datetime": "2018-02-02T06:38:15Z",
        "uri": "http://web.archive.org/web/20180202063815/https://www.famitsu.com/news/201802/02150964.html"
      },
      {
        "datetime": "2018-02-02T07:10:50Z",
        "uri": "http://web.archive.org/web/20180202071050/https://www.famitsu.com/news/201802/02150964.html"
      },
      {
        "datetime": "2018-02-02T07:38:08Z",
        "uri": "http://web.archive.org/web/20180202073808/https://www.famitsu.com/news/201802/02150964.html"
      },
      {
        "datetime": "2018-02-02T07:40:56Z",
        "uri": "http://web.archive.org/web/20180202074056/https://www.famitsu.com/news/201802/02150964.html"
      },
      {
        "datetime": "2018-02-02T08:08:01Z",
        "uri": "http://web.archive.org/web/20180202080801/https://www.famitsu.com/news/201802/02150964.html"
      },
      {
        "datetime": "2018-02-02T08:39:18Z",
        "uri": "http://web.archive.org/web/20180202083918/https://www.famitsu.com/news/201802/02150964.html"
      },
      {
        "datetime": "2018-02-02T09:11:24Z",
        "uri": "http://web.archive.org/web/20180202091124/https://www.famitsu.com/news/201802/02150964.html"
      },
      {
        "datetime": "2018-02-02T10:10:57Z",
        "uri": "http://web.archive.org/web/20180202101057/https://www.famitsu.com/news/201802/02150964.html"
      },
      {
        "datetime": "2018-02-02T10:12:52Z",
        "uri": "http://web.archive.org/web/20180202101252/https://www.famitsu.com/news/201802/02150964.html"
      },
      {
        "datetime": "2018-02-02T10:44:13Z",
        "uri": "http://web.archive.org/web/20180202104413/https://www.famitsu.com/news/201802/02150964.html"
      },
      {
        "datetime": "2018-02-02T11:38:20Z",
        "uri": "http://web.archive.org/web/20180202113820/https://www.famitsu.com/news/201802/02150964.html"
      },
      {
        "datetime": "2018-02-02T23:40:04Z",
        "uri": "http://web.archive.org/web/20180202234004/https://www.famitsu.com/news/201802/02150964.html"
      },
      {
        "datetime": "2018-02-03T00:07:42Z",
        "uri": "http://web.archive.org/web/20180203000742/https://www.famitsu.com/news/201802/02150964.html"
      },
      {
        "datetime": "2018-02-03T00:37:39Z",
        "uri": "http://web.archive.org/web/20180203003739/https://www.famitsu.com/news/201802/02150964.html"
      },
      {
        "datetime": "2018-02-03T10:14:34Z",
        "uri": "http://web.archive.org/web/20180203101434/http://www.famitsu.com/news/201802/02150964.html"
      },
      {
        "datetime": "2018-02-03T13:11:06Z",
        "uri": "http://web.archive.org/web/20180203131106/https://www.famitsu.com/news/201802/02150964.html"
      }
    ],
    "first": {
      "datetime": "2018-02-02T04:05:20Z",
      "uri": "http://web.archive.org/web/20180202040520/https://www.famitsu.com/news/201802/02150964.html"
    },
    "last": {
      "datetime": "2018-02-03T13:11:06Z",
      "uri": "http://web.archive.org/web/20180203131106/https://www.famitsu.com/news/201802/02150964.html"
    }
  },
  "timemap_uri": {
    "link_format": "https://memgator.cs.odu.edu/timemap/link/https://www.famitsu.com/news/201802/02150964.html",
    "json_format": "https://memgator.cs.odu.edu/timemap/json/https://www.famitsu.com/news/201802/02150964.html",
    "cdxj_format": "https://memgator.cs.odu.edu/timemap/cdxj/https://www.famitsu.com/news/201802/02150964.html"
  },
  "timegate_uri": "https://memgator.cs.odu.edu/timegate/https://www.famitsu.com/news/201802/02150964.html"
}