{
  "original_uri": "http://www.radios.com.br/aovivo/Radio-Mundial-1/32928",
  "self": "https://memgator.cs.odu.edu/timemap/json/http://www.radios.com.br/aovivo/Radio-Mundial-1/32928",
  "mementos": {
    "list": [
      {
        "datetime": "2015-09-20T07:41:28Z",
        "uri": "http://web.archive.org/web/20150920074128/http://www.radios.com.br/aovivo/Radio-Mundial-1/32928"
      },
      {
        "datetime": "2016-08-12T16:15:25Z",
        "uri": "http://web.archive.org/web/20160812161525/http://www.radios.com.br/aovivo/Radio-Mundial-1/32928"
      },
      {
        "datetime": "2016-08-13T06:28:50Z",
        "uri": "http://web.archive.org/web/20160813062850/http://www.radios.com.br:80/aovivo/Radio-Mundial-1/32928"
      },
      {
        "datetime": "2016-11-13T09:59:14Z",
        "uri": "http://web.archive.org/web/20161113095914/http://www.radios.com.br:80/aovivo/Radio-Mundial-1/32928"
      },
      {
        "datetime": "2017-06-21T01:40:33Z",
        "uri": "http://web.archive.org/web/20170621014033/http://www.radios.com.br/aovivo/radio-mundial-1/32928"
      },
      {
        "datetime": "2017-09-08T06:48:04Z",
        "uri": "http://web.archive.org/web/20170908064804/https://www.radios.com.br/aovivo/radio-mundial-1/32928"
      }
    ],
    "first": {
      "datetime": "2015-09-20T07:41:28Z",
      "uri": "http://web.archive.org/web/20150920074128/http://www.radios.com.br/aovivo/Radio-Mundial-1/32928"
    },
    "last": {
      "datetime": "2017-09-08T06:48:04Z",
      "uri": "http://web.archive.org/web/20170908064804/https://www.radios.com.br/aovivo/radio-mundial-1/32928"
    }
  },
  "timemap_uri": {
    "link_format": "https://memgator.cs.odu.edu/timemap/link/http://www.radios.com.br/aovivo/Radio-Mundial-1/32928",
    "json_format": "https://memgator.cs.odu.edu/timemap/json/http://www.radios.com.br/aovivo/Radio-Mundial-1/32928",
    "cdxj_format": "https://memgator.cs.odu.edu/timemap/cdxj/http://www.radios.com.br/aovivo/Radio-Mundial-1/32928"
  },
  "timegate_uri": "https://memgator.cs.odu.edu/timegate/http://www.radios.com.br/aovivo/Radio-Mundial-1/32928"
}