{
  "original_uri": "http://americafans.com/index.php/hillary-clinton-plays-dump-asked-donna-brazile-bombshell-video/",
  "self": "https://memgator.cs.odu.edu/timemap/json/http://americafans.com/index.php/hillary-clinton-plays-dump-asked-donna-brazile-bombshell-video/",
  "mementos": {
    "list": [
      {
        "datetime": "2018-01-21T04:06:58Z",
        "uri": "http://web.archive.org/web/20180121040658/http://americafans.com/index.php/hillary-clinton-plays-dump-asked-donna-brazile-bombshell-video/"
      }
    ],
    "first": {
      "datetime": "2018-01-21T04:06:58Z",
      "uri": "http://web.archive.org/web/20180121040658/http://americafans.com/index.php/hillary-clinton-plays-dump-asked-donna-brazile-bombshell-video/"
    },
    "last": {
      "datetime": "2018-01-21T04:06:58Z",
      "uri": "http://web.archive.org/web/20180121040658/http://americafans.com/index.php/hillary-clinton-plays-dump-asked-donna-brazile-bombshell-video/"
    }
  },
  "timemap_uri": {
    "link_format": "https://memgator.cs.odu.edu/timemap/link/http://americafans.com/index.php/hillary-clinton-plays-dump-asked-donna-brazile-bombshell-video/",
    "json_format": "https://memgator.cs.odu.edu/timemap/json/http://americafans.com/index.php/hillary-clinton-plays-dump-asked-donna-brazile-bombshell-video/",
    "cdxj_format": "https://memgator.cs.odu.edu/timemap/cdxj/http://americafans.com/index.php/hillary-clinton-plays-dump-asked-donna-brazile-bombshell-video/"
  },
  "timegate_uri": "https://memgator.cs.odu.edu/timegate/http://americafans.com/index.php/hillary-clinton-plays-dump-asked-donna-brazile-bombshell-video/"
}