{
  "original_uri": "http://SomaFM.com/lush",
  "self": "https://memgator.cs.odu.edu/timemap/json/http://SomaFM.com/lush",
  "mementos": {
    "list": [
      {
        "datetime": "2008-12-06T15:09:44Z",
        "uri": "http://web.archive.org/web/20081206150944/http://somafm.com:80/lush"
      },
      {
        "datetime": "2009-04-02T21:46:55Z",
        "uri": "http://web.archive.org/web/20090402214655/http://somafm.com:80/lush"
      },
      {
        "datetime": "2010-04-23T07:34:53Z",
        "uri": "http://web.archive.org/web/20100423073453/http://somafm.com:80/lush"
      },
      {
        "datetime": "2011-05-05T17:20:34Z",
        "uri": "http://web.archive.org/web/20110505172034/http://somafm.com:80/lush/"
      },
      {
        "datetime": "2011-06-15T21:46:13Z",
        "uri": "http://web.archive.org/web/20110615214613/http://somafm.com:80/lush/"
      },
      {
        "datetime": "2011-06-15T21:46:13Z",
        "uri": "http://web.archive.org/web/20110615214613/http://somafm.com:80/lush"
      },
      {
        "datetime": "2011-06-29T05:59:13Z",
        "uri": "http://web.archive.org/web/20110629055913/http://somafm.com:80/lush/"
      },
      {
        "datetime": "2011-06-29T05:59:13Z",
        "uri": "http://web.archive.org/web/20110629055913/http://somafm.com:80/lush"
      },
      {
        "datetime": "2011-07-05T09:59:50Z",
        "uri": "http://web.archive.org/web/20110705095950/http://somafm.com:80/lush/"
      },
      {
        "datetime": "2011-07-13T12:21:27Z",
        "uri": "http://web.archive.org/web/20110713122127/http://somafm.com:80/lush/"
      },
      {
        "datetime": "2011-07-13T12:21:27Z",
        "uri": "http://web.archive.org/web/20110713122127/http://somafm.com:80/lush"
      },
      {
        "datetime": "2011-08-04T04:04:04Z",
        "uri": "http://web.archive.org/web/20110804040404/http://somafm.com:80/lush/"
      },
      {
        "datetime": "2011-08-04T04:04:04Z",
        "uri": "http://web.archive.org/web/20110804040404/http://somafm.com:80/lush"
      },
      {
        "datetime": "2011-08-12T03:08:22Z",
        "uri": "http://web.archive.org/web/20110812030822/http://somafm.com/lush/"
      },
      {
        "datetime": "2011-08-25T08:40:00Z",
        "uri": "http://web.archive.org/web/20110825084000/http://somafm.com:80/lush/"
      },
      {
        "datetime": "2011-08-25T08:40:00Z",
        "uri": "http://web.archive.org/web/20110825084000/http://somafm.com:80/lush"
      },
      {
        "datetime": "2011-09-03T21:14:17Z",
        "uri": "http://web.archive.org/web/20110903211417/http://somafm.com:80/lush/"
      },
      {
        "datetime": "2011-09-23T16:20:54Z",
        "uri": "http://web.archive.org/web/20110923162054/http://somafm.com:80/lush/"
      },
      {
        "datetime": "2011-09-23T16:20:54Z",
        "uri": "http://web.archive.org/web/20110923162054/http://somafm.com:80/lush"
      },
      {
        "datetime": "2011-10-06T07:18:43Z",
        "uri": "http://web.archive.org/web/20111006071843/http://somafm.com/lush/"
      },
      {
        "datetime": "2011-10-07T04:48:31Z",
        "uri": "http://web.archive.org/web/20111007044831/http://somafm.com:80/lush/"
      },
      {
        "datetime": "2011-10-07T04:48:31Z",
        "uri": "http://web.archive.org/web/20111007044831/http://somafm.com:80/lush"
      },
      {
        "datetime": "2011-10-16T21:32:54Z",
        "uri": "http://web.archive.org/web/20111016213254/http://somafm.com:80/lush/"
      },
      {
        "datetime": "2011-10-16T21:32:54Z",
        "uri": "http://web.archive.org/web/20111016213254/http://somafm.com:80/lush"
      },
      {
        "datetime": "2011-10-28T13:24:12Z",
        "uri": "http://web.archive.org/web/20111028132412/http://somafm.com:80/lush/"
      },
      {
        "datetime": "2011-10-28T13:24:12Z",
        "uri": "http://web.archive.org/web/20111028132412/http://somafm.com:80/lush"
      },
      {
        "datetime": "2011-11-03T10:08:23Z",
        "uri": "http://web.archive.org/web/20111103100823/http://somafm.com:80/lush/"
      },
      {
        "datetime": "2011-11-08T00:31:33Z",
        "uri": "http://web.archive.org/web/20111108003133/http://somafm.com:80/lush/"
      },
      {
        "datetime": "2011-11-08T00:31:33Z",
        "uri": "http://web.archive.org/web/20111108003133/http://somafm.com:80/lush"
      },
      {
        "datetime": "2011-11-17T06:23:49Z",
        "uri": "http://web.archive.org/web/20111117062349/http://somafm.com:80/lush/"
      },
      {
        "datetime": "2011-11-17T06:23:49Z",
        "uri": "http://web.archive.org/web/20111117062349/http://somafm.com:80/lush"
      },
      {
        "datetime": "2011-11-26T20:49:16Z",
        "uri": "http://web.archive.org/web/20111126204916/http://somafm.com:80/lush/"
      },
      {
        "datetime": "2011-11-26T20:49:16Z",
        "uri": "http://web.archive.org/web/20111126204916/http://somafm.com:80/lush"
      },
      {
        "datetime": "2011-12-07T07:39:30Z",
        "uri": "http://web.archive.org/web/20111207073930/http://somafm.com:80/lush/"
      },
      {
        "datetime": "2011-12-07T07:39:30Z",
        "uri": "http://web.archive.org/web/20111207073930/http://somafm.com:80/lush"
      },
      {
        "datetime": "2011-12-21T02:41:54Z",
        "uri": "http://web.archive.org/web/20111221024154/http://somafm.com:80/lush/"
      },
      {
        "datetime": "2011-12-21T02:41:54Z",
        "uri": "http://web.archive.org/web/20111221024154/http://somafm.com:80/lush"
      },
      {
        "datetime": "2012-01-02T17:59:42Z",
        "uri": "http://web.archive.org/web/20120102175942/http://somafm.com:80/lush/"
      },
      {
        "datetime": "2012-01-07T12:29:54Z",
        "uri": "http://web.archive.org/web/20120107122954/http://somafm.com:80/lush/"
      },
      {
        "datetime": "2012-01-07T12:29:54Z",
        "uri": "http://web.archive.org/web/20120107122954/http://somafm.com:80/lush"
      },
      {
        "datetime": "2012-01-22T17:04:34Z",
        "uri": "http://web.archive.org/web/20120122170434/http://somafm.com:80/lush/"
      },
      {
        "datetime": "2012-01-22T17:04:34Z",
        "uri": "http://web.archive.org/web/20120122170434/http://somafm.com:80/lush"
      },
      {
        "datetime": "2012-02-14T18:45:48Z",
        "uri": "http://web.archive.org/web/20120214184548/http://somafm.com:80/lush/"
      },
      {
        "datetime": "2012-02-14T18:45:48Z",
        "uri": "http://web.archive.org/web/20120214184548/http://somafm.com:80/lush"
      },
      {
        "datetime": "2012-02-29T15:09:01Z",
        "uri": "http://web.archive.org/web/20120229150901/http://somafm.com:80/lush/"
      },
      {
        "datetime": "2012-02-29T15:09:01Z",
        "uri": "http://web.archive.org/web/20120229150901/http://somafm.com:80/lush"
      },
      {
        "datetime": "2012-03-17T15:25:22Z",
        "uri": "http://web.archive.org/web/20120317152522/http://somafm.com:80/lush/"
      },
      {
        "datetime": "2012-03-17T15:25:22Z",
        "uri": "http://web.archive.org/web/20120317152522/http://somafm.com:80/lush"
      },
      {
        "datetime": "2012-04-04T11:33:25Z",
        "uri": "http://web.archive.org/web/20120404113325/http://somafm.com:80/lush/"
      },
      {
        "datetime": "2012-04-04T11:33:25Z",
        "uri": "http://web.archive.org/web/20120404113325/http://somafm.com:80/lush"
      },
      {
        "datetime": "2012-04-20T02:34:34Z",
        "uri": "http://web.archive.org/web/20120420023434/http://somafm.com:80/lush/"
      },
      {
        "datetime": "2012-04-20T02:34:34Z",
        "uri": "http://web.archive.org/web/20120420023434/http://somafm.com:80/lush"
      },
      {
        "datetime": "2012-04-26T16:44:41Z",
        "uri": "http://web.archive.org/web/20120426164441/http://somafm.com/lush/"
      },
      {
        "datetime": "2012-05-01T18:27:52Z",
        "uri": "http://web.archive.org/web/20120501182752/http://somafm.com/lush/"
      },
      {
        "datetime": "2012-05-03T03:16:00Z",
        "uri": "http://web.archive.org/web/20120503031600/http://somafm.com:80/lush/"
      },
      {
        "datetime": "2012-05-03T19:34:39Z",
        "uri": "http://web.archive.org/web/20120503193439/http://somafm.com:80/lush/"
      },
      {
        "datetime": "2012-05-03T19:34:39Z",
        "uri": "http://web.archive.org/web/20120503193439/http://somafm.com:80/lush"
      },
      {
        "datetime": "2012-05-17T10:59:24Z",
        "uri": "http://web.archive.org/web/20120517105924/http://somafm.com:80/lush/"
      },
      {
        "datetime": "2012-05-17T10:59:24Z",
        "uri": "http://web.archive.org/web/20120517105924/http://somafm.com:80/lush"
      },
      {
        "datetime": "2012-06-08T03:42:52Z",
        "uri": "http://web.archive.org/web/20120608034252/http://somafm.com:80/lush/"
      },
      {
        "datetime": "2012-06-08T03:42:52Z",
        "uri": "http://web.archive.org/web/20120608034252/http://somafm.com:80/lush"
      },
      {
        "datetime": "2012-06-22T10:29:44Z",
        "uri": "http://web.archive.org/web/20120622102944/http://somafm.com:80/lush/"
      },
      {
        "datetime": "2012-06-22T10:29:44Z",
        "uri": "http://web.archive.org/web/20120622102944/http://somafm.com:80/lush"
      },
      {
        "datetime": "2012-07-02T22:54:01Z",
        "uri": "http://web.archive.org/web/20120702225401/http://somafm.com:80/lush/"
      },
      {
        "datetime": "2012-07-05T07:59:52Z",
        "uri": "http://web.archive.org/web/20120705075952/http://somafm.com:80/lush/"
      },
      {
        "datetime": "2012-07-05T07:59:52Z",
        "uri": "http://web.archive.org/web/20120705075952/http://somafm.com:80/lush"
      },
      {
        "datetime": "2012-07-31T03:52:16Z",
        "uri": "http://web.archive.org/web/20120731035216/http://somafm.com:80/lush/"
      },
      {
        "datetime": "2012-07-31T03:52:16Z",
        "uri": "http://web.archive.org/web/20120731035216/http://somafm.com:80/lush"
      },
      {
        "datetime": "2012-08-14T11:11:49Z",
        "uri": "http://web.archive.org/web/20120814111149/http://somafm.com:80/lush/"
      },
      {
        "datetime": "2012-08-14T11:11:49Z",
        "uri": "http://web.archive.org/web/20120814111149/http://somafm.com:80/lush"
      },
      {
        "datetime": "2012-08-26T07:50:16Z",
        "uri": "http://web.archive.org/web/20120826075016/http://somafm.com:80/lush/"
      },
      {
        "datetime": "2012-08-26T07:50:16Z",
        "uri": "http://web.archive.org/web/20120826075016/http://somafm.com:80/lush"
      },
      {
        "datetime": "2012-09-01T07:29:50Z",
        "uri": "http://web.archive.org/web/20120901072950/http://somafm.com:80/lush/"
      },
      {
        "datetime": "2012-09-08T06:46:48Z",
        "uri": "http://web.archive.org/web/20120908064648/http://somafm.com:80/lush/"
      },
      {
        "datetime": "2012-09-08T06:46:48Z",
        "uri": "http://web.archive.org/web/20120908064648/http://somafm.com:80/lush"
      },
      {
        "datetime": "2012-09-15T06:48:44Z",
        "uri": "http://web.archive.org/web/20120915064844/http://somafm.com/lush/"
      },
      {
        "datetime": "2012-09-18T23:36:42Z",
        "uri": "http://web.archive.org/web/20120918233642/http://somafm.com/lush/"
      },
      {
        "datetime": "2012-09-19T20:17:56Z",
        "uri": "http://web.archive.org/web/20120919201756/http://somafm.com/lush/"
      },
      {
        "datetime": "2012-09-21T06:55:29Z",
        "uri": "http://web.archive.org/web/20120921065529/http://somafm.com/lush/"
      },
      {
        "datetime": "2012-09-21T18:18:41Z",
        "uri": "http://web.archive.org/web/20120921181841/http://somafm.com/lush/"
      },
      {
        "datetime": "2012-09-23T04:22:43Z",
        "uri": "http://web.archive.org/web/20120923042243/http://somafm.com/lush/"
      },
      {
        "datetime": "2012-09-24T02:36:25Z",
        "uri": "http://web.archive.org/web/20120924023625/http://somafm.com/lush/"
      },
      {
        "datetime": "2012-09-24T09:15:27Z",
        "uri": "http://web.archive.org/web/20120924091527/http://somafm.com/lush/"
      },
      {
        "datetime": "2012-09-24T17:01:28Z",
        "uri": "http://web.archive.org/web/20120924170128/http://somafm.com/lush/"
      },
      {
        "datetime": "2012-09-25T18:46:55Z",
        "uri": "http://web.archive.org/web/20120925184655/http://somafm.com/lush/"
      },
      {
        "datetime": "2012-09-26T13:53:17Z",
        "uri": "http://web.archive.org/web/20120926135317/http://somafm.com/lush/"
      },
      {
        "datetime": "2012-09-29T07:51:00Z",
        "uri": "http://web.archive.org/web/20120929075100/http://somafm.com/lush/"
      },
      {
        "datetime": "2012-09-29T14:27:55Z",
        "uri": "http://web.archive.org/web/20120929142755/http://somafm.com/lush/"
      },
      {
        "datetime": "2012-09-30T10:34:09Z",
        "uri": "http://web.archive.org/web/20120930103409/http://somafm.com/lush/"
      },
      {
        "datetime": "2012-09-30T20:36:44Z",
        "uri": "http://web.archive.org/web/20120930203644/http://somafm.com/lush/"
      },
      {
        "datetime": "2012-10-10T08:17:26Z",
        "uri": "http://web.archive.org/web/20121010081726/http://somafm.com/lush/"
      },
      {
        "datetime": "2012-10-17T09:41:52Z",
        "uri": "http://web.archive.org/web/20121017094152/http://somafm.com:80/lush/"
      },
      {
        "datetime": "2012-10-17T09:41:52Z",
        "uri": "http://web.archive.org/web/20121017094152/http://somafm.com:80/lush"
      },
      {
        "datetime": "2012-10-19T15:55:13Z",
        "uri": "http://web.archive.org/web/20121019155513/http://somafm.com/lush/"
      },
      {
        "datetime": "2012-10-31T04:25:53Z",
        "uri": "http://web.archive.org/web/20121031042553/http://somafm.com:80/lush/"
      },
      {
        "datetime": "2012-10-31T04:25:53Z",
        "uri": "http://web.archive.org/web/20121031042553/http://somafm.com:80/lush"
      },
      {
        "datetime": "2012-11-01T06:13:25Z",
        "uri": "http://web.archive.org/web/20121101061325/http://somafm.com:80/lush/"
      },
      {
        "datetime": "2012-11-14T05:07:25Z",
        "uri": "http://web.archive.org/web/20121114050725/http://somafm.com:80/lush/"
      },
      {
        "datetime": "2012-11-14T05:07:25Z",
        "uri": "http://web.archive.org/web/20121114050725/http://somafm.com:80/lush"
      },
      {
        "datetime": "2012-11-26T04:58:42Z",
        "uri": "http://web.archive.org/web/20121126045842/http://somafm.com:80/lush/"
      },
      {
        "datetime": "2012-11-26T04:58:42Z",
        "uri": "http://web.archive.org/web/20121126045842/http://somafm.com:80/lush"
      },
      {
        "datetime": "2012-12-14T12:06:27Z",
        "uri": "http://web.archive.org/web/20121214120627/http://somafm.com/lush/"
      },
      {
        "datetime": "2012-12-20T12:12:15Z",
        "uri": "http://web.archive.org/web/20121220121215/http://somafm.com/lush/"
      },
      {
        "datetime": "2012-12-21T10:32:51Z",
        "uri": "http://web.archive.org/web/20121221103251/http://somafm.com:80/lush/"
      },
      {
        "datetime": "2012-12-21T10:32:51Z",
        "uri": "http://web.archive.org/web/20121221103251/http://somafm.com:80/lush"
      },
      {
        "datetime": "2013-01-01T03:54:06Z",
        "uri": "http://web.archive.org/web/20130101035406/http://somafm.com:80/lush/"
      },
      {
        "datetime": "2013-01-01T16:49:02Z",
        "uri": "http://web.archive.org/web/20130101164902/http://somafm.com:80/lush/"
      },
      {
        "datetime": "2013-01-01T16:49:02Z",
        "uri": "http://web.archive.org/web/20130101164902/http://somafm.com:80/lush"
      },
      {
        "datetime": "2013-01-15T06:58:33Z",
        "uri": "http://web.archive.org/web/20130115065833/http://somafm.com/lush/"
      },
      {
        "datetime": "2013-01-16T07:22:43Z",
        "uri": "http://web.archive.org/web/20130116072243/http://somafm.com:80/lush/"
      },
      {
        "datetime": "2013-01-16T07:22:43Z",
        "uri": "http://web.archive.org/web/20130116072243/http://somafm.com:80/lush"
      },
      {
        "datetime": "2013-01-28T03:38:42Z",
        "uri": "http://web.archive.org/web/20130128033842/http://somafm.com:80/lush/"
      },
      {
        "datetime": "2013-01-28T03:38:42Z",
        "uri": "http://web.archive.org/web/20130128033842/http://somafm.com:80/lush"
      },
      {
        "datetime": "2013-02-12T07:03:35Z",
        "uri": "http://web.archive.org/web/20130212070335/http://somafm.com:80/lush/"
      },
      {
        "datetime": "2013-02-12T07:03:35Z",
        "uri": "http://web.archive.org/web/20130212070335/http://somafm.com:80/lush"
      },
      {
        "datetime": "2013-03-02T22:47:47Z",
        "uri": "http://web.archive.org/web/20130302224747/http://somafm.com:80/lush/"
      },
      {
        "datetime": "2013-03-08T11:04:22Z",
        "uri": "http://web.archive.org/web/20130308110422/http://somafm.com:80/lush/"
      },
      {
        "datetime": "2013-03-08T11:04:22Z",
        "uri": "http://web.archive.org/web/20130308110422/http://somafm.com:80/lush"
      },
      {
        "datetime": "2013-03-28T08:08:33Z",
        "uri": "http://web.archive.org/web/20130328080833/http://somafm.com:80/lush/"
      },
      {
        "datetime": "2013-03-28T08:08:33Z",
        "uri": "http://web.archive.org/web/20130328080833/http://somafm.com:80/lush"
      },
      {
        "datetime": "2013-04-20T05:00:51Z",
        "uri": "http://web.archive.org/web/20130420050051/http://somafm.com/lush/"
      },
      {
        "datetime": "2013-04-23T18:56:03Z",
        "uri": "http://web.archive.org/web/20130423185603/http://somafm.com/lush/"
      },
      {
        "datetime": "2013-04-30T20:26:04Z",
        "uri": "http://web.archive.org/web/20130430202604/http://somafm.com/lush/"
      },
      {
        "datetime": "2013-05-16T05:08:28Z",
        "uri": "http://web.archive.org/web/20130516050828/http://somafm.com:80/lush/"
      },
      {
        "datetime": "2013-05-16T05:08:28Z",
        "uri": "http://web.archive.org/web/20130516050828/http://somafm.com:80/lush"
      },
      {
        "datetime": "2013-07-09T13:13:53Z",
        "uri": "http://web.archive.org/web/20130709131353/http://somafm.com:80/lush/"
      },
      {
        "datetime": "2013-07-09T13:13:53Z",
        "uri": "http://web.archive.org/web/20130709131353/http://somafm.com:80/lush"
      },
      {
        "datetime": "2013-07-12T03:00:47Z",
        "uri": "http://web.archive.org/web/20130712030047/http://somafm.com:80/lush/"
      },
      {
        "datetime": "2013-07-19T16:20:18Z",
        "uri": "http://web.archive.org/web/20130719162018/http://somafm.com:80/lush/"
      },
      {
        "datetime": "2013-07-19T16:20:18Z",
        "uri": "http://web.archive.org/web/20130719162018/http://somafm.com:80/lush"
      },
      {
        "datetime": "2013-07-30T00:07:59Z",
        "uri": "http://web.archive.org/web/20130730000759/http://somafm.com:80/lush/"
      },
      {
        "datetime": "2013-07-30T00:07:59Z",
        "uri": "http://web.archive.org/web/20130730000759/http://somafm.com:80/lush"
      },
      {
        "datetime": "2013-08-05T19:44:07Z",
        "uri": "http://web.archive.org/web/20130805194407/http://somafm.com/lush/"
      },
      {
        "datetime": "2013-08-14T20:34:35Z",
        "uri": "http://web.archive.org/web/20130814203435/http://somafm.com:80/lush/"
      },
      {
        "datetime": "2013-08-14T20:34:35Z",
        "uri": "http://web.archive.org/web/20130814203435/http://somafm.com:80/lush"
      },
      {
        "datetime": "2013-08-30T15:37:00Z",
        "uri": "http://web.archive.org/web/20130830153700/http://somafm.com:80/lush/"
      },
      {
        "datetime": "2013-08-30T15:37:00Z",
        "uri": "http://web.archive.org/web/20130830153700/http://somafm.com:80/lush"
      },
      {
        "datetime": "2013-09-10T15:13:37Z",
        "uri": "http://web.archive.org/web/20130910151337/http://somafm.com:80/lush/"
      },
      {
        "datetime": "2013-09-17T11:36:36Z",
        "uri": "http://web.archive.org/web/20130917113636/http://somafm.com:80/lush/"
      },
      {
        "datetime": "2013-09-17T11:36:36Z",
        "uri": "http://web.archive.org/web/20130917113636/http://somafm.com:80/lush"
      },
      {
        "datetime": "2013-10-05T15:07:38Z",
        "uri": "http://web.archive.org/web/20131005150738/http://somafm.com:80/lush/"
      },
      {
        "datetime": "2013-10-05T15:07:38Z",
        "uri": "http://web.archive.org/web/20131005150738/http://somafm.com:80/lush"
      },
      {
        "datetime": "2013-10-06T06:38:46Z",
        "uri": "http://web.archive.org/web/20131006063846/http://somafm.com/lush/"
      },
      {
        "datetime": "2013-11-10T02:52:25Z",
        "uri": "http://web.archive.org/web/20131110025225/http://somafm.com:80/lush/"
      },
      {
        "datetime": "2013-11-27T12:47:28Z",
        "uri": "http://web.archive.org/web/20131127124728/http://somafm.com/lush/"
      },
      {
        "datetime": "2014-01-09T20:56:49Z",
        "uri": "http://web.archive.org/web/20140109205649/http://somafm.com:80/lush/"
      },
      {
        "datetime": "2014-02-03T17:15:31Z",
        "uri": "http://web.archive.org/web/20140203171531/http://somafm.com:80/lush/"
      },
      {
        "datetime": "2014-02-03T17:15:31Z",
        "uri": "http://web.archive.org/web/20140203171531/http://somafm.com:80/lush"
      },
      {
        "datetime": "2014-02-05T03:33:00Z",
        "uri": "http://web.archive.org/web/20140205033300/http://somafm.com:80/lush/"
      },
      {
        "datetime": "2014-02-05T03:33:00Z",
        "uri": "http://web.archive.org/web/20140205033300/http://somafm.com:80/lush"
      },
      {
        "datetime": "2014-02-08T00:06:33Z",
        "uri": "http://web.archive.org/web/20140208000633/http://somafm.com/lush/"
      },
      {
        "datetime": "2014-03-01T16:27:35Z",
        "uri": "http://web.archive.org/web/20140301162735/http://somafm.com:80/lush/"
      },
      {
        "datetime": "2014-03-01T16:27:35Z",
        "uri": "http://web.archive.org/web/20140301162735/http://somafm.com:80/lush"
      },
      {
        "datetime": "2014-03-11T07:34:58Z",
        "uri": "http://web.archive.org/web/20140311073458/http://somafm.com:80/lush/"
      },
      {
        "datetime": "2014-05-12T07:37:01Z",
        "uri": "http://web.archive.org/web/20140512073701/http://somafm.com:80/lush/"
      },
      {
        "datetime": "2014-06-25T05:26:30Z",
        "uri": "http://web.archive.org/web/20140625052630/http://somafm.com/lush/"
      },
      {
        "datetime": "2014-11-10T15:48:52Z",
        "uri": "http://web.archive.org/web/20141110154852/http://somafm.com:80/lush/"
      },
      {
        "datetime": "2015-01-10T11:42:22Z",
        "uri": "http://web.archive.org/web/20150110114222/http://somafm.com:80/lush/"
      },
      {
        "datetime": "2015-02-06T06:01:34Z",
        "uri": "http://web.archive.org/web/20150206060134/http://somafm.com:80/lush/"
      },
      {
        "datetime": "2015-02-07T06:13:23Z",
        "uri": "http://web.archive.org/web/20150207061323/http://somafm.com:80/lush/"
      },
      {
        "datetime": "2015-02-07T06:13:23Z",
        "uri": "http://web.archive.org/web/20150207061323/http://somafm.com:80/lush"
      },
      {
        "datetime": "2015-02-10T11:33:14Z",
        "uri": "http://web.archive.org/web/20150210113314/http://somafm.com/lush/"
      },
      {
        "datetime": "2015-02-15T04:39:30Z",
        "uri": "http://web.archive.org/web/20150215043930/http://somafm.com/lush/"
      },
      {
        "datetime": "2015-02-19T01:30:46Z",
        "uri": "http://web.archive.org/web/20150219013046/http://somafm.com:80/lush/"
      },
      {
        "datetime": "2015-02-19T01:30:46Z",
        "uri": "http://web.archive.org/web/20150219013046/http://somafm.com:80/lush"
      },
      {
        "datetime": "2015-02-28T15:25:07Z",
        "uri": "http://web.archive.org/web/20150228152507/http://somafm.com:80/lush/"
      },
      {
        "datetime": "2015-02-28T15:25:07Z",
        "uri": "http://web.archive.org/web/20150228152507/http://somafm.com:80/lush"
      },
      {
        "datetime": "2015-03-10T03:05:48Z",
        "uri": "http://web.archive.org/web/20150310030548/http://somafm.com:80/lush/"
      },
      {
        "datetime": "2015-03-10T03:05:48Z",
        "uri": "http://web.archive.org/web/20150310030548/http://somafm.com:80/lush"
      },
      {
        "datetime": "2015-03-14T23:03:36Z",
        "uri": "http://web.archive.org/web/20150314230336/http://somafm.com/lush/"
      },
      {
        "datetime": "2015-03-21T05:49:21Z",
        "uri": "http://web.archive.org/web/20150321054921/http://somafm.com:80/lush/"
      },
      {
        "datetime": "2015-03-21T05:49:21Z",
        "uri": "http://web.archive.org/web/20150321054921/http://somafm.com:80/lush"
      },
      {
        "datetime": "2015-03-31T07:48:35Z",
        "uri": "http://web.archive.org/web/20150331074835/http://somafm.com:80/lush/"
      },
      {
        "datetime": "2015-03-31T07:48:35Z",
        "uri": "http://web.archive.org/web/20150331074835/http://somafm.com:80/lush"
      },
      {
        "datetime": "2015-04-07T16:06:21Z",
        "uri": "http://web.archive.org/web/20150407160621/http://somafm.com:80/lush/"
      },
      {
        "datetime": "2015-04-29T15:15:51Z",
        "uri": "http://web.archive.org/web/20150429151551/http://somafm.com:80/lush/"
      },
      {
        "datetime": "2015-04-29T15:15:51Z",
        "uri": "http://web.archive.org/web/20150429151551/http://somafm.com:80/lush"
      },
      {
        "datetime": "2015-05-12T08:09:45Z",
        "uri": "http://web.archive.org/web/20150512080945/http://somafm.com:80/lush/"
      },
      {
        "datetime": "2015-05-12T08:09:45Z",
        "uri": "http://web.archive.org/web/20150512080945/http://somafm.com:80/lush"
      },
      {
        "datetime": "2015-06-07T07:40:09Z",
        "uri": "http://web.archive.org/web/20150607074009/http://somafm.com:80/lush/"
      },
      {
        "datetime": "2015-08-08T22:40:04Z",
        "uri": "http://web.archive.org/web/20150808224004/http://somafm.com/lush/"
      },
      {
        "datetime": "2015-08-20T05:09:01Z",
        "uri": "http://web.archive.org/web/20150820050901/http://somafm.com:80/lush/"
      },
      {
        "datetime": "2015-08-20T05:09:01Z",
        "uri": "http://web.archive.org/web/20150820050901/http://somafm.com:80/lush"
      },
      {
        "datetime": "2015-09-02T00:39:25Z",
        "uri": "http://web.archive.org/web/20150902003925/http://somafm.com:80/lush/"
      },
      {
        "datetime": "2015-09-02T00:39:25Z",
        "uri": "http://web.archive.org/web/20150902003925/http://somafm.com:80/lush"
      },
      {
        "datetime": "2015-09-08T12:35:12Z",
        "uri": "http://web.archive.org/web/20150908123512/http://somafm.com:80/lush/"
      },
      {
        "datetime": "2015-09-08T12:35:12Z",
        "uri": "http://web.archive.org/web/20150908123512/http://somafm.com:80/lush"
      },
      {
        "datetime": "2015-09-12T04:07:37Z",
        "uri": "http://web.archive.org/web/20150912040737/http://somafm.com/lush/"
      },
      {
        "datetime": "2015-09-14T03:41:39Z",
        "uri": "http://web.archive.org/web/20150914034139/http://somafm.com:80/lush/"
      },
      {
        "datetime": "2015-09-14T03:41:39Z",
        "uri": "http://web.archive.org/web/20150914034139/http://somafm.com:80/lush"
      },
      {
        "datetime": "2015-09-23T04:56:27Z",
        "uri": "http://web.archive.org/web/20150923045627/http://somafm.com:80/lush/"
      },
      {
        "datetime": "2015-09-23T04:56:27Z",
        "uri": "http://web.archive.org/web/20150923045627/http://somafm.com:80/lush"
      },
      {
        "datetime": "2015-09-30T00:10:43Z",
        "uri": "http://web.archive.org/web/20150930001043/http://somafm.com:80/lush/"
      },
      {
        "datetime": "2015-09-30T00:10:43Z",
        "uri": "http://web.archive.org/web/20150930001043/http://somafm.com:80/lush"
      },
      {
        "datetime": "2015-10-06T14:29:32Z",
        "uri": "http://web.archive.org/web/20151006142932/http://somafm.com:80/lush/"
      },
      {
        "datetime": "2015-10-06T14:29:32Z",
        "uri": "http://web.archive.org/web/20151006142932/http://somafm.com:80/lush"
      },
      {
        "datetime": "2015-10-07T21:20:58Z",
        "uri": "http://web.archive.org/web/20151007212058/http://somafm.com:80/lush/"
      },
      {
        "datetime": "2015-10-15T14:51:41Z",
        "uri": "http://web.archive.org/web/20151015145141/http://somafm.com:80/lush/"
      },
      {
        "datetime": "2015-10-15T14:51:41Z",
        "uri": "http://web.archive.org/web/20151015145141/http://somafm.com:80/lush"
      },
      {
        "datetime": "2015-10-24T09:22:27Z",
        "uri": "http://web.archive.org/web/20151024092227/http://somafm.com:80/lush/"
      },
      {
        "datetime": "2015-10-24T09:22:27Z",
        "uri": "http://web.archive.org/web/20151024092227/http://somafm.com:80/lush"
      },
      {
        "datetime": "2015-11-03T12:09:59Z",
        "uri": "http://web.archive.org/web/20151103120959/http://somafm.com:80/lush/"
      },
      {
        "datetime": "2015-11-03T12:09:59Z",
        "uri": "http://web.archive.org/web/20151103120959/http://somafm.com:80/lush"
      },
      {
        "datetime": "2015-11-16T06:36:01Z",
        "uri": "http://web.archive.org/web/20151116063601/http://somafm.com:80/lush/"
      },
      {
        "datetime": "2015-11-16T06:36:01Z",
        "uri": "http://web.archive.org/web/20151116063601/http://somafm.com:80/lush"
      },
      {
        "datetime": "2015-12-04T20:12:30Z",
        "uri": "http://web.archive.org/web/20151204201230/http://somafm.com:80/lush/"
      },
      {
        "datetime": "2015-12-04T20:12:30Z",
        "uri": "http://web.archive.org/web/20151204201230/http://somafm.com:80/lush"
      },
      {
        "datetime": "2015-12-07T12:01:50Z",
        "uri": "http://web.archive.org/web/20151207120150/http://somafm.com:80/lush/"
      },
      {
        "datetime": "2015-12-23T14:12:00Z",
        "uri": "http://web.archive.org/web/20151223141200/http://somafm.com:80/lush/"
      },
      {
        "datetime": "2015-12-23T14:12:00Z",
        "uri": "http://web.archive.org/web/20151223141200/http://somafm.com:80/lush"
      },
      {
        "datetime": "2016-01-17T01:09:14Z",
        "uri": "http://web.archive.org/web/20160117010914/http://somafm.com:80/lush/"
      },
      {
        "datetime": "2016-01-17T01:09:14Z",
        "uri": "http://web.archive.org/web/20160117010914/http://somafm.com:80/lush"
      },
      {
        "datetime": "2016-02-06T13:19:13Z",
        "uri": "http://web.archive.org/web/20160206131913/http://somafm.com:80/lush/"
      },
      {
        "datetime": "2016-02-06T23:10:57Z",
        "uri": "http://web.archive.org/web/20160206231057/http://somafm.com:80/lush/"
      },
      {
        "datetime": "2016-02-22T16:53:15Z",
        "uri": "http://web.archive.org/web/20160222165315/http://somafm.com:80/lush/"
      },
      {
        "datetime": "2016-02-22T16:53:15Z",
        "uri": "http://web.archive.org/web/20160222165315/http://somafm.com:80/lush"
      },
      {
        "datetime": "2016-03-10T15:45:36Z",
        "uri": "http://web.archive.org/web/20160310154536/http://somafm.com/lush/"
      },
      {
        "datetime": "2016-03-12T07:44:58Z",
        "uri": "http://web.archive.org/web/20160312074458/http://somafm.com/lush"
      },
      {
        "datetime": "2016-03-12T09:13:34Z",
        "uri": "http://web.archive.org/web/20160312091334/http://somafm.com:80/lush/"
      },
      {
        "datetime": "2016-03-12T09:13:34Z",
        "uri": "http://web.archive.org/web/20160312091334/http://somafm.com:80/lush"
      },
      {
        "datetime": "2016-03-17T22:41:45Z",
        "uri": "http://web.archive.org/web/20160317224145/http://somafm.com/lush/"
      },
      {
        "datetime": "2016-03-29T13:40:00Z",
        "uri": "http://web.archive.org/web/20160329134000/http://somafm.com:80/lush/"
      },
      {
        "datetime": "2016-03-29T13:40:00Z",
        "uri": "http://web.archive.org/web/20160329134000/http://somafm.com:80/lush"
      },
      {
        "datetime": "2016-03-31T15:18:54Z",
        "uri": "http://web.archive.org/web/20160331151854/http://somafm.com/lush/"
      },
      {
        "datetime": "2016-04-11T23:56:09Z",
        "uri": "http://web.archive.org/web/20160411235609/http://somafm.com:80/lush/"
      },
      {
        "datetime": "2016-04-11T23:56:09Z",
        "uri": "http://web.archive.org/web/20160411235609/http://somafm.com:80/lush"
      },
      {
        "datetime": "2016-04-23T19:07:37Z",
        "uri": "http://web.archive.org/web/20160423190737/http://somafm.com:80/lush/"
      },
      {
        "datetime": "2016-04-23T19:07:37Z",
        "uri": "http://web.archive.org/web/20160423190737/http://somafm.com:80/lush"
      },
      {
        "datetime": "2016-05-10T05:57:24Z",
        "uri": "http://web.archive.org/web/20160510055724/http://somafm.com:80/lush/"
      },
      {
        "datetime": "2016-05-10T05:57:24Z",
        "uri": "http://web.archive.org/web/20160510055724/http://somafm.com:80/lush"
      },
      {
        "datetime": "2016-05-29T06:35:41Z",
        "uri": "http://web.archive.org/web/20160529063541/http://somafm.com:80/lush/"
      },
      {
        "datetime": "2016-05-29T06:35:41Z",
        "uri": "http://web.archive.org/web/20160529063541/http://somafm.com:80/lush"
      },
      {
        "datetime": "2016-06-08T00:45:03Z",
        "uri": "http://web.archive.org/web/20160608004503/http://somafm.com:80/lush/"
      },
      {
        "datetime": "2016-06-27T18:18:23Z",
        "uri": "http://web.archive.org/web/20160627181823/http://somafm.com:80/lush/"
      },
      {
        "datetime": "2016-06-27T18:18:23Z",
        "uri": "http://web.archive.org/web/20160627181823/http://somafm.com:80/lush"
      },
      {
        "datetime": "2016-07-13T12:53:02Z",
        "uri": "http://web.archive.org/web/20160713125302/http://somafm.com:80/lush/"
      },
      {
        "datetime": "2016-07-13T12:53:02Z",
        "uri": "http://web.archive.org/web/20160713125302/http://somafm.com:80/lush"
      },
      {
        "datetime": "2016-07-28T09:58:44Z",
        "uri": "http://web.archive.org/web/20160728095844/http://somafm.com:80/lush/"
      },
      {
        "datetime": "2016-07-28T09:58:44Z",
        "uri": "http://web.archive.org/web/20160728095844/http://somafm.com:80/lush"
      },
      {
        "datetime": "2016-08-07T20:31:35Z",
        "uri": "http://web.archive.org/web/20160807203135/http://somafm.com:80/lush/"
      },
      {
        "datetime": "2016-08-08T20:37:58Z",
        "uri": "http://web.archive.org/web/20160808203758/http://somafm.com:80/lush/"
      },
      {
        "datetime": "2016-08-08T20:37:58Z",
        "uri": "http://web.archive.org/web/20160808203758/http://somafm.com:80/lush"
      },
      {
        "datetime": "2016-08-20T01:36:49Z",
        "uri": "http://web.archive.org/web/20160820013649/http://somafm.com:80/lush/"
      },
      {
        "datetime": "2016-08-20T01:36:49Z",
        "uri": "http://web.archive.org/web/20160820013649/http://somafm.com:80/lush"
      },
      {
        "datetime": "2016-09-02T03:47:15Z",
        "uri": "http://web.archive.org/web/20160902034715/http://somafm.com:80/lush/"
      },
      {
        "datetime": "2016-09-02T03:47:15Z",
        "uri": "http://web.archive.org/web/20160902034715/http://somafm.com:80/lush"
      },
      {
        "datetime": "2016-09-13T05:36:40Z",
        "uri": "http://web.archive.org/web/20160913053640/https://somafm.com/lush/"
      },
      {
        "datetime": "2016-09-15T19:53:18Z",
        "uri": "http://web.archive.org/web/20160915195318/http://somafm.com:80/lush/"
      },
      {
        "datetime": "2016-09-15T19:53:18Z",
        "uri": "http://web.archive.org/web/20160915195318/http://somafm.com:80/lush"
      },
      {
        "datetime": "2016-09-27T05:36:59Z",
        "uri": "http://web.archive.org/web/20160927053659/http://somafm.com:80/lush/"
      },
      {
        "datetime": "2016-09-27T05:36:59Z",
        "uri": "http://web.archive.org/web/20160927053659/http://somafm.com:80/lush"
      },
      {
        "datetime": "2016-10-07T18:10:07Z",
        "uri": "http://web.archive.org/web/20161007181007/http://somafm.com:80/lush/"
      },
      {
        "datetime": "2016-10-09T23:19:06Z",
        "uri": "http://web.archive.org/web/20161009231906/http://somafm.com:80/lush/"
      },
      {
        "datetime": "2016-10-09T23:19:06Z",
        "uri": "http://web.archive.org/web/20161009231906/http://somafm.com:80/lush"
      },
      {
        "datetime": "2016-10-11T02:20:58Z",
        "uri": "http://web.archive.org/web/20161011022058/http://somafm.com/lush/"
      },
      {
        "datetime": "2016-10-17T07:36:59Z",
        "uri": "http://web.archive.org/web/20161017073659/https://somafm.com/lush/"
      },
      {
        "datetime": "2016-10-24T07:30:29Z",
        "uri": "http://web.archive.org/web/20161024073029/http://somafm.com:80/lush/"
      },
      {
        "datetime": "2016-10-24T07:30:29Z",
        "uri": "http://web.archive.org/web/20161024073029/http://somafm.com:80/lush"
      },
      {
        "datetime": "2016-10-25T17:56:59Z",
        "uri": "http://web.archive.org/web/20161025175659/http://somafm.com:80/lush/"
      },
      {
        "datetime": "2016-10-25T17:56:59Z",
        "uri": "http://web.archive.org/web/20161025175659/http://somafm.com:80/lush"
      },
      {
        "datetime": "2016-10-27T11:21:03Z",
        "uri": "http://web.archive.org/web/20161027112103/https://somafm.com/lush/"
      },
      {
        "datetime": "2016-11-03T18:08:47Z",
        "uri": "http://web.archive.org/web/20161103180847/http://somafm.com/lush/"
      },
      {
        "datetime": "2016-11-11T10:15:17Z",
        "uri": "http://web.archive.org/web/20161111101517/http://somafm.com:80/lush/"
      },
      {
        "datetime": "2016-11-11T10:15:17Z",
        "uri": "http://web.archive.org/web/20161111101517/http://somafm.com:80/lush"
      },
      {
        "datetime": "2016-11-18T23:44:17Z",
        "uri": "http://web.archive.org/web/20161118234417/http://somafm.com:80/lush/"
      },
      {
        "datetime": "2016-11-24T11:06:18Z",
        "uri": "http://web.archive.org/web/20161124110618/http://somafm.com:80/lush/"
      },
      {
        "datetime": "2016-11-24T11:06:18Z",
        "uri": "http://web.archive.org/web/20161124110618/http://somafm.com:80/lush"
      },
      {
        "datetime": "2016-12-16T08:40:22Z",
        "uri": "http://web.archive.org/web/20161216084022/https://somafm.com/lush/"
      },
      {
        "datetime": "2017-01-18T14:25:56Z",
        "uri": "http://web.archive.org/web/20170118142556/http://somafm.com:80/lush/"
      },
      {
        "datetime": "2017-04-10T07:15:29Z",
        "uri": "http://web.archive.org/web/20170410071529/http://somafm.com:80/lush/"
      },
      {
        "datetime": "2017-04-30T06:00:33Z",
        "uri": "http://web.archive.org/web/20170430060033/http://somafm.com:80/lush/"
      },
      {
        "datetime": "2017-04-30T06:00:33Z",
        "uri": "http://web.archive.org/web/20170430060033/http://somafm.com:80/lush"
      },
      {
        "datetime": "2017-05-14T00:43:34Z",
        "uri": "http://web.archive.org/web/20170514004334/http://somafm.com:80/lush/"
      },
      {
        "datetime": "2017-05-14T00:43:34Z",
        "uri": "http://web.archive.org/web/20170514004334/http://somafm.com:80/lush"
      },
      {
        "datetime": "2017-05-17T01:40:08Z",
        "uri": "http://web.archive.org/web/20170517014008/http://somafm.com:80/lush/"
      },
      {
        "datetime": "2017-05-17T01:40:08Z",
        "uri": "http://web.archive.org/web/20170517014008/http://somafm.com:80/lush"
      },
      {
        "datetime": "2017-06-06T03:28:08Z",
        "uri": "http://web.archive.org/web/20170606032808/http://somafm.com/lush/"
      },
      {
        "datetime": "2017-06-07T09:57:02Z",
        "uri": "http://web.archive.org/web/20170607095702/http://somafm.com:80/lush/"
      },
      {
        "datetime": "2017-06-07T09:57:02Z",
        "uri": "http://web.archive.org/web/20170607095702/http://somafm.com:80/lush"
      },
      {
        "datetime": "2017-06-11T04:16:37Z",
        "uri": "http://web.archive.org/web/20170611041637/http://somafm.com:80/lush/"
      },
      {
        "datetime": "2017-06-24T13:04:41Z",
        "uri": "http://web.archive.org/web/20170624130441/http://somafm.com:80/lush/"
      },
      {
        "datetime": "2017-06-24T13:04:41Z",
        "uri": "http://web.archive.org/web/20170624130441/http://somafm.com:80/lush"
      },
      {
        "datetime": "2017-07-18T05:29:03Z",
        "uri": "http://web.archive.org/web/20170718052903/http://somafm.com:80/lush/"
      },
      {
        "datetime": "2017-07-18T05:29:03Z",
        "uri": "http://web.archive.org/web/20170718052903/http://somafm.com:80/lush"
      },
      {
        "datetime": "2017-08-04T07:29:31Z",
        "uri": "http://web.archive.org/web/20170804072931/http://somafm.com:80/lush/"
      },
      {
        "datetime": "2017-08-04T07:29:31Z",
        "uri": "http://web.archive.org/web/20170804072931/http://somafm.com:80/lush"
      },
      {
        "datetime": "2017-08-29T22:09:17Z",
        "uri": "http://web.archive.org/web/20170829220917/http://somafm.com/lush"
      },
      {
        "datetime": "2017-08-30T10:53:22Z",
        "uri": "http://web.archive.org/web/20170830105322/http://somafm.com/lush/"
      },
      {
        "datetime": "2017-11-04T04:20:16Z",
        "uri": "http://web.archive.org/web/20171104042016/http://SomaFM.com/lush"
      },
      {
        "datetime": "2017-11-04T04:20:17Z",
        "uri": "http://web.archive.org/web/20171104042017/http://somafm.com/lush/"
      },
      {
        "datetime": "2017-11-09T02:46:26Z",
        "uri": "http://web.archive.org/web/20171109024626/http://somafm.com/lush"
      },
      {
        "datetime": "2017-11-12T09:55:13Z",
        "uri": "http://web.archive.org/web/20171112095513/http://somafm.com/lush"
      },
      {
        "datetime": "2018-02-01T19:28:16Z",
        "uri": "http://web.archive.org/web/20180201192816/http://somafm.com/lush/"
      }
    ],
    "first": {
      "datetime": "2008-12-06T15:09:44Z",
      "uri": "http://web.archive.org/web/20081206150944/http://somafm.com:80/lush"
    },
    "last": {
      "datetime": "2018-02-01T19:28:16Z",
      "uri": "http://web.archive.org/web/20180201192816/http://somafm.com/lush/"
    }
  },
  "timemap_uri": {
    "link_format": "https://memgator.cs.odu.edu/timemap/link/http://SomaFM.com/lush",
    "json_format": "https://memgator.cs.odu.edu/timemap/json/http://SomaFM.com/lush",
    "cdxj_format": "https://memgator.cs.odu.edu/timemap/cdxj/http://SomaFM.com/lush"
  },
  "timegate_uri": "https://memgator.cs.odu.edu/timegate/http://SomaFM.com/lush"
}