{
  "original_uri": "https://www.datacamp.com/community/tutorials/make-histogram-basic-r",
  "self": "https://memgator.cs.odu.edu/timemap/json/https://www.datacamp.com/community/tutorials/make-histogram-basic-r",
  "mementos": {
    "list": [
      {
        "datetime": "2016-05-16T07:54:00Z",
        "uri": "http://web.archive.org/web/20160516075400/https://www.datacamp.com/community/tutorials/make-histogram-basic-r"
      },
      {
        "datetime": "2016-06-24T04:41:09Z",
        "uri": "http://web.archive.org/web/20160624044109/https://www.datacamp.com/community/tutorials/make-histogram-basic-r"
      },
      {
        "datetime": "2017-07-07T04:15:51Z",
        "uri": "http://web.archive.org/web/20170707041551/https://www.datacamp.com/community/tutorials/make-histogram-basic-r/"
      },
      {
        "datetime": "2017-09-16T16:11:59Z",
        "uri": "http://web.archive.org/web/20170916161159/https://www.datacamp.com/community/tutorials/make-histogram-basic-r"
      }
    ],
    "first": {
      "datetime": "2016-05-16T07:54:00Z",
      "uri": "http://web.archive.org/web/20160516075400/https://www.datacamp.com/community/tutorials/make-histogram-basic-r"
    },
    "last": {
      "datetime": "2017-09-16T16:11:59Z",
      "uri": "http://web.archive.org/web/20170916161159/https://www.datacamp.com/community/tutorials/make-histogram-basic-r"
    }
  },
  "timemap_uri": {
    "link_format": "https://memgator.cs.odu.edu/timemap/link/https://www.datacamp.com/community/tutorials/make-histogram-basic-r",
    "json_format": "https://memgator.cs.odu.edu/timemap/json/https://www.datacamp.com/community/tutorials/make-histogram-basic-r",
    "cdxj_format": "https://memgator.cs.odu.edu/timemap/cdxj/https://www.datacamp.com/community/tutorials/make-histogram-basic-r"
  },
  "timegate_uri": "https://memgator.cs.odu.edu/timegate/https://www.datacamp.com/community/tutorials/make-histogram-basic-r"
}