{
  "original_uri": "https://www.msn.com/en-gb/travel/news/the-countries-where-apostasy-is-punishable-by-death/ar-BBAQgcW?li=AAnZ9Ug",
  "self": "https://memgator.cs.odu.edu/timemap/json/https://www.msn.com/en-gb/travel/news/the-countries-where-apostasy-is-punishable-by-death/ar-BBAQgcW?li=AAnZ9Ug",
  "mementos": {
    "list": [
      {
        "datetime": "2017-05-11T13:49:03Z",
        "uri": "http://web.archive.org/web/20170511134903/http://www.msn.com:80/en-gb/travel/news/the-countries-where-apostasy-is-punishable-by-death/ar-BBAQgcW?li=AAnZ9Ug"
      },
      {
        "datetime": "2017-06-14T01:48:33Z",
        "uri": "http://web.archive.org/web/20170614014833/http://www.msn.com:80/en-gb/travel/news/the-countries-where-apostasy-is-punishable-by-death/ar-BBAQgcW?li=AAnZ9Ug"
      },
      {
        "datetime": "2017-07-16T22:30:15Z",
        "uri": "http://web.archive.org/web/20170716223015/http://www.msn.com:80/en-gb/travel/news/the-countries-where-apostasy-is-punishable-by-death/ar-BBAQgcW?li=AAnZ9Ug"
      }
    ],
    "first": {
      "datetime": "2017-05-11T13:49:03Z",
      "uri": "http://web.archive.org/web/20170511134903/http://www.msn.com:80/en-gb/travel/news/the-countries-where-apostasy-is-punishable-by-death/ar-BBAQgcW?li=AAnZ9Ug"
    },
    "last": {
      "datetime": "2017-07-16T22:30:15Z",
      "uri": "http://web.archive.org/web/20170716223015/http://www.msn.com:80/en-gb/travel/news/the-countries-where-apostasy-is-punishable-by-death/ar-BBAQgcW?li=AAnZ9Ug"
    }
  },
  "timemap_uri": {
    "link_format": "https://memgator.cs.odu.edu/timemap/link/https://www.msn.com/en-gb/travel/news/the-countries-where-apostasy-is-punishable-by-death/ar-BBAQgcW?li=AAnZ9Ug",
    "json_format": "https://memgator.cs.odu.edu/timemap/json/https://www.msn.com/en-gb/travel/news/the-countries-where-apostasy-is-punishable-by-death/ar-BBAQgcW?li=AAnZ9Ug",
    "cdxj_format": "https://memgator.cs.odu.edu/timemap/cdxj/https://www.msn.com/en-gb/travel/news/the-countries-where-apostasy-is-punishable-by-death/ar-BBAQgcW?li=AAnZ9Ug"
  },
  "timegate_uri": "https://memgator.cs.odu.edu/timegate/https://www.msn.com/en-gb/travel/news/the-countries-where-apostasy-is-punishable-by-death/ar-BBAQgcW?li=AAnZ9Ug"
}