{
  "original_uri": "http://www.tnnradio.com",
  "self": "https://memgator.cs.odu.edu/timemap/json/http://www.tnnradio.com",
  "mementos": {
    "list": [
      {
        "datetime": "2011-02-11T23:24:58Z",
        "uri": "http://web.archive.org/web/20110211232458/http://tnnradio.com/"
      },
      {
        "datetime": "2013-07-19T11:35:51Z",
        "uri": "http://web.archive.org/web/20130719113551/http://tnnradio.com/"
      },
      {
        "datetime": "2014-01-03T09:30:54Z",
        "uri": "http://web.archive.org/web/20140103093054/http://tnnradio.com/"
      },
      {
        "datetime": "2014-12-21T21:32:02Z",
        "uri": "http://web.archive.org/web/20141221213202/http://www.tnnradio.com/"
      },
      {
        "datetime": "2015-08-19T08:18:42Z",
        "uri": "http://web.archive.org/web/20150819081842/http://www.tnnradio.com/"
      },
      {
        "datetime": "2016-03-04T20:57:08Z",
        "uri": "http://web.archive.org/web/20160304205708/http://tnnradio.com/"
      },
      {
        "datetime": "2016-03-08T00:10:23Z",
        "uri": "http://web.archive.org/web/20160308001023/http://www.tnnradio.com/"
      },
      {
        "datetime": "2016-05-04T09:38:17Z",
        "uri": "http://web.archive.org/web/20160504093817/http://www.tnnradio.com/"
      },
      {
        "datetime": "2016-08-05T21:00:46Z",
        "uri": "http://web.archive.org/web/20160805210046/http://www.tnnradio.com:80/"
      },
      {
        "datetime": "2016-10-08T14:22:27Z",
        "uri": "http://web.archive.org/web/20161008142227/http://tnnradio.com/"
      },
      {
        "datetime": "2017-06-01T20:35:39Z",
        "uri": "http://web.archive.org/web/20170601203539/http://tnnradio.com/"
      },
      {
        "datetime": "2017-09-07T03:43:30Z",
        "uri": "http://web.archive.org/web/20170907034330/http://tnnradio.com/"
      },
      {
        "datetime": "2017-09-13T15:17:08Z",
        "uri": "http://web.archive.org/web/20170913151708/http://www.tnnradio.com/"
      },
      {
        "datetime": "2017-09-19T09:24:27Z",
        "uri": "http://web.archive.org/web/20170919092427/http://tnnradio.com/"
      },
      {
        "datetime": "2018-01-21T10:03:36Z",
        "uri": "http://web.archive.org/web/20180121100336/http://tnnradio.com/"
      },
      {
        "datetime": "2018-02-03T02:57:24Z",
        "uri": "http://web.archive.org/web/20180203025724/http://www.tnnradio.com/"
      }
    ],
    "first": {
      "datetime": "2011-02-11T23:24:58Z",
      "uri": "http://web.archive.org/web/20110211232458/http://tnnradio.com/"
    },
    "last": {
      "datetime": "2018-02-03T02:57:24Z",
      "uri": "http://web.archive.org/web/20180203025724/http://www.tnnradio.com/"
    }
  },
  "timemap_uri": {
    "link_format": "https://memgator.cs.odu.edu/timemap/link/http://www.tnnradio.com",
    "json_format": "https://memgator.cs.odu.edu/timemap/json/http://www.tnnradio.com",
    "cdxj_format": "https://memgator.cs.odu.edu/timemap/cdxj/http://www.tnnradio.com"
  },
  "timegate_uri": "https://memgator.cs.odu.edu/timegate/http://www.tnnradio.com"
}