{
  "original_uri": "https://www.spinrilla.com/mixtapes/tru-go-getta-lord-g-trapavelli",
  "self": "https://memgator.cs.odu.edu/timemap/json/https://www.spinrilla.com/mixtapes/tru-go-getta-lord-g-trapavelli",
  "mementos": {
    "list": [
      {
        "datetime": "2017-05-15T14:05:51Z",
        "uri": "http://wayback.archive-it.org/all/20170515140551/https://www.spinrilla.com/mixtapes/tru-go-getta-lord-g-trapavelli"
      },
      {
        "datetime": "2017-05-15T14:05:51Z",
        "uri": "http://web.archive.org/web/20170515140551/https://www.spinrilla.com/mixtapes/tru-go-getta-lord-g-trapavelli"
      },
      {
        "datetime": "2017-05-15T14:05:58Z",
        "uri": "http://wayback.archive-it.org/all/20170515140558/https://spinrilla.com/mixtapes/tru-go-getta-lord-g-trapavelli"
      },
      {
        "datetime": "2017-05-15T14:05:58Z",
        "uri": "http://web.archive.org/web/20170515140558/https://spinrilla.com/mixtapes/tru-go-getta-lord-g-trapavelli"
      },
      {
        "datetime": "2017-08-29T20:18:58Z",
        "uri": "http://web.archive.org/web/20170829201858/https://www.spinrilla.com/mixtapes/tru-go-getta-lord-g-trapavelli"
      },
      {
        "datetime": "2017-08-29T22:57:46Z",
        "uri": "http://web.archive.org/web/20170829225746/https://spinrilla.com/mixtapes/tru-go-getta-lord-g-trapavelli"
      },
      {
        "datetime": "2017-11-16T04:02:03Z",
        "uri": "http://web.archive.org/web/20171116040203/https://www.spinrilla.com/mixtapes/tru-go-getta-lord-g-trapavelli"
      }
    ],
    "first": {
      "datetime": "2017-05-15T14:05:51Z",
      "uri": "http://wayback.archive-it.org/all/20170515140551/https://www.spinrilla.com/mixtapes/tru-go-getta-lord-g-trapavelli"
    },
    "last": {
      "datetime": "2017-11-16T04:02:03Z",
      "uri": "http://web.archive.org/web/20171116040203/https://www.spinrilla.com/mixtapes/tru-go-getta-lord-g-trapavelli"
    }
  },
  "timemap_uri": {
    "link_format": "https://memgator.cs.odu.edu/timemap/link/https://www.spinrilla.com/mixtapes/tru-go-getta-lord-g-trapavelli",
    "json_format": "https://memgator.cs.odu.edu/timemap/json/https://www.spinrilla.com/mixtapes/tru-go-getta-lord-g-trapavelli",
    "cdxj_format": "https://memgator.cs.odu.edu/timemap/cdxj/https://www.spinrilla.com/mixtapes/tru-go-getta-lord-g-trapavelli"
  },
  "timegate_uri": "https://memgator.cs.odu.edu/timegate/https://www.spinrilla.com/mixtapes/tru-go-getta-lord-g-trapavelli"
}