{
  "original_uri": "http://medicinehatnews.com/news/national-news/2018/02/02/canadas-famous-groundhogs-issue-clashing-weather-predictions/",
  "self": "https://memgator.cs.odu.edu/timemap/json/http://medicinehatnews.com/news/national-news/2018/02/02/canadas-famous-groundhogs-issue-clashing-weather-predictions/",
  "mementos": {
    "list": [
      {
        "datetime": "2018-02-02T18:59:37Z",
        "uri": "http://web.archive.org/web/20180202185937/http://medicinehatnews.com/news/national-news/2018/02/02/canadas-famous-groundhogs-issue-clashing-weather-predictions/"
      }
    ],
    "first": {
      "datetime": "2018-02-02T18:59:37Z",
      "uri": "http://web.archive.org/web/20180202185937/http://medicinehatnews.com/news/national-news/2018/02/02/canadas-famous-groundhogs-issue-clashing-weather-predictions/"
    },
    "last": {
      "datetime": "2018-02-02T18:59:37Z",
      "uri": "http://web.archive.org/web/20180202185937/http://medicinehatnews.com/news/national-news/2018/02/02/canadas-famous-groundhogs-issue-clashing-weather-predictions/"
    }
  },
  "timemap_uri": {
    "link_format": "https://memgator.cs.odu.edu/timemap/link/http://medicinehatnews.com/news/national-news/2018/02/02/canadas-famous-groundhogs-issue-clashing-weather-predictions/",
    "json_format": "https://memgator.cs.odu.edu/timemap/json/http://medicinehatnews.com/news/national-news/2018/02/02/canadas-famous-groundhogs-issue-clashing-weather-predictions/",
    "cdxj_format": "https://memgator.cs.odu.edu/timemap/cdxj/http://medicinehatnews.com/news/national-news/2018/02/02/canadas-famous-groundhogs-issue-clashing-weather-predictions/"
  },
  "timegate_uri": "https://memgator.cs.odu.edu/timegate/http://medicinehatnews.com/news/national-news/2018/02/02/canadas-famous-groundhogs-issue-clashing-weather-predictions/"
}