{
  "original_uri": "http://www.nationalreview.com/article/454171/ronald-reagan-donald-trump-perils-protectionism-history-lesson",
  "self": "https://memgator.cs.odu.edu/timemap/json/http://www.nationalreview.com/article/454171/ronald-reagan-donald-trump-perils-protectionism-history-lesson",
  "mementos": {
    "list": [
      {
        "datetime": "2017-12-01T16:03:12Z",
        "uri": "http://perma-archives.org/warc/20171201160312/http://www.nationalreview.com/article/454171/ronald-reagan-donald-trump-perils-protectionism-history-lesson"
      },
      {
        "datetime": "2017-12-01T16:03:12Z",
        "uri": "http://web.archive.org/web/20171201160312/http://www.nationalreview.com/article/454171/ronald-reagan-donald-trump-perils-protectionism-history-lesson"
      },
      {
        "datetime": "2017-12-01T20:25:45Z",
        "uri": "http://web.archive.org/web/20171201202545/http://www.nationalreview.com/article/454171/ronald-reagan-donald-trump-perils-protectionism-history-lesson"
      },
      {
        "datetime": "2017-12-01T20:25:45Z",
        "uri": "http://wayback.archive-it.org/all/20171201202545/http://www.nationalreview.com/article/454171/ronald-reagan-donald-trump-perils-protectionism-history-lesson"
      },
      {
        "datetime": "2017-12-02T06:36:49Z",
        "uri": "http://web.archive.org/web/20171202063649/http://www.nationalreview.com/article/454171/ronald-reagan-donald-trump-perils-protectionism-history-lesson"
      },
      {
        "datetime": "2017-12-02T19:35:59Z",
        "uri": "http://wayback.archive-it.org/all/20171202193559/http://www.nationalreview.com/article/454171/ronald-reagan-donald-trump-perils-protectionism-history-lesson"
      },
      {
        "datetime": "2017-12-03T19:34:54Z",
        "uri": "http://wayback.archive-it.org/all/20171203193454/http://www.nationalreview.com/article/454171/ronald-reagan-donald-trump-perils-protectionism-history-lesson"
      },
      {
        "datetime": "2017-12-05T19:12:49Z",
        "uri": "http://wayback.archive-it.org/all/20171205191249/http://www.nationalreview.com/article/454171/ronald-reagan-donald-trump-perils-protectionism-history-lesson"
      },
      {
        "datetime": "2017-12-06T19:11:30Z",
        "uri": "http://wayback.archive-it.org/all/20171206191130/http://www.nationalreview.com/article/454171/ronald-reagan-donald-trump-perils-protectionism-history-lesson"
      },
      {
        "datetime": "2017-12-07T18:55:00Z",
        "uri": "http://wayback.archive-it.org/all/20171207185500/http://www.nationalreview.com/article/454171/ronald-reagan-donald-trump-perils-protectionism-history-lesson"
      },
      {
        "datetime": "2017-12-08T19:51:38Z",
        "uri": "http://wayback.archive-it.org/all/20171208195138/http://www.nationalreview.com/article/454171/ronald-reagan-donald-trump-perils-protectionism-history-lesson"
      },
      {
        "datetime": "2017-12-09T19:19:35Z",
        "uri": "http://wayback.archive-it.org/all/20171209191935/http://www.nationalreview.com/article/454171/ronald-reagan-donald-trump-perils-protectionism-history-lesson"
      },
      {
        "datetime": "2017-12-10T19:17:13Z",
        "uri": "http://wayback.archive-it.org/all/20171210191713/http://www.nationalreview.com/article/454171/ronald-reagan-donald-trump-perils-protectionism-history-lesson"
      },
      {
        "datetime": "2017-12-11T18:58:34Z",
        "uri": "http://wayback.archive-it.org/all/20171211185834/http://www.nationalreview.com/article/454171/ronald-reagan-donald-trump-perils-protectionism-history-lesson"
      },
      {
        "datetime": "2017-12-15T04:11:58Z",
        "uri": "http://wayback.archive-it.org/all/20171215041158/http://www.nationalreview.com/article/454171/ronald-reagan-donald-trump-perils-protectionism-history-lesson"
      },
      {
        "datetime": "2017-12-16T04:04:48Z",
        "uri": "http://wayback.archive-it.org/all/20171216040448/http://www.nationalreview.com/article/454171/ronald-reagan-donald-trump-perils-protectionism-history-lesson"
      },
      {
        "datetime": "2017-12-17T04:10:41Z",
        "uri": "http://wayback.archive-it.org/all/20171217041041/http://www.nationalreview.com/article/454171/ronald-reagan-donald-trump-perils-protectionism-history-lesson"
      },
      {
        "datetime": "2017-12-18T08:19:10Z",
        "uri": "http://wayback.archive-it.org/all/20171218081910/http://www.nationalreview.com/article/454171/ronald-reagan-donald-trump-perils-protectionism-history-lesson"
      },
      {
        "datetime": "2017-12-19T05:09:26Z",
        "uri": "http://wayback.archive-it.org/all/20171219050926/http://www.nationalreview.com/article/454171/ronald-reagan-donald-trump-perils-protectionism-history-lesson"
      },
      {
        "datetime": "2017-12-20T03:47:36Z",
        "uri": "http://wayback.archive-it.org/all/20171220034736/http://www.nationalreview.com/article/454171/ronald-reagan-donald-trump-perils-protectionism-history-lesson"
      },
      {
        "datetime": "2017-12-24T04:14:34Z",
        "uri": "http://wayback.archive-it.org/all/20171224041434/http://www.nationalreview.com/article/454171/ronald-reagan-donald-trump-perils-protectionism-history-lesson"
      },
      {
        "datetime": "2017-12-25T03:58:41Z",
        "uri": "http://wayback.archive-it.org/all/20171225035841/http://www.nationalreview.com/article/454171/ronald-reagan-donald-trump-perils-protectionism-history-lesson"
      },
      {
        "datetime": "2017-12-26T03:56:26Z",
        "uri": "http://wayback.archive-it.org/all/20171226035626/http://www.nationalreview.com/article/454171/ronald-reagan-donald-trump-perils-protectionism-history-lesson"
      },
      {
        "datetime": "2017-12-27T04:04:31Z",
        "uri": "http://wayback.archive-it.org/all/20171227040431/http://www.nationalreview.com/article/454171/ronald-reagan-donald-trump-perils-protectionism-history-lesson"
      },
      {
        "datetime": "2017-12-28T04:19:11Z",
        "uri": "http://wayback.archive-it.org/all/20171228041911/http://www.nationalreview.com/article/454171/ronald-reagan-donald-trump-perils-protectionism-history-lesson"
      },
      {
        "datetime": "2017-12-29T03:19:01Z",
        "uri": "http://wayback.archive-it.org/all/20171229031901/http://www.nationalreview.com/article/454171/ronald-reagan-donald-trump-perils-protectionism-history-lesson"
      },
      {
        "datetime": "2017-12-30T03:58:08Z",
        "uri": "http://wayback.archive-it.org/all/20171230035808/http://www.nationalreview.com/article/454171/ronald-reagan-donald-trump-perils-protectionism-history-lesson"
      },
      {
        "datetime": "2017-12-31T04:45:47Z",
        "uri": "http://wayback.archive-it.org/all/20171231044547/http://www.nationalreview.com/article/454171/ronald-reagan-donald-trump-perils-protectionism-history-lesson"
      },
      {
        "datetime": "2018-01-01T04:03:59Z",
        "uri": "http://wayback.archive-it.org/all/20180101040359/http://www.nationalreview.com/article/454171/ronald-reagan-donald-trump-perils-protectionism-history-lesson"
      },
      {
        "datetime": "2018-01-02T04:05:07Z",
        "uri": "http://wayback.archive-it.org/all/20180102040507/http://www.nationalreview.com/article/454171/ronald-reagan-donald-trump-perils-protectionism-history-lesson"
      },
      {
        "datetime": "2018-01-03T05:23:12Z",
        "uri": "http://wayback.archive-it.org/all/20180103052312/http://www.nationalreview.com/article/454171/ronald-reagan-donald-trump-perils-protectionism-history-lesson"
      },
      {
        "datetime": "2018-01-04T04:54:59Z",
        "uri": "http://wayback.archive-it.org/all/20180104045459/http://www.nationalreview.com/article/454171/ronald-reagan-donald-trump-perils-protectionism-history-lesson"
      },
      {
        "datetime": "2018-01-05T04:34:25Z",
        "uri": "http://wayback.archive-it.org/all/20180105043425/http://www.nationalreview.com/article/454171/ronald-reagan-donald-trump-perils-protectionism-history-lesson"
      },
      {
        "datetime": "2018-01-06T04:34:37Z",
        "uri": "http://wayback.archive-it.org/all/20180106043437/http://www.nationalreview.com/article/454171/ronald-reagan-donald-trump-perils-protectionism-history-lesson"
      },
      {
        "datetime": "2018-01-07T04:16:33Z",
        "uri": "http://wayback.archive-it.org/all/20180107041633/http://www.nationalreview.com/article/454171/ronald-reagan-donald-trump-perils-protectionism-history-lesson"
      },
      {
        "datetime": "2018-01-08T04:00:07Z",
        "uri": "http://wayback.archive-it.org/all/20180108040007/http://www.nationalreview.com/article/454171/ronald-reagan-donald-trump-perils-protectionism-history-lesson"
      },
      {
        "datetime": "2018-01-09T04:53:27Z",
        "uri": "http://wayback.archive-it.org/all/20180109045327/http://www.nationalreview.com/article/454171/ronald-reagan-donald-trump-perils-protectionism-history-lesson"
      },
      {
        "datetime": "2018-01-10T03:45:26Z",
        "uri": "http://wayback.archive-it.org/all/20180110034526/http://www.nationalreview.com/article/454171/ronald-reagan-donald-trump-perils-protectionism-history-lesson"
      },
      {
        "datetime": "2018-01-11T04:11:52Z",
        "uri": "http://wayback.archive-it.org/all/20180111041152/http://www.nationalreview.com/article/454171/ronald-reagan-donald-trump-perils-protectionism-history-lesson"
      },
      {
        "datetime": "2018-01-12T03:42:22Z",
        "uri": "http://wayback.archive-it.org/all/20180112034222/http://www.nationalreview.com/article/454171/ronald-reagan-donald-trump-perils-protectionism-history-lesson"
      },
      {
        "datetime": "2018-01-13T03:24:44Z",
        "uri": "http://wayback.archive-it.org/all/20180113032444/http://www.nationalreview.com/article/454171/ronald-reagan-donald-trump-perils-protectionism-history-lesson"
      },
      {
        "datetime": "2018-01-14T03:18:25Z",
        "uri": "http://wayback.archive-it.org/all/20180114031825/http://www.nationalreview.com/article/454171/ronald-reagan-donald-trump-perils-protectionism-history-lesson"
      },
      {
        "datetime": "2018-01-15T03:18:35Z",
        "uri": "http://wayback.archive-it.org/all/20180115031835/http://www.nationalreview.com/article/454171/ronald-reagan-donald-trump-perils-protectionism-history-lesson"
      },
      {
        "datetime": "2018-01-19T03:16:32Z",
        "uri": "http://wayback.archive-it.org/all/20180119031632/http://www.nationalreview.com/article/454171/ronald-reagan-donald-trump-perils-protectionism-history-lesson"
      },
      {
        "datetime": "2018-01-20T03:43:43Z",
        "uri": "http://wayback.archive-it.org/all/20180120034343/http://www.nationalreview.com/article/454171/ronald-reagan-donald-trump-perils-protectionism-history-lesson"
      },
      {
        "datetime": "2018-01-21T03:43:58Z",
        "uri": "http://wayback.archive-it.org/all/20180121034358/http://www.nationalreview.com/article/454171/ronald-reagan-donald-trump-perils-protectionism-history-lesson"
      },
      {
        "datetime": "2018-01-22T03:39:48Z",
        "uri": "http://wayback.archive-it.org/all/20180122033948/http://www.nationalreview.com/article/454171/ronald-reagan-donald-trump-perils-protectionism-history-lesson"
      },
      {
        "datetime": "2018-01-23T13:36:16Z",
        "uri": "http://wayback.archive-it.org/all/20180123133616/http://www.nationalreview.com/article/454171/ronald-reagan-donald-trump-perils-protectionism-history-lesson"
      },
      {
        "datetime": "2018-01-24T13:03:08Z",
        "uri": "http://wayback.archive-it.org/all/20180124130308/http://www.nationalreview.com/article/454171/ronald-reagan-donald-trump-perils-protectionism-history-lesson"
      },
      {
        "datetime": "2018-01-27T12:24:08Z",
        "uri": "http://wayback.archive-it.org/all/20180127122408/http://www.nationalreview.com/article/454171/ronald-reagan-donald-trump-perils-protectionism-history-lesson"
      },
      {
        "datetime": "2018-01-28T12:50:50Z",
        "uri": "http://wayback.archive-it.org/all/20180128125050/http://www.nationalreview.com/article/454171/ronald-reagan-donald-trump-perils-protectionism-history-lesson"
      },
      {
        "datetime": "2018-01-29T13:08:02Z",
        "uri": "http://wayback.archive-it.org/all/20180129130802/http://www.nationalreview.com/article/454171/ronald-reagan-donald-trump-perils-protectionism-history-lesson"
      },
      {
        "datetime": "2018-01-30T13:06:46Z",
        "uri": "http://wayback.archive-it.org/all/20180130130646/http://www.nationalreview.com/article/454171/ronald-reagan-donald-trump-perils-protectionism-history-lesson"
      }
    ],
    "first": {
      "datetime": "2017-12-01T16:03:12Z",
      "uri": "http://perma-archives.org/warc/20171201160312/http://www.nationalreview.com/article/454171/ronald-reagan-donald-trump-perils-protectionism-history-lesson"
    },
    "last": {
      "datetime": "2018-01-30T13:06:46Z",
      "uri": "http://wayback.archive-it.org/all/20180130130646/http://www.nationalreview.com/article/454171/ronald-reagan-donald-trump-perils-protectionism-history-lesson"
    }
  },
  "timemap_uri": {
    "link_format": "https://memgator.cs.odu.edu/timemap/link/http://www.nationalreview.com/article/454171/ronald-reagan-donald-trump-perils-protectionism-history-lesson",
    "json_format": "https://memgator.cs.odu.edu/timemap/json/http://www.nationalreview.com/article/454171/ronald-reagan-donald-trump-perils-protectionism-history-lesson",
    "cdxj_format": "https://memgator.cs.odu.edu/timemap/cdxj/http://www.nationalreview.com/article/454171/ronald-reagan-donald-trump-perils-protectionism-history-lesson"
  },
  "timegate_uri": "https://memgator.cs.odu.edu/timegate/http://www.nationalreview.com/article/454171/ronald-reagan-donald-trump-perils-protectionism-history-lesson"
}